Player;Role;Team;Opponent Team;Opponent Player;Date;Round;Day;Patch;Stage;No Game;all Games;Format;Game of day;Side;Time;Ban;Ban Opponent;Pick;Pick Opponent;Champion;Champion Opponent;Outcome;Kills Team;Turrets Team;Dragon Team;Baron Team;Level;Kills;Deaths;Assists;KDA;CS;CS in Teams Jungle;CS in Enemy Jungle;CSM;Golds;GPM;GOLD%;Vision Score;Wards placed;Wards destroyed;Control Wards Purchased;Detector Wards Placed;VSPM;WPM;VWPM;WCPM;VS%;Total damage to Champion;Physical Damage;Magic Damage;True Damage;DPM;DMG%;K+A Per Minute;KP%;Solo kills;Double kills;Triple kills;Quadra kills;Penta kills;GD@15;CSD@15;XPD@15;LVLD@15;Objectives Stolen;Damage dealt to turrets;Damage dealt to buildings;Total heal;Total Heals On Teammates;Damage self mitigated;Total Damage Shielded On Teammates;Time ccing others;Total Time CC Dealt;Total damage taken;Total Time Spent Dead;Consumables purchased;Items Purchased;Shutdown bounty collected;Shutdown bounty lost
Bin;TOP;BLG;MDK;Myrwn;03.10.2024;1;1;v14.18;Worlds_MainEvent_24;1;1;1;1;Blue;00:26:36;Nidalee;Ziggs;Vi;Skarner;Gnar;KSante;Win;21;11;4;1;15;3;1;3;6;219;7;0;8.2;11540;434;0.205;23;11;2;3;3;0.86;0.41;0.11;0.08;0.103;15458;12521;2817;120;581;0.191;0.23;0.286;0;0;0;0;0;-176;27;-576;0;0;8519;8519;2627;0;11181;0;26;387;12079;35;4;19;0;50
Wei;JUNGLE;BLG;MDK;Elyoya;03.10.2024;1;1;v14.18;Worlds_MainEvent_24;1;1;1;1;Blue;00:26:36;Jinx;Aurora;Gnar;Syndra;Vi;Skarner;Win;21;11;4;1;14;2;2;16;9;152;132;0;5.7;10328;388;0.183;43;15;7;12;11;1.62;0.56;0.45;0.26;0.192;14695;14103;0;592;552;0.182;0.68;0.857;0;0;0;0;0;299;-1;1111;1;0;6271;6271;15559;0;28792;0;29;217;25413;26;13;27;0;0
Knight;MID;BLG;MDK;Fresskowy;03.10.2024;1;1;v14.18;Worlds_MainEvent_24;1;1;1;1;Blue;00:26:36;Ashe;Ezreal;Ahri;KSante;Ahri;Syndra;Win;21;11;4;1;15;9;1;9;18;218;6;0;8.2;12658;476;0.224;49;18;11;3;3;1.84;0.68;0.11;0.41;0.219;21075;2472;14655;3948;792;0.261;0.68;0.857;0;1;0;0;0;890;25;1117;1;0;5406;5406;4064;0;6396;0;27;109;11270;0;5;25;0;700
Elk;ADCARRY;BLG;MDK;Supa;03.10.2024;1;1;v14.18;Worlds_MainEvent_24;1;1;1;1;Blue;00:26:36;Renata_Glasc;Jhin;Kaisa;Tristana;Kaisa;Tristana;Win;21;11;4;1;15;7;2;9;8;257;17;0;9.7;14595;549;0.259;29;11;8;3;3;1.09;0.41;0.11;0.3;0.129;25068;10988;13800;280;942;0.31;0.6;0.762;0;2;0;0;0;51;-19;-1159;-1;0;10052;10052;4254;0;9455;0;1;60;12863;48;4;21;100;100
ON;SUPPORT;BLG;MDK;Alvaro;03.10.2024;1;1;v14.18;Worlds_MainEvent_24;1;1;1;1;Blue;00:26:36;Poppy;Lucian;Rell;Alistar;Rell;Alistar;Win;21;11;4;1;11;0;4;17;4.3;28;0;0;1.1;7281;274;0.129;80;37;10;11;11;3.01;1.39;0.41;0.38;0.357;4577;777;3072;728;172;0.057;0.64;0.81;0;0;0;0;0;-109;-9;607;1;0;1982;1982;1157;0;12774;1215;32;59;10700;52;13;25;0;0
Myrwn;TOP;MDK;BLG;Bin;03.10.2024;1;1;v14.18;Worlds_MainEvent_24;1;1;1;1;Red;00:26:36;Ziggs;Nidalee;Skarner;Vi;KSante;Gnar;Loss;10;1;0;0;14;3;3;4;2.3;171;0;0;6.4;8551;321;0.203;21;10;2;2;2;0.79;0.38;0.08;0.08;0.119;5387;4434;560;393;203;0.129;0.26;0.7;2;1;0;0;0;176;-27;576;0;0;1939;1939;1004;0;27696;525;13;1312;22004;82;4;22;0;0
Elyoya;JUNGLE;MDK;BLG;Wei;03.10.2024;1;1;v14.18;Worlds_MainEvent_24;1;1;1;1;Red;00:26:36;Aurora;Jinx;Syndra;Gnar;Skarner;Vi;Loss;10;1;0;0;12;1;2;6;3.5;153;134;0;5.8;8011;301;0.19;27;9;7;7;6;1.02;0.34;0.26;0.26;0.153;8908;4813;3695;400;335;0.213;0.26;0.7;0;0;0;0;0;-299;1;-1111;-1;0;0;0;7661;259;35823;0;34;680;24112;62;8;21;0;0
Fresskowy;MID;MDK;BLG;Knight;03.10.2024;1;1;v14.18;Worlds_MainEvent_24;1;1;1;1;Red;00:26:36;Ezreal;Ashe;KSante;Ahri;Syndra;Ahri;Loss;10;1;0;0;13;3;7;2;0.7;207;0;0;7.8;9401;353;0.223;22;8;5;6;5;0.83;0.3;0.23;0.19;0.124;11865;669;11016;180;446;0.284;0.19;0.5;0;0;0;0;0;-890;-25;-1117;-1;0;1907;1907;48;0;7404;0;25;257;16186;201;9;24;50;0
Supa;ADCARRY;MDK;BLG;Elk;03.10.2024;1;1;v14.18;Worlds_MainEvent_24;1;1;1;1;Red;00:26:36;Jhin;Renata_Glasc;Tristana;Kaisa;Tristana;Kaisa;Loss;10;1;0;0;13;3;3;3;2;231;0;0;8.7;10562;397;0.25;34;10;11;3;3;1.28;0.38;0.11;0.41;0.192;12438;11071;1211;156;468;0.298;0.23;0.6;1;0;0;0;0;-51;19;1159;1;0;1024;1024;2698;0;9177;0;4;25;15047;110;4;19;800;100
Alvaro;SUPPORT;MDK;BLG;ON;03.10.2024;1;1;v14.18;Worlds_MainEvent_24;1;1;1;1;Red;00:26:36;Lucian;Poppy;Alistar;Rell;Alistar;Rell;Loss;10;1;0;0;10;0;6;5;0.8;29;0;0;1.1;5644;212;0.134;73;44;10;15;13;2.74;1.65;0.56;0.38;0.412;3152;572;1958;622;118;0.075;0.19;0.5;0;0;0;0;0;109;9;-607;-1;0;221;221;4539;2523;20353;1031;28;59;18219;71;17;28;0;0
369;TOP;TES;T1;Zeus;03.10.2024;1;1;v14.18;Worlds_MainEvent_24;1;1;1;2;Blue;00:30:34;Sejuani;Yone;Aurora;Ashe;Renekton;Jax;Win;14;6;3;0;16;1;3;5;2;240;9;0;7.9;11167;365;0.203;28;9;10;3;3;0.92;0.29;0.1;0.33;0.104;8217;6134;1955;128;269;0.141;0.2;0.429;0;0;0;0;0;-1040;12;-112;0;0;1741;1741;8228;0;19715;0;3;82;24908;74;4;19;0;0
Tian;JUNGLE;TES;T1;Oner;03.10.2024;1;1;v14.18;Worlds_MainEvent_24;1;1;1;2;Blue;00:30:34;Orianna;Tristana;Jhin;Neeko;Skarner;Wukong;Win;14;6;3;0;14;2;1;12;14;176;156;0;5.8;9988;327;0.182;41;13;10;12;11;1.34;0.43;0.39;0.33;0.152;10180;5918;3710;552;333;0.175;0.46;1;0;0;0;0;0;-406;-12;-195;0;0;1690;1690;13798;0;48630;0;34;612;31987;33;13;32;50;0
Creme;MID;TES;T1;Faker;03.10.2024;1;1;v14.18;Worlds_MainEvent_24;1;1;1;2;Blue;00:30:34;Gnar;Ziggs;Renekton;Jax;Aurora;Neeko;Win;14;6;3;0;15;2;1;10;12;227;0;0;7.4;11154;365;0.203;46;8;13;4;4;1.5;0.26;0.13;0.43;0.171;20007;777;18082;1148;655;0.344;0.39;0.857;0;1;0;0;0;-433;-15;-140;0;0;3532;3532;3560;0;6277;0;10;219;12155;28;7;24;300;0
JackeyLove;ADCARRY;TES;T1;Gumayusi;03.10.2024;1;1;v14.18;Worlds_MainEvent_24;1;1;1;2;Blue;00:30:34;Renata_Glasc;Poppy;Rell;Rakan;Jhin;Ashe;Win;14;6;3;0;16;8;2;5;6.5;301;14;0;9.8;15167;496;0.276;40;15;13;7;7;1.31;0.49;0.23;0.43;0.149;16488;11009;5303;176;539;0.284;0.43;0.929;0;2;0;1;0;650;15;707;1;0;8536;8536;2191;0;3458;0;20;148;6615;56;8;27;400;400
meiko;SUPPORT;TES;T1;Keria;03.10.2024;1;1;v14.18;Worlds_MainEvent_24;1;1;1;2;Blue;00:30:34;Viego;Alistar;Skarner;Wukong;Rell;Rakan;Win;14;6;3;0;12;1;3;13;4.7;47;0;0;1.5;7510;246;0.137;114;51;28;15;13;3.73;1.67;0.49;0.92;0.424;3218;477;2103;638;105;0.055;0.46;1;0;0;0;0;0;-110;4;484;1;0;517;517;382;136;13136;0;25;71;11622;55;17;33;0;0
Zeus;TOP;T1;TES;369;03.10.2024;1;1;v14.18;Worlds_MainEvent_24;1;1;1;2;Red;00:30:34;Yone;Sejuani;Ashe;Aurora;Jax;Renekton;Loss;9;2;2;0;15;3;2;3;3;212;12;0;6.9;11457;375;0.224;29;14;3;6;3;0.95;0.46;0.2;0.1;0.108;11005;5627;5294;84;360;0.206;0.2;0.667;0;1;0;0;0;1040;-12;112;0;0;5327;5327;1973;0;14660;0;6;226;17341;39;7;29;400;200
Oner;JUNGLE;T1;TES;Tian;03.10.2024;1;1;v14.18;Worlds_MainEvent_24;1;1;1;2;Red;00:30:34;Tristana;Orianna;Neeko;Jhin;Wukong;Skarner;Loss;9;2;2;0;13;2;3;5;2.3;203;184;0;6.6;10091;330;0.197;50;9;11;9;7;1.64;0.29;0.29;0.36;0.186;7547;6770;573;204;247;0.141;0.23;0.778;0;0;0;0;0;406;12;195;0;0;895;895;14155;0;24420;0;10;168;29087;61;11;30;0;0
Faker;MID;T1;TES;Creme;03.10.2024;1;1;v14.18;Worlds_MainEvent_24;1;1;1;2;Red;00:30:34;Ziggs;Gnar;Jax;Renekton;Neeko;Aurora;Loss;9;2;2;0;14;1;3;6;2.3;229;1;0;7.5;9836;322;0.192;26;6;6;3;3;0.85;0.2;0.1;0.2;0.097;12376;390;11986;0;405;0.232;0.23;0.778;0;0;0;0;0;433;15;140;0;0;500;500;417;0;6361;0;33;247;13637;111;5;20;0;100
Gumayusi;ADCARRY;T1;TES;JackeyLove;03.10.2024;1;1;v14.18;Worlds_MainEvent_24;1;1;1;2;Red;00:30:34;Poppy;Renata_Glasc;Rakan;Rell;Ashe;Jhin;Loss;9;2;2;0;15;3;3;6;3;298;4;0;9.7;13084;428;0.255;42;12;12;5;4;1.37;0.39;0.16;0.39;0.156;18684;17243;1285;156;611;0.35;0.29;1;0;0;0;0;0;-650;-15;-707;-1;0;4436;4436;2962;0;5951;0;33;892;11840;48;7;26;0;450
Keria;SUPPORT;T1;TES;meiko;03.10.2024;1;1;v14.18;Worlds_MainEvent_24;1;1;1;2;Red;00:30:34;Alistar;Viego;Wukong;Skarner;Rakan;Rell;Loss;9;2;2;0;10;0;3;8;2.7;34;0;0;1.1;6786;222;0.132;122;84;12;17;15;3.99;2.75;0.56;0.39;0.454;3731;648;3083;0;122;0.07;0.26;0.889;0;0;0;0;0;110;-4;-484;-1;0;2033;2033;4874;2170;14743;1759;21;75;13128;85;19;31;0;0
Kiin;TOP;GEN;WBG;Breathe;03.10.2024;1;1;v14.18;Worlds_MainEvent_24;1;1;1;3;Blue;00:45:13;Orianna;Ziggs;Smolder;Poppy;Rumble;Jax;Win;19;9;5;1;18;1;2;8;4.5;354;28;0;7.8;16746;370;0.198;40;17;5;11;11;0.88;0.38;0.24;0.11;0.084;25825;269;23610;1946;571;0.229;0.2;0.474;0;0;0;0;0;-616;-12;285;1;0;4057;4057;2580;0;36733;0;14;429;22241;107;13;34;50;0
Canyon;JUNGLE;GEN;WBG;Tarzan;03.10.2024;1;1;v14.18;Worlds_MainEvent_24;1;1;1;3;Blue;00:45:13;Renekton;Aurora;Maokai;Jax;Maokai;Ivern;Win;19;9;5;1;17;1;2;13;7;203;175;0;4.5;13650;302;0.161;59;21;14;18;17;1.3;0.46;0.4;0.31;0.123;11558;751;10288;519;256;0.102;0.31;0.737;0;0;0;0;0;-522;-2;-230;0;0;2451;2451;29755;0;66748;1537;64;623;45609;72;20;35;0;0
Chovy;MID;GEN;WBG;xiaohu;03.10.2024;1;1;v14.18;Worlds_MainEvent_24;1;1;1;3;Blue;00:45:13;Ashe;Yone;Rumble;Lucian;Smolder;Lucian;Win;19;9;5;1;18;9;1;7;16;452;22;0;10;22303;493;0.264;81;20;27;4;4;1.79;0.44;0.09;0.6;0.169;44681;27414;9336;7931;988;0.395;0.35;0.842;0;3;0;0;0;-50;-6;173;1;0;12506;12506;8519;0;26900;0;16;357;21283;61;7;31;450;700
Peyz;ADCARRY;GEN;WBG;Light;03.10.2024;1;1;v14.18;Worlds_MainEvent_24;1;1;1;3;Blue;00:45:13;Nami;Blitzcrank;Kalista;Jinx;Kalista;Jinx;Win;19;9;5;1;18;7;0;8;Perfect_KDA;423;51;0;9.4;20484;453;0.242;78;23;19;10;10;1.73;0.51;0.22;0.42;0.163;21453;16297;2937;2219;474;0.19;0.33;0.789;1;0;0;0;0;-315;-19;-1046;0;0;5992;5992;11993;0;25983;0;13;628;20160;0;13;36;550;0
Lehends;SUPPORT;GEN;WBG;Crisp;03.10.2024;1;1;v14.18;Worlds_MainEvent_24;1;1;1;3;Blue;00:45:13;Nidalee;Jhin;Renata_Glasc;Ivern;Renata_Glasc;Poppy;Win;19;9;5;1;15;1;5;14;3;46;0;0;1;11390;252;0.135;221;151;29;35;35;4.89;3.34;0.77;0.64;0.461;9457;822;2826;5809;209;0.084;0.33;0.789;0;0;0;0;0;473;-10;-179;0;0;3165;3165;1583;0;20341;4338;13;216;22559;168;38;55;250;0
Breathe;TOP;WBG;GEN;Kiin;03.10.2024;1;1;v14.18;Worlds_MainEvent_24;1;1;1;3;Red;00:45:13;Ziggs;Orianna;Poppy;Smolder;Jax;Rumble;Loss;10;4;2;1;18;2;4;5;1.8;379;12;0;8.4;17118;379;0.222;69;26;13;9;8;1.53;0.58;0.2;0.29;0.145;12723;5407;6804;512;281;0.15;0.15;0.7;0;0;0;0;0;616;12;-285;-1;0;5563;5563;6570;0;36350;0;17;274;33967;150;12;33;0;150
Tarzan;JUNGLE;WBG;GEN;Canyon;03.10.2024;1;1;v14.18;Worlds_MainEvent_24;1;1;1;3;Red;00:45:13;Aurora;Renekton;Jax;Maokai;Ivern;Maokai;Loss;10;4;2;1;17;1;4;8;2.3;216;186;0;4.8;13504;299;0.175;85;21;25;20;19;1.88;0.46;0.44;0.55;0.178;7314;1256;4663;1395;162;0.086;0.2;0.9;0;0;0;0;0;522;2;230;0;0;50;50;13390;5141;18801;13999;57;301;22038;145;21;41;0;0
xiaohu;MID;WBG;GEN;Chovy;03.10.2024;1;1;v14.18;Worlds_MainEvent_24;1;1;1;3;Red;00:45:13;Yone;Ashe;Lucian;Rumble;Lucian;Smolder;Loss;10;4;2;1;18;4;4;5;2.3;414;36;0;9.2;18239;403;0.236;68;20;33;4;4;1.5;0.44;0.09;0.73;0.143;31206;25434;5110;662;690;0.367;0.2;0.9;0;0;0;0;0;50;6;-173;-1;0;3399;3399;6451;0;18313;0;3;233;26493;170;7;25;0;550
Light;ADCARRY;WBG;GEN;Peyz;03.10.2024;1;1;v14.18;Worlds_MainEvent_24;1;1;1;3;Red;00:45:13;Blitzcrank;Nami;Jinx;Kalista;Jinx;Kalista;Loss;10;4;2;1;18;3;2;6;4.5;457;28;0;10.1;19081;422;0.247;49;13;26;4;4;1.08;0.29;0.09;0.58;0.103;30992;28716;1576;700;685;0.365;0.2;0.9;0;0;0;0;0;315;19;1046;0;0;1262;1262;8090;0;15154;0;23;136;19788;53;7;27;700;600
Crisp;SUPPORT;WBG;GEN;Lehends;03.10.2024;1;1;v14.18;Worlds_MainEvent_24;1;1;1;3;Red;00:45:13;Jhin;Nidalee;Ivern;Renata_Glasc;Poppy;Renata_Glasc;Loss;10;4;2;1;14;0;5;6;1.2;51;0;0;1.1;9204;204;0.119;206;125;21;34;32;4.56;2.76;0.75;0.46;0.432;2707;1551;648;508;60;0.032;0.13;0.6;0;0;0;0;0;-473;10;179;0;0;595;595;1651;0;25953;1196;12;119;22119;120;36;55;0;0
Oscarinin;TOP;FNC;DK;kingen;03.10.2024;1;1;v14.18;Worlds_MainEvent_24;1;1;1;4;Blue;00:35:36;Vi;Orianna;Yone;Skarner;Renekton;Gnar;Loss;11;4;2;2;17;0;4;4;1;266;8;0;7.5;12055;339;0.186;58;13;23;8;8;1.63;0.37;0.22;0.65;0.185;8307;7079;1144;84;233;0.104;0.11;0.364;0;0;0;0;0;175;23;1219;1;0;1686;1686;6945;0;35836;0;13;252;37166;97;9;29;0;0
Razork;JUNGLE;FNC;DK;Lucid;03.10.2024;1;1;v14.18;Worlds_MainEvent_24;1;1;1;4;Blue;00:35:36;Ziggs;Ivern;Zyra;Gnar;Zyra;Skarner;Loss;11;4;2;2;16;2;3;7;3;245;210;0;6.9;12977;365;0.201;82;31;19;4;4;2.3;0.87;0.11;0.53;0.262;25212;968;20650;3594;708;0.316;0.25;0.818;1;0;0;0;0;-512;16;94;0;1;1920;1920;8403;0;8779;0;45;729;20557;101;6;25;300;0
Humanoid;MID;FNC;DK;ShowMaker;03.10.2024;1;1;v14.18;Worlds_MainEvent_24;1;1;1;4;Blue;00:35:36;Aurora;Smolder;Renekton;Ezreal;Yone;LeBlanc;Loss;11;4;2;2;18;2;4;6;2;320;28;0;9;14622;411;0.226;32;13;8;3;3;0.9;0.37;0.08;0.22;0.102;21021;14581;3930;2510;590;0.264;0.22;0.727;0;0;0;0;0;-120;-12;-570;-1;0;5848;5848;11648;0;38506;0;25;217;36114;134;5;25;200;150
Noah;ADCARRY;FNC;DK;Aiming;03.10.2024;1;1;v14.18;Worlds_MainEvent_24;1;1;1;4;Blue;00:35:36;Syndra;Ashe;Rell;LeBlanc;Kaisa;Ezreal;Loss;11;4;2;2;18;7;2;1;4;356;18;0;10;16765;471;0.259;42;15;12;3;3;1.18;0.42;0.08;0.34;0.134;21009;6129;14778;102;590;0.264;0.22;0.727;1;1;1;0;0;-647;-10;202;0;0;1032;1032;4470;0;12180;0;1;71;13679;28;4;24;500;700
Jun;SUPPORT;FNC;DK;Moham;03.10.2024;1;1;v14.18;Worlds_MainEvent_24;1;1;1;4;Blue;00:35:36;Leona;Kalista;Kaisa;Braum;Rell;Braum;Loss;11;4;2;2;13;0;5;9;1.8;21;0;0;0.6;8263;232;0.128;99;58;5;19;17;2.78;1.63;0.53;0.14;0.316;4171;480;3031;660;117;0.052;0.25;0.818;0;0;0;0;0;-488;-8;186;0;0;0;0;1744;202;20507;838;28;54;16048;123;21;36;0;0
kingen;TOP;DK;FNC;Oscarinin;03.10.2024;1;1;v14.18;Worlds_MainEvent_24;1;1;1;4;Red;00:35:36;Orianna;Vi;Skarner;Yone;Gnar;Renekton;Win;18;7;4;0;18;3;2;11;7;275;16;0;7.7;15104;424;0.228;49;16;15;9;9;1.38;0.45;0.25;0.42;0.157;23814;17668;5788;358;669;0.247;0.39;0.778;0;0;0;0;0;-175;-23;-1219;-1;0;6085;6085;2268;0;26340;0;24;434;24219;85;10;31;700;0
Lucid;JUNGLE;DK;FNC;Razork;03.10.2024;1;1;v14.18;Worlds_MainEvent_24;1;1;1;4;Red;00:35:36;Ivern;Ziggs;Gnar;Zyra;Skarner;Zyra;Win;18;7;4;0;16;4;3;8;4;199;185;0;5.6;11599;326;0.175;47;14;9;13;13;1.32;0.39;0.37;0.25;0.15;9943;5989;3656;298;279;0.103;0.34;0.667;0;0;0;0;0;512;-16;-94;0;0;842;842;14407;0;60654;0;28;750;39154;120;14;30;0;400
ShowMaker;MID;DK;FNC;Humanoid;03.10.2024;1;1;v14.18;Worlds_MainEvent_24;1;1;1;4;Red;00:35:36;Smolder;Aurora;Ezreal;Renekton;LeBlanc;Yone;Win;18;7;4;0;18;6;1;8;14;300;0;0;8.4;15441;434;0.233;54;23;9;10;9;1.52;0.65;0.28;0.25;0.173;37681;1998;33336;2347;1058;0.39;0.39;0.778;0;0;0;0;0;120;12;570;1;0;4418;4418;6128;1822;10533;0;13;81;20301;52;12;35;100;300
Aiming;ADCARRY;DK;FNC;Noah;03.10.2024;1;1;v14.18;Worlds_MainEvent_24;1;1;1;4;Red;00:35:36;Ashe;Syndra;LeBlanc;Rell;Ezreal;Kaisa;Win;18;7;4;0;17;5;3;5;3.3;368;20;0;10.3;16090;452;0.243;31;13;7;4;4;0.87;0.37;0.11;0.2;0.099;19341;14382;4559;400;543;0.2;0.28;0.556;0;0;0;0;0;647;10;-202;0;0;9362;9362;8391;0;12804;0;2;162;20240;129;6;26;50;500
Moham;SUPPORT;DK;FNC;Jun;03.10.2024;1;1;v14.18;Worlds_MainEvent_24;1;1;1;4;Red;00:35:36;Kalista;Leona;Braum;Kaisa;Braum;Rell;Win;18;7;4;0;13;0;3;10;3.3;41;0;0;1.2;8032;226;0.121;132;79;20;22;20;3.71;2.22;0.62;0.56;0.422;5773;597;4736;440;162;0.06;0.28;0.556;0;0;0;0;0;488;8;-186;0;0;2878;2878;442;0;15571;51;31;146;17339;98;24;37;0;0
Impact;TOP;TL;LNG;Zika;03.10.2024;1;1;v14.18;Worlds_MainEvent_24;1;1;1;5;Blue;00:34:33;Yone;Ziggs;Skarner;Rumble;Jax;Rumble;Loss;9;6;2;1;17;4;3;2;2;279;0;0;8.1;14343;415;0.242;35;20;3;6;6;1.01;0.58;0.17;0.09;0.116;11378;7006;4372;0;329;0.164;0.17;0.667;0;0;1;0;0;-505;-13;-548;-1;0;5092;5092;5025;0;28768;0;9;115;25587;92;8;33;400;50
UmTi;JUNGLE;TL;LNG;WeiWei;03.10.2024;1;1;v14.18;Worlds_MainEvent_24;1;1;1;5;Blue;00:34:33;Poppy;Aurora;Jax;Jhin;Skarner;Sejuani;Loss;9;6;2;1;14;2;3;2;1.3;189;165;0;5.5;11269;326;0.19;55;11;16;10;9;1.59;0.32;0.29;0.46;0.183;9811;7586;1981;244;284;0.141;0.12;0.444;0;0;0;0;0;-10;-4;-344;0;0;23;23;14567;0;56671;0;25;575;36430;89;12;30;350;100
APA;MID;TL;LNG;Scout;03.10.2024;1;1;v14.18;Worlds_MainEvent_24;1;1;1;5;Blue;00:34:33;Renekton;Lucian;Kaisa;Tristana;Neeko;Tristana;Loss;9;6;2;1;16;2;5;6;1.6;263;2;0;7.6;12743;369;0.215;42;18;4;4;4;1.22;0.52;0.12;0.12;0.14;18629;740;17814;75;539;0.268;0.23;0.889;0;0;0;0;0;730;29;1833;1;0;4367;4367;1931;0;9793;0;31;196;18988;167;7;24;0;50
Yeon;ADCARRY;TL;LNG;GALA;03.10.2024;1;1;v14.18;Worlds_MainEvent_24;1;1;1;5;Blue;00:34:33;Maokai;Taliyah;Neeko;Rell;Kaisa;Jhin;Loss;9;6;2;1;17;1;3;6;2.3;319;6;0;9.2;13506;391;0.228;53;14;16;5;4;1.53;0.41;0.14;0.46;0.176;26506;10798;15583;125;767;0.382;0.2;0.778;0;0;0;0;0;-831;-1;1046;1;0;4737;4737;5174;0;14283;0;0;2;18517;99;7;26;0;200
CoreJJ;SUPPORT;TL;LNG;Hang;03.10.2024;1;1;v14.18;Worlds_MainEvent_24;1;1;1;5;Blue;00:34:33;Alistar;Nautilus;Leona;Sejuani;Leona;Rell;Loss;9;6;2;1;11;0;6;8;1.3;29;0;0;0.8;7450;216;0.126;116;58;12;20;18;3.36;1.68;0.58;0.35;0.385;3096;511;2230;355;90;0.045;0.23;0.889;0;0;0;0;0;-426;0;-256;-1;0;0;0;1616;0;23950;1578;20;44;17591;177;23;36;0;0
Zika;TOP;LNG;TL;Impact;03.10.2024;1;1;v14.18;Worlds_MainEvent_24;1;1;1;5;Red;00:34:33;Ziggs;Yone;Rumble;Skarner;Rumble;Jax;Win;20;9;2;1;18;6;3;10;5.3;265;28;0;7.7;14819;429;0.221;34;13;4;7;7;0.98;0.38;0.2;0.12;0.104;21560;706;20570;284;624;0.244;0.46;0.8;0;1;0;0;0;505;13;548;1;0;3549;3549;4254;0;27468;0;13;441;26569;121;9;30;200;400
WeiWei;JUNGLE;LNG;TL;UmTi;03.10.2024;1;1;v14.18;Worlds_MainEvent_24;1;1;1;5;Red;00:34:33;Aurora;Poppy;Jhin;Jax;Sejuani;Skarner;Win;20;9;2;1;16;0;1;17;17;212;168;0;6.1;11496;333;0.171;69;15;20;15;13;2;0.43;0.43;0.58;0.21;11193;6270;4189;734;324;0.127;0.49;0.85;0;0;0;0;0;10;4;344;0;0;724;724;15848;346;47612;1621;29;486;36362;47;16;33;0;0
Scout;MID;LNG;TL;APA;03.10.2024;1;1;v14.18;Worlds_MainEvent_24;1;1;1;5;Red;00:34:33;Lucian;Renekton;Tristana;Kaisa;Tristana;Neeko;Win;20;9;2;1;18;5;1;10;15;316;56;0;9.1;16034;464;0.239;55;13;19;3;3;1.59;0.38;0.09;0.55;0.168;24878;21618;1632;1628;720;0.282;0.43;0.75;0;0;0;0;0;-730;-29;-1833;-1;0;7908;7908;6453;0;13879;0;12;247;19950;16;4;27;150;0
GALA;ADCARRY;LNG;TL;Yeon;03.10.2024;1;1;v14.18;Worlds_MainEvent_24;1;1;1;5;Red;00:34:33;Taliyah;Maokai;Rell;Neeko;Jhin;Kaisa;Win;20;9;2;1;17;9;1;9;18;316;9;0;9.1;16572;480;0.247;42;8;11;1;1;1.22;0.23;0.03;0.32;0.128;24683;21071;3120;492;714;0.28;0.52;0.9;0;1;1;0;0;831;1;-1046;-1;0;6052;6052;4640;0;6218;0;38;220;10949;43;2;18;50;350
Hang;SUPPORT;LNG;TL;CoreJJ;03.10.2024;1;1;v14.18;Worlds_MainEvent_24;1;1;1;5;Red;00:34:33;Nautilus;Alistar;Sejuani;Leona;Rell;Leona;Win;20;9;2;1;13;0;3;15;5;32;0;0;0.9;8276;240;0.123;128;63;18;16;14;3.7;1.82;0.46;0.52;0.39;5910;659;3819;1432;171;0.067;0.43;0.75;0;0;0;0;0;426;0;256;1;0;2545;2545;897;0;21100;0;38;99;15562;69;19;34;0;0
Doran;TOP;HLE;PSG;Azhi;03.10.2024;1;1;v14.18;Worlds_MainEvent_24;1;1;1;6;Blue;00:28:55;Skarner;Poppy;Yone;Sejuani;Gnar;Jax;Win;17;9;2;1;16;5;1;10;15;250;20;0;8.6;13109;453;0.22;34;11;8;7;7;1.18;0.38;0.24;0.28;0.123;18861;15731;2632;498;652;0.243;0.52;0.882;0;0;1;0;0;493;49;-417;0;0;7792;7792;2179;0;16697;0;30;394;16403;25;8;26;0;0
Peanut;JUNGLE;HLE;PSG;JunJia;03.10.2024;1;1;v14.18;Worlds_MainEvent_24;1;1;1;6;Blue;00:28:55;Aurora;Ziggs;Maokai;Jax;Maokai;Sejuani;Win;17;9;2;1;14;0;3;14;4.7;160;150;0;5.5;9145;316;0.154;32;9;8;7;7;1.11;0.31;0.24;0.28;0.116;9466;606;7917;943;327;0.122;0.48;0.824;0;0;0;0;0;-716;-21;-585;-1;0;2426;2426;20043;0;31696;291;42;649;31326;36;8;25;0;0
Zeka;MID;HLE;PSG;Maple;03.10.2024;1;1;v14.18;Worlds_MainEvent_24;1;1;1;6;Blue;00:28:55;LeBlanc;Vi;Gnar;Akali;Yone;Akali;Win;17;9;2;1;16;6;3;9;5;259;12;0;9;13671;473;0.23;34;13;8;8;8;1.18;0.45;0.28;0.28;0.123;24648;17797;4253;2598;852;0.317;0.52;0.882;0;1;0;0;0;750;-15;-791;0;0;6367;6367;2935;0;17517;0;20;183;18958;110;10;30;50;250
Viper;ADCARRY;HLE;PSG;Betty;03.10.2024;1;1;v14.18;Worlds_MainEvent_24;1;1;1;6;Blue;00:28:55;Jhin;Ashe;Xayah;Kaisa;Xayah;Kaisa;Win;17;9;2;1;16;6;1;6;12;345;34;0;11.9;15510;536;0.261;49;13;14;4;4;1.69;0.45;0.14;0.48;0.178;20131;19849;0;282;696;0.259;0.41;0.706;0;0;1;0;0;188;4;299;0;0;6439;6439;4194;0;5618;0;13;134;9636;32;5;23;0;150
Delight;SUPPORT;HLE;PSG;Woody;03.10.2024;1;1;v14.18;Worlds_MainEvent_24;1;1;1;6;Blue;00:28:55;Nautilus;Ezreal;Rakan;Alistar;Rakan;Alistar;Win;17;9;2;1;13;0;1;13;13;37;0;0;1.3;8024;277;0.135;127;76;16;14;12;4.39;2.63;0.48;0.55;0.46;4644;821;3795;28;161;0.06;0.45;0.765;0;0;0;0;0;497;-4;75;1;0;7393;7393;4296;2883;14217;2598;26;85;7999;0;16;31;0;0
Azhi;TOP;PSG;HLE;Doran;03.10.2024;1;1;v14.18;Worlds_MainEvent_24;1;1;1;6;Red;00:28:55;Poppy;Skarner;Sejuani;Yone;Jax;Gnar;Loss;9;0;1;0;15;2;4;4;1.5;178;4;0;6.2;9032;312;0.193;26;17;2;7;6;0.9;0.59;0.24;0.07;0.117;8838;4265;4477;96;306;0.168;0.21;0.667;0;0;0;0;0;-493;-49;417;0;0;0;0;2153;0;22215;0;9;67;22893;156;9;26;0;0
JunJia;JUNGLE;PSG;HLE;Peanut;03.10.2024;1;1;v14.18;Worlds_MainEvent_24;1;1;1;6;Red;00:28:55;Ziggs;Aurora;Jax;Maokai;Sejuani;Maokai;Loss;9;0;1;0;13;1;4;5;1.5;159;140;0;5.5;8537;295;0.183;46;15;14;16;13;1.59;0.52;0.55;0.48;0.207;7674;4496;2782;396;265;0.146;0.21;0.667;0;0;0;0;0;716;21;585;1;0;0;0;12683;160;31883;0;20;321;32014;85;16;30;0;0
Maple;MID;PSG;HLE;Zeka;03.10.2024;1;1;v14.18;Worlds_MainEvent_24;1;1;1;6;Red;00:28:55;Vi;LeBlanc;Akali;Gnar;Akali;Yone;Loss;9;0;1;0;15;3;5;3;1.2;252;0;0;8.7;10842;375;0.232;28;8;10;6;5;0.97;0.28;0.21;0.35;0.126;18233;1045;16193;995;631;0.347;0.21;0.667;0;0;0;0;0;-750;15;791;0;0;211;211;77;0;12669;0;1;74;20799;208;8;21;250;0
Betty;ADCARRY;PSG;HLE;Viper;03.10.2024;1;1;v14.18;Worlds_MainEvent_24;1;1;1;6;Red;00:28:55;Ashe;Jhin;Kaisa;Xayah;Kaisa;Xayah;Loss;9;0;1;0;15;2;2;1;1.5;329;4;0;11.4;12021;416;0.257;39;12;17;4;4;1.35;0.41;0.14;0.59;0.176;14913;10600;3777;536;516;0.283;0.1;0.333;0;0;0;0;0;-188;-4;-299;0;0;8;8;3662;0;9654;0;2;31;14305;75;5;21;0;50
Woody;SUPPORT;PSG;HLE;Delight;03.10.2024;1;1;v14.18;Worlds_MainEvent_24;1;1;1;6;Red;00:28:55;Ezreal;Nautilus;Alistar;Rakan;Alistar;Rakan;Loss;9;0;1;0;11;1;2;4;2.5;36;0;0;1.2;6260;216;0.134;83;48;10;15;13;2.87;1.66;0.52;0.35;0.374;2957;246;2033;678;102;0.056;0.17;0.556;0;0;0;0;0;-497;4;-75;-1;0;0;0;5161;3128;26429;522;24;49;11440;69;17;30;150;0
Kiaya;TOP;GAM;FLY;Bwipo;03.10.2024;1;1;v14.18;Worlds_MainEvent_24;1;1;1;7;Blue;00:27:41;Skarner;Aurora;Vi;Kalista;Gnar;Sion;Loss;1;3;2;0;15;0;2;0;0;242;14;0;8.7;9844;356;0.223;22;11;2;3;2;0.79;0.4;0.11;0.07;0.098;13668;8834;4572;262;494;0.352;0;0;0;0;0;0;0;-1767;-33;-635;-1;0;2571;2571;1578;0;12786;0;18;334;15583;45;4;20;0;0
Levi;JUNGLE;GAM;FLY;Inspired;03.10.2024;1;1;v14.18;Worlds_MainEvent_24;1;1;1;7;Blue;00:27:41;Ashe;Shyvana;Poppy;Ivern;Vi;Ivern;Loss;1;3;2;0;14;0;2;1;0.5;183;165;0;6.6;8912;322;0.202;31;5;9;5;3;1.12;0.18;0.18;0.33;0.138;2767;2667;0;100;100;0.071;0.04;1;0;0;0;0;0;-398;-6;302;1;0;6906;6906;12366;0;25500;0;8;249;23719;42;6;21;0;0
Emo;MID;GAM;FLY;Quad;03.10.2024;1;1;v14.18;Worlds_MainEvent_24;1;1;1;7;Blue;00:27:41;Renekton;Ziggs;Jhin;Leona;Akali;Orianna;Loss;1;3;2;0;15;0;1;0;0;255;0;0;9.2;9254;334;0.209;24;9;6;5;4;0.87;0.33;0.18;0.22;0.107;6287;208;6079;0;227;0.162;0;0;0;0;0;0;0;-1023;-17;-858;-1;0;0;0;3863;0;12958;0;2;109;20502;0;7;23;0;0
EasyLove;ADCARRY;GAM;FLY;Massu;03.10.2024;1;1;v14.18;Worlds_MainEvent_24;1;1;1;7;Blue;00:27:41;Jax;Ahri;Akali;Orianna;Jhin;Kalista;Loss;1;3;2;0;14;1;0;0;Perfect_KDA;262;0;0;9.5;10091;365;0.228;20;10;3;3;2;0.72;0.36;0.11;0.11;0.089;12255;9634;2469;152;443;0.315;0.04;1;0;0;0;0;0;-258;-16;-290;-1;0;761;761;2915;0;4280;0;21;137;9860;0;4;18;0;0
Elio;SUPPORT;GAM;FLY;Busio;03.10.2024;1;1;v14.18;Worlds_MainEvent_24;1;1;1;7;Blue;00:27:41;KSante;Rumble;Gnar;Sion;Poppy;Leona;Loss;1;3;2;0;10;0;3;1;0.3;37;0;0;1.3;6093;220;0.138;128;67;18;12;11;4.62;2.42;0.43;0.65;0.569;3901;2982;383;536;141;0.1;0.04;1;0;0;0;0;0;123;1;373;1;0;222;222;333;0;8055;0;16;110;8669;77;14;27;0;0
Bwipo;TOP;FLY;GAM;Kiaya;03.10.2024;1;1;v14.18;Worlds_MainEvent_24;1;1;1;7;Red;00:27:41;Aurora;Skarner;Kalista;Vi;Sion;Gnar;Win;8;8;2;1;16;0;1;6;6;227;0;0;8.2;10460;378;0.197;29;12;3;6;4;1.05;0.43;0.22;0.11;0.129;13120;7756;5132;232;474;0.244;0.22;0.75;0;0;0;0;0;1767;33;635;1;0;8735;8735;4257;0;49602;0;31;612;21755;11;7;21;0;0
Inspired;JUNGLE;FLY;GAM;Levi;03.10.2024;1;1;v14.18;Worlds_MainEvent_24;1;1;1;7;Red;00:27:41;Shyvana;Ashe;Ivern;Poppy;Ivern;Vi;Win;8;8;2;1;15;0;0;7;Perfect_KDA;198;184;0;7.2;10104;365;0.19;32;5;8;3;3;1.16;0.18;0.11;0.29;0.143;4395;1116;2657;622;159;0.082;0.25;0.875;0;0;0;0;0;398;6;-302;-1;0;1042;1042;8884;3422;4159;9187;26;204;4867;0;3;13;0;0
Quad;MID;FLY;GAM;Emo;03.10.2024;1;1;v14.18;Worlds_MainEvent_24;1;1;1;7;Red;00:27:41;Ziggs;Renekton;Leona;Jhin;Orianna;Akali;Win;8;8;2;1;16;4;0;3;Perfect_KDA;299;0;0;10.8;13803;499;0.259;26;14;7;4;4;0.94;0.51;0.14;0.25;0.116;17214;1737;15365;112;622;0.32;0.25;0.875;0;1;0;0;0;1023;17;858;1;0;7635;7635;112;0;6353;1725;18;361;5643;0;6;23;0;0
Massu;ADCARRY;FLY;GAM;EasyLove;03.10.2024;1;1;v14.18;Worlds_MainEvent_24;1;1;1;7;Red;00:27:41;Ahri;Jax;Orianna;Akali;Kalista;Jhin;Win;8;8;2;1;15;4;0;4;Perfect_KDA;284;9;0;10.3;12275;443;0.231;31;10;10;3;3;1.12;0.36;0.11;0.36;0.138;14925;11712;2743;470;539;0.278;0.29;1;0;1;0;0;0;258;16;290;1;0;5212;5212;6509;0;9926;0;13;364;11478;0;4;21;0;0
Busio;SUPPORT;FLY;GAM;Elio;03.10.2024;1;1;v14.18;Worlds_MainEvent_24;1;1;1;7;Red;00:27:41;Rumble;KSante;Sion;Gnar;Leona;Poppy;Win;8;8;2;1;11;0;0;7;Perfect_KDA;41;0;0;1.5;6561;237;0.123;106;42;19;10;9;3.83;1.52;0.36;0.69;0.473;4128;807;2493;828;149;0.077;0.25;0.875;0;0;0;0;0;-123;-1;-373;-1;0;208;208;1375;127;14612;341;21;49;9863;0;12;26;0;0
Brokenblade;TOP;G2;PNG;Wizer;03.10.2024;1;1;v14.18;Worlds_MainEvent_24;1;1;1;8;Blue;00:33:28;Jax;Poppy;Rell;Aurora;Yasuo;Aurora;Win;19;11;3;1;18;6;1;8;14;300;10;0;9;15218;455;0.213;61;17;13;5;5;1.82;0.51;0.15;0.39;0.162;15490;13527;1747;216;463;0.181;0.42;0.737;0;0;0;0;0;790;-7;536;0;0;7675;7675;10593;0;29824;0;21;238;25202;45;7;24;0;150
Yike;JUNGLE;G2;PNG;Cariok;03.10.2024;1;1;v14.18;Worlds_MainEvent_24;1;1;1;8;Blue;00:33:28;Lucian;Orianna;Brand;Maokai;Brand;Maokai;Win;19;11;3;1;17;6;2;10;8;257;218;0;7.7;14386;430;0.202;104;46;29;5;5;3.11;1.37;0.15;0.87;0.277;28287;468;25704;2115;845;0.33;0.48;0.842;0;1;0;0;0;1976;30;1292;1;0;3684;3684;19017;0;16102;0;34;505;29086;48;5;19;0;100
Caps;MID;G2;PNG;dyNquedo;03.10.2024;1;1;v14.18;Worlds_MainEvent_24;1;1;1;8;Blue;00:33:28;Akali;Sejuani;Yone;Smolder;Yone;Smolder;Win;19;11;3;1;18;3;0;4;Perfect_KDA;418;84;0;12.5;17310;517;0.243;29;8;6;4;2;0.87;0.24;0.12;0.18;0.077;15583;10547;2864;2172;466;0.182;0.21;0.368;2;0;0;0;0;669;28;958;0;0;9416;9416;18893;0;32365;0;12;347;27416;0;5;23;0;0
Hans Sama;ADCARRY;G2;PNG;Titan;03.10.2024;1;1;v14.18;Worlds_MainEvent_24;1;1;1;8;Blue;00:33:28;Ashe;Renekton;Jhin;Xayah;Jhin;Xayah;Win;19;11;3;1;18;3;1;11;14;336;8;0;10;14973;447;0.21;48;5;28;2;1;1.43;0.15;0.06;0.84;0.128;22398;20236;2122;40;669;0.261;0.42;0.737;0;0;0;0;0;230;20;755;1;0;4439;4439;6600;0;7448;0;26;110;13418;45;3;20;50;250
Mikyx;SUPPORT;G2;PNG;Kuri;03.10.2024;1;1;v14.18;Worlds_MainEvent_24;1;1;1;8;Blue;00:33:28;Kalista;Draven;Yasuo;Rakan;Rell;Rakan;Win;19;11;3;1;12;1;5;11;2.4;34;0;0;1;9458;283;0.133;134;64;21;17;17;4;1.91;0.51;0.63;0.356;3914;454;2538;922;117;0.046;0.36;0.632;0;0;0;0;0;1127;-11;-601;0;0;3520;3520;1891;0;30028;1551;27;60;19541;108;19;35;0;0
Wizer;TOP;PNG;G2;Brokenblade;03.10.2024;1;1;v14.18;Worlds_MainEvent_24;1;1;1;8;Red;00:33:28;Poppy;Jax;Aurora;Rell;Aurora;Yasuo;Loss;9;0;2;0;15;1;4;3;1;246;3;0;7.4;10509;314;0.189;34;10;19;7;6;1.02;0.3;0.21;0.57;0.113;16613;1601;15012;0;496;0.262;0.12;0.444;0;0;0;0;0;-790;7;-536;0;0;0;0;3410;0;12921;0;7;216;21029;124;9;26;250;0
Cariok;JUNGLE;PNG;G2;Yike;03.10.2024;1;1;v14.18;Worlds_MainEvent_24;1;1;1;8;Red;00:33:28;Orianna;Lucian;Maokai;Brand;Maokai;Brand;Loss;9;0;2;0;13;0;6;7;1.2;152;129;0;4.5;8649;258;0.156;32;12;8;11;10;0.96;0.36;0.33;0.24;0.106;6401;311;5870;220;191;0.101;0.21;0.778;0;0;0;0;0;-1976;-30;-1292;-1;0;0;0;16166;0;38536;1186;39;560;34272;132;13;28;0;0
dyNquedo;MID;PNG;G2;Caps;03.10.2024;1;1;v14.18;Worlds_MainEvent_24;1;1;1;8;Red;00:33:28;Sejuani;Akali;Smolder;Yone;Smolder;Yone;Loss;9;0;2;0;18;5;2;1;3;360;8;0;10.8;14763;441;0.266;29;14;5;6;5;0.87;0.42;0.18;0.15;0.096;24009;14860;5010;4139;717;0.379;0.18;0.667;0;1;0;0;0;-669;-28;-958;0;0;1192;1192;4193;0;15323;0;10;237;20040;45;7;28;150;50
Titan;ADCARRY;PNG;G2;Hans Sama;03.10.2024;1;1;v14.18;Worlds_MainEvent_24;1;1;1;8;Red;00:33:28;Renekton;Ashe;Xayah;Jhin;Xayah;Jhin;Loss;9;0;2;0;17;3;3;3;2;374;13;0;11.2;14298;427;0.258;44;14;13;6;6;1.31;0.42;0.18;0.39;0.146;12812;12648;68;96;383;0.202;0.18;0.667;0;0;0;0;0;-230;-20;-755;-1;0;0;0;3655;0;9890;0;9;66;17422;95;8;25;100;0
Kuri;SUPPORT;PNG;G2;Mikyx;03.10.2024;1;1;v14.18;Worlds_MainEvent_24;1;1;1;8;Red;00:33:28;Draven;Kalista;Rakan;Yasuo;Rakan;Rell;Loss;9;0;2;0;13;0;4;9;2.3;50;0;0;1.5;7248;217;0.131;162;107;26;18;16;4.84;3.2;0.54;0.78;0.538;3577;404;2463;710;107;0.056;0.27;1;0;0;0;0;0;-1127;11;601;0;0;0;0;2967;1220;19765;3451;22;80;15305;95;20;35;0;0
Bin;TOP;BLG;LNG;Zika;04.10.2024;2;2;v14.18;Worlds_MainEvent_24;1;1;1;1;Blue;00:29:40;Skarner;Aurora;Orianna;Rumble;KSante;Rumble;Loss;11;3;1;0;15;5;2;2;3.5;228;8;0;7.7;10652;359;0.216;21;8;3;5;4;0.71;0.27;0.17;0.1;0.095;13091;10515;1173;1403;441;0.216;0.24;0.636;1;0;0;0;0;115;18;90;0;0;0;0;3973;0;38428;24;32;1192;24212;77;6;26;0;100
Wei;JUNGLE;BLG;LNG;WeiWei;04.10.2024;2;2;v14.18;Worlds_MainEvent_24;1;1;1;1;Blue;00:29:40;Renekton;Gnar;Vi;Nocturne;Vi;Nocturne;Loss;11;3;1;0;13;0;6;7;1.2;153;140;0;5.2;8804;297;0.179;52;15;13;15;13;1.75;0.51;0.51;0.44;0.234;7393;6985;0;408;249;0.122;0.24;0.636;0;0;0;0;0;327;-13;-89;0;0;1371;1371;11692;0;31402;0;17;193;29915;181;16;36;0;0
Knight;MID;BLG;LNG;Scout;04.10.2024;2;2;v14.18;Worlds_MainEvent_24;1;1;1;1;Blue;00:29:40;Kindred;Jax;KSante;Yone;Orianna;Yone;Loss;11;3;1;0;14;2;5;3;1;230;4;0;7.8;10221;345;0.207;28;8;12;4;4;0.94;0.27;0.13;0.4;0.126;17202;1245;15957;0;580;0.283;0.17;0.455;0;0;0;0;0;525;4;-477;0;0;611;611;628;0;9943;1306;24;306;16400;174;6;17;0;150
Elk;ADCARRY;BLG;LNG;GALA;04.10.2024;2;2;v14.18;Worlds_MainEvent_24;1;1;1;1;Blue;00:29:40;Ziggs;Ezreal;Jhin;Ashe;Jhin;Ashe;Loss;11;3;1;0;15;4;3;5;3;321;32;0;10.8;13030;439;0.264;19;11;5;4;4;0.64;0.37;0.13;0.17;0.086;18490;14435;3767;288;623;0.304;0.3;0.818;0;0;0;0;0;1410;11;732;1;0;3931;3931;6714;0;10051;0;24;204;19119;81;6;21;0;350
ON;SUPPORT;BLG;LNG;Hang;04.10.2024;2;2;v14.18;Worlds_MainEvent_24;1;1;1;1;Blue;00:29:40;;Kaisa;Rell;Poppy;Rell;Poppy;Loss;11;3;1;0;11;0;7;8;1.1;36;0;0;1.2;6574;222;0.133;102;52;15;18;14;3.44;1.75;0.61;0.51;0.459;4552;769;2674;1109;153;0.075;0.27;0.727;0;0;0;0;0;19;-3;-51;0;0;1991;1991;752;0;23753;1047;28;104;19089;158;19;32;0;0
Zika;TOP;LNG;BLG;Bin;04.10.2024;2;2;v14.18;Worlds_MainEvent_24;1;1;1;1;Red;00:29:40;Aurora;Skarner;Rumble;Orianna;Rumble;KSante;Win;23;7;3;1;16;6;2;10;8;201;16;0;6.8;12223;412;0.206;26;11;4;4;3;0.88;0.37;0.13;0.13;0.091;27259;1322;25078;859;919;0.318;0.54;0.696;0;2;0;0;0;-115;-18;-90;0;0;3415;3415;2409;0;19839;0;16;314;19104;74;6;21;200;0
WeiWei;JUNGLE;LNG;BLG;Wei;04.10.2024;2;2;v14.18;Worlds_MainEvent_24;1;1;1;1;Red;00:29:40;Gnar;Renekton;Nocturne;Vi;Nocturne;Vi;Win;23;7;3;1;15;2;2;12;7;210;179;0;7.1;11243;379;0.189;68;26;15;8;7;2.29;0.88;0.27;0.51;0.238;10729;9616;847;266;362;0.125;0.47;0.609;0;0;0;0;0;-327;13;89;0;0;2817;2817;19068;0;20510;0;126;597;33158;64;9;28;0;0
Scout;MID;LNG;BLG;Knight;04.10.2024;2;2;v14.18;Worlds_MainEvent_24;1;1;1;1;Red;00:29:40;Jax;Kindred;Yone;KSante;Yone;Orianna;Win;23;7;3;1;17;7;1;7;14;289;24;0;9.7;14338;483;0.241;24;5;3;5;3;0.81;0.17;0.17;0.1;0.084;22669;16883;3271;2515;764;0.264;0.47;0.609;0;0;1;0;0;-525;-4;477;0;0;5796;5796;8423;0;17705;0;24;195;18284;32;6;21;400;0
GALA;ADCARRY;LNG;BLG;Elk;04.10.2024;2;2;v14.18;Worlds_MainEvent_24;1;1;1;1;Red;00:29:40;Ezreal;Ziggs;Ashe;Jhin;Ashe;Jhin;Win;23;7;3;1;16;6;2;11;8.5;265;8;0;8.9;13506;455;0.227;35;9;7;4;2;1.18;0.3;0.13;0.24;0.122;16570;15259;955;356;559;0.193;0.57;0.739;0;2;0;0;0;-1410;-11;-732;-1;0;7058;7058;2710;0;5326;0;39;672;11718;57;5;21;0;0
Hang;SUPPORT;LNG;BLG;ON;04.10.2024;2;2;v14.18;Worlds_MainEvent_24;1;1;1;1;Red;00:29:40;Kaisa;;Poppy;Rell;Poppy;Rell;Win;23;7;3;1;12;2;4;14;4;39;0;0;1.3;8109;273;0.136;133;75;12;15;14;4.48;2.53;0.51;0.4;0.465;8533;5700;1667;1166;288;0.099;0.54;0.696;0;0;0;0;0;-19;3;51;0;0;0;0;2215;0;18919;108;33;236;18408;71;17;33;0;0
Kiin;TOP;GEN;TES;369;04.10.2024;2;2;v14.18;Worlds_MainEvent_24;1;1;1;2;Blue;00:33:41;Ivern;Aurora;Yone;Rumble;Gnar;Rumble;Win;25;9;3;2;17;1;4;11;3;247;8;0;7.3;12385;368;0.183;46;13;11;5;5;1.37;0.39;0.15;0.33;0.146;14907;10942;3673;292;443;0.141;0.36;0.48;0;0;0;0;0;-2380;-17;-1482;-1;0;9222;9222;3274;0;27187;0;20;473;24686;118;7;32;0;0
Canyon;JUNGLE;GEN;TES;Tian;04.10.2024;2;2;v14.18;Worlds_MainEvent_24;1;1;1;2;Blue;00:33:41;Ashe;Ziggs;Maokai;Jhin;Maokai;Sejuani;Win;25;9;3;2;16;1;5;17;3.6;190;170;0;5.6;11690;347;0.172;49;10;11;8;6;1.45;0.3;0.24;0.33;0.156;13371;945;12220;206;397;0.126;0.53;0.72;0;0;0;0;0;-649;3;23;0;0;4401;4401;24688;0;49472;1638;62;713;43186;76;9;27;0;0
Chovy;MID;GEN;TES;Creme;04.10.2024;2;2;v14.18;Worlds_MainEvent_24;1;1;1;2;Blue;00:33:41;Renekton;Smolder;Gnar;Lucian;Yone;Lucian;Win;25;9;3;2;18;9;2;8;8.5;280;10;0;8.3;15493;460;0.228;54;10;19;5;5;1.6;0.3;0.15;0.56;0.172;23655;16346;4279;3030;702;0.224;0.5;0.68;0;2;0;0;0;623;1;364;1;0;1731;1731;11597;0;41749;0;27;232;28250;83;9;24;50;350
Peyz;ADCARRY;GEN;TES;JackeyLove;04.10.2024;2;2;v14.18;Worlds_MainEvent_24;1;1;1;2;Blue;00:33:41;Nocturne;Kalista;Kaisa;Sejuani;Kaisa;Jhin;Win;25;9;3;2;18;14;1;11;25;309;28;0;9.2;18841;559;0.278;42;11;12;2;2;1.25;0.33;0.06;0.36;0.134;44817;13622;30440;755;1331;0.424;0.74;1;1;1;1;0;0;641;7;243;0;0;5237;5237;4247;0;11005;0;4;101;13701;32;4;24;850;150
Lehends;SUPPORT;GEN;TES;meiko;04.10.2024;2;2;v14.18;Worlds_MainEvent_24;1;1;1;2;Blue;00:33:41;Skarner;Ezreal;Leona;Rell;Leona;Rell;Win;25;9;3;2;13;0;5;23;4.6;24;0;0;0.7;9450;281;0.139;123;68;17;23;23;3.65;2.02;0.68;0.5;0.392;8951;1777;6456;718;266;0.085;0.68;0.92;0;0;0;0;0;167;-17;-735;-1;0;2950;2950;942;0;24602;710;39;75;18218;113;25;40;0;0
369;TOP;TES;GEN;Kiin;04.10.2024;2;2;v14.18;Worlds_MainEvent_24;1;1;1;2;Red;00:33:41;Aurora;Ivern;Rumble;Yone;Rumble;Gnar;Loss;17;3;2;0;17;7;3;7;4.7;268;17;0;8;13638;405;0.24;34;16;2;5;5;1.01;0.48;0.15;0.06;0.14;31537;867;30636;34;936;0.357;0.42;0.824;0;1;0;0;0;2380;17;1482;1;0;383;383;3723;1315;24580;0;16;376;27752;83;7;24;450;550
Tian;JUNGLE;TES;GEN;Canyon;04.10.2024;2;2;v14.18;Worlds_MainEvent_24;1;1;1;2;Red;00:33:41;Ziggs;Ashe;Jhin;Maokai;Sejuani;Maokai;Loss;17;3;2;0;14;3;6;10;2.2;164;147;0;4.9;10303;306;0.181;40;19;4;18;17;1.19;0.56;0.53;0.12;0.165;13103;6228;6337;538;389;0.148;0.39;0.765;0;0;0;0;0;649;-3;-23;0;0;344;344;12790;421;52952;1929;38;416;39985;178;20;37;0;100
Creme;MID;TES;GEN;Chovy;04.10.2024;2;2;v14.18;Worlds_MainEvent_24;1;1;1;2;Red;00:33:41;Smolder;Renekton;Lucian;Gnar;Lucian;Yone;Loss;17;3;2;0;15;3;4;6;2.3;273;13;0;8.1;12294;365;0.216;32;15;6;6;6;0.95;0.45;0.18;0.18;0.132;20596;18182;2052;362;611;0.233;0.27;0.529;0;0;0;0;0;-623;-1;-364;-1;0;6073;6073;6505;0;12706;0;4;72;24417;149;8;25;0;150
JackeyLove;ADCARRY;TES;GEN;Peyz;04.10.2024;2;2;v14.18;Worlds_MainEvent_24;1;1;1;2;Red;00:33:41;Kalista;Nocturne;Sejuani;Kaisa;Jhin;Kaisa;Loss;17;3;2;0;16;3;5;8;2.2;282;10;0;8.4;13205;392;0.232;32;16;6;8;8;0.95;0.48;0.24;0.18;0.132;17360;13815;3079;466;515;0.196;0.33;0.647;1;1;0;0;0;-641;-7;-243;0;0;2750;2750;2826;0;10053;0;20;208;17344;151;9;27;50;100
meiko;SUPPORT;TES;GEN;Lehends;04.10.2024;2;2;v14.18;Worlds_MainEvent_24;1;1;1;2;Red;00:33:41;Ezreal;Skarner;Rell;Leona;Rell;Leona;Loss;17;3;2;0;12;1;7;9;1.4;38;0;0;1.1;7410;220;0.13;105;55;15;17;15;3.12;1.63;0.5;0.45;0.432;5807;692;3809;1306;172;0.066;0.3;0.588;0;0;0;0;0;-167;17;735;1;0;0;0;351;0;26143;0;32;115;19907;145;20;35;0;0
Brokenblade;TOP;G2;HLE;Doran;04.10.2024;2;2;v14.18;Worlds_MainEvent_24;1;1;1;3;Blue;00:45:40;Akali;Brand;Yone;Sejuani;Poppy;Jax;Loss;9;7;3;3;18;3;2;4;3.5;347;8;0;7.6;17057;374;0.208;67;30;12;12;12;1.47;0.66;0.26;0.26;0.163;21697;17574;3687;436;475;0.239;0.15;0.778;0;0;0;0;0;566;8;858;1;0;6290;6290;10660;0;88621;0;55;2474;45303;60;14;34;0;200
Yike;JUNGLE;G2;HLE;Peanut;04.10.2024;2;2;v14.18;Worlds_MainEvent_24;1;1;1;3;Blue;00:45:40;Vi;Zyra;Lillia;Jax;Lillia;Sejuani;Loss;9;7;3;3;18;1;2;7;4;305;243;0;6.7;15868;347;0.193;59;12;16;13;11;1.29;0.26;0.28;0.35;0.144;17608;132;13512;3964;386;0.194;0.18;0.889;0;0;0;0;0;-865;-7;-495;-1;1;876;876;32146;0;31130;0;30;616;45667;81;14;39;0;0
Caps;MID;G2;HLE;Zeka;04.10.2024;2;2;v14.18;Worlds_MainEvent_24;1;1;1;3;Blue;00:45:40;Gnar;Aurora;Poppy;Smolder;Yone;Smolder;Loss;9;7;3;3;18;1;3;6;2.3;457;15;0;10;20385;446;0.248;46;12;9;7;7;1.01;0.26;0.15;0.2;0.112;32291;22670;5982;3639;707;0.356;0.15;0.778;0;0;0;0;0;-1204;-11;-574;0;0;6603;6603;22552;0;59479;0;30;389;48410;82;10;32;0;450
Hans Sama;ADCARRY;G2;HLE;Viper;04.10.2024;2;2;v14.18;Worlds_MainEvent_24;1;1;1;3;Blue;00:45:40;Ziggs;Jhin;Varus;Ashe;Varus;Ashe;Loss;9;7;3;3;18;4;3;2;2;405;23;0;8.9;18572;407;0.226;62;20;19;4;4;1.36;0.44;0.09;0.42;0.151;15209;12071;3138;0;333;0.168;0.13;0.667;0;1;0;0;0;-744;5;-287;-1;0;2406;2406;6727;0;13146;0;24;415;17563;75;7;29;300;150
Mikyx;SUPPORT;G2;HLE;Delight;04.10.2024;2;2;v14.18;Worlds_MainEvent_24;1;1;1;3;Blue;00:45:40;Renata_Glasc;Kalista;Rell;Braum;Rell;Braum;Loss;9;7;3;3;13;0;7;7;1;35;0;0;0.8;10290;225;0.125;177;97;17;27;25;3.88;2.12;0.59;0.37;0.431;3814;530;2340;944;84;0.042;0.15;0.778;0;0;0;0;0;-624;-4;-810;0;0;256;256;2377;281;36756;1297;29;64;26600;199;30;49;0;0
Doran;TOP;HLE;G2;Brokenblade;04.10.2024;2;2;v14.18;Worlds_MainEvent_24;1;1;1;3;Red;00:45:40;Brand;Akali;Sejuani;Yone;Jax;Poppy;Win;17;9;4;1;18;0;2;3;1.5;439;36;0;9.6;18692;409;0.212;49;23;8;7;5;1.07;0.5;0.15;0.18;0.105;18551;10178;7617;756;406;0.146;0.07;0.176;0;0;0;0;0;-566;-8;-858;-1;0;5821;5821;6981;0;45197;0;20;330;35244;66;9;33;0;0
Peanut;JUNGLE;HLE;G2;Yike;04.10.2024;2;2;v14.18;Worlds_MainEvent_24;1;1;1;3;Red;00:45:40;Zyra;Vi;Jax;Lillia;Sejuani;Lillia;Win;17;9;4;1;18;1;3;14;5;233;206;0;5.1;14110;309;0.16;69;15;19;13;13;1.51;0.33;0.28;0.42;0.148;11665;5830;4241;1594;255;0.092;0.33;0.882;0;0;0;0;0;865;7;495;1;0;4565;4565;18530;278;88043;1034;25;447;45220;132;14;37;0;0
Zeka;MID;HLE;G2;Caps;04.10.2024;2;2;v14.18;Worlds_MainEvent_24;1;1;1;3;Red;00:45:40;Aurora;Gnar;Smolder;Poppy;Smolder;Yone;Win;17;9;4;1;18;10;0;4;Perfect_KDA;531;78;0;11.6;24524;537;0.278;64;24;14;6;6;1.4;0.53;0.13;0.31;0.138;58214;29335;12912;15967;1275;0.458;0.31;0.824;0;1;0;0;0;1204;11;574;0;0;12101;12101;8750;0;26105;0;18;612;21042;0;12;32;700;0
Viper;ADCARRY;HLE;G2;Hans Sama;04.10.2024;2;2;v14.18;Worlds_MainEvent_24;1;1;1;3;Red;00:45:40;Jhin;Ziggs;Ashe;Varus;Ashe;Varus;Win;17;9;4;1;18;6;2;5;5.5;426;25;0;9.3;19937;437;0.226;87;19;21;6;6;1.91;0.42;0.13;0.46;0.187;30792;25971;3839;982;674;0.242;0.24;0.647;0;1;0;0;0;744;-5;287;1;0;4768;4768;4093;0;15923;0;52;1364;16164;101;9;32;100;300
Delight;SUPPORT;HLE;G2;Mikyx;04.10.2024;2;2;v14.18;Worlds_MainEvent_24;1;1;1;3;Red;00:45:40;Kalista;Renata_Glasc;Braum;Rell;Braum;Rell;Win;17;9;4;1;17;0;2;14;7;57;0;0;1.2;10986;241;0.124;196;88;26;22;21;4.29;1.93;0.48;0.57;0.422;7836;1046;5900;890;172;0.062;0.31;0.824;0;0;0;0;0;624;4;810;0;0;3246;3246;6511;3165;23371;1871;38;198;18865;68;26;43;0;0
Impact;TOP;TL;WBG;Breathe;04.10.2024;2;2;v14.18;Worlds_MainEvent_24;1;1;1;4;Blue;00:42:14;Ashe;Ziggs;Lucian;Skarner;Renekton;Gnar;Loss;15;5;3;0;18;2;5;4;1.2;345;1;0;8.2;14887;352;0.217;51;11;11;7;6;1.21;0.26;0.17;0.26;0.128;16648;12437;4211;0;394;0.163;0.14;0.4;1;0;0;0;0;-1438;-23;-509;-1;0;1556;1556;15008;0;61047;0;14;251;50788;165;9;32;0;200
UmTi;JUNGLE;TL;WBG;Tarzan;04.10.2024;2;2;v14.18;Worlds_MainEvent_24;1;1;1;4;Blue;00:42:14;Yone;Aurora;Nami;Kalista;Sejuani;Skarner;Loss;15;5;3;0;15;2;2;10;6;202;166;0;4.8;11778;279;0.171;72;13;21;12;12;1.7;0.31;0.28;0.5;0.181;14693;8130;5989;574;348;0.144;0.28;0.8;0;0;0;0;0;368;8;342;0;0;100;100;19712;333;72323;1376;34;451;44044;45;13;33;0;100
APA;MID;TL;WBG;xiaohu;04.10.2024;2;2;v14.18;Worlds_MainEvent_24;1;1;1;4;Blue;00:42:14;Vi;Rumble;Sejuani;Renata_Glasc;Syndra;Orianna;Loss;15;5;3;0;18;7;3;5;4;329;8;0;7.8;16728;396;0.243;69;26;10;8;8;1.63;0.62;0.19;0.24;0.174;30101;757;27559;1785;713;0.295;0.28;0.8;0;0;1;0;0;96;-4;-47;0;0;1229;1229;2341;0;10179;0;28;444;17909;70;12;31;700;600
Yeon;ADCARRY;TL;WBG;Light;04.10.2024;2;2;v14.18;Worlds_MainEvent_24;1;1;1;4;Blue;00:42:14;LeBlanc;KSante;Syndra;Orianna;Lucian;Kalista;Loss;15;5;3;0;16;4;4;4;2;357;6;0;8.5;16187;383;0.236;60;18;29;4;4;1.42;0.43;0.09;0.69;0.151;29534;22818;6598;118;699;0.29;0.19;0.533;0;0;0;0;0;-226;3;486;0;0;7039;7039;5942;0;20084;0;2;74;25625;152;6;26;50;450
CoreJJ;SUPPORT;TL;WBG;Crisp;04.10.2024;2;2;v14.18;Worlds_MainEvent_24;1;1;1;4;Blue;00:42:14;Jax;Poppy;Renekton;Gnar;Nami;Renata_Glasc;Loss;15;5;3;0;14;0;1;12;12;46;0;0;1.1;9154;217;0.133;145;75;26;22;20;3.43;1.78;0.52;0.62;0.365;10918;1501;9217;200;259;0.107;0.28;0.8;0;0;0;0;0;116;3;20;0;0;573;573;16682;14486;4640;2834;43;219;8940;39;25;44;0;0
Breathe;TOP;WBG;TL;Impact;04.10.2024;2;2;v14.18;Worlds_MainEvent_24;1;1;1;4;Red;00:42:14;Ziggs;Ashe;Skarner;Lucian;Gnar;Renekton;Win;15;10;3;2;18;7;4;4;2.8;327;29;0;7.7;19174;454;0.254;41;21;6;7;7;0.97;0.5;0.17;0.14;0.104;34972;26219;7991;762;828;0.313;0.26;0.733;1;0;0;0;0;1438;23;509;1;0;11960;11960;7411;0;43676;0;41;565;37871;159;9;28;1050;50
Tarzan;JUNGLE;WBG;TL;UmTi;04.10.2024;2;2;v14.18;Worlds_MainEvent_24;1;1;1;4;Red;00:42:14;Aurora;Yone;Kalista;Nami;Skarner;Sejuani;Win;15;10;3;2;17;1;3;8;3;207;182;0;4.9;12587;298;0.167;60;13;12;12;11;1.42;0.31;0.28;0.28;0.152;14458;9216;4632;610;342;0.129;0.21;0.6;0;0;0;0;0;-368;-8;-342;0;0;827;827;20398;0;99382;0;40;800;46571;82;13;29;0;0
xiaohu;MID;WBG;TL;APA;04.10.2024;2;2;v14.18;Worlds_MainEvent_24;1;1;1;4;Red;00:42:14;Rumble;Vi;Renata_Glasc;Sejuani;Orianna;Syndra;Win;15;10;3;2;18;1;2;9;5;304;18;0;7.2;15366;364;0.203;67;21;8;8;8;1.59;0.5;0.19;0.19;0.17;28543;1166;26767;610;676;0.255;0.24;0.667;0;0;0;0;0;-96;4;47;0;0;4409;4409;4282;0;14845;2742;24;375;17352;47;11;31;50;100
Light;ADCARRY;WBG;TL;Yeon;04.10.2024;2;2;v14.18;Worlds_MainEvent_24;1;1;1;4;Red;00:42:14;KSante;LeBlanc;Orianna;Syndra;Kalista;Lucian;Win;15;10;3;2;17;6;2;2;4;353;22;0;8.4;18185;431;0.241;48;17;19;3;3;1.14;0.4;0.07;0.45;0.122;24003;19928;3843;232;568;0.215;0.19;0.533;0;0;1;0;0;226;-3;-486;0;0;10618;10618;7865;0;12929;0;20;457;18728;89;6;24;250;600
Crisp;SUPPORT;WBG;TL;CoreJJ;04.10.2024;2;2;v14.18;Worlds_MainEvent_24;1;1;1;4;Red;00:42:14;Poppy;Jax;Gnar;Renekton;Renata_Glasc;Nami;Win;15;10;3;2;16;0;4;9;2.3;46;0;0;1.1;10259;243;0.136;178;96;20;21;21;4.21;2.27;0.5;0.47;0.452;9753;1291;6118;2344;231;0.087;0.21;0.6;0;0;0;0;0;-116;-3;-20;0;0;1835;1835;2584;168;25058;5866;23;350;21756;81;26;40;0;0
Zeus;TOP;T1;PNG;Wizer;04.10.2024;2;2;v14.18;Worlds_MainEvent_24;1;1;1;5;Blue;00:25:03;Lucian;Orianna;Yone;Sejuani;Rumble;Olaf;Win;20;11;2;1;15;4;2;10;7;188;8;0;7.5;10860;434;0.191;24;10;2;5;5;0.96;0.4;0.2;0.08;0.112;21985;462;21492;31;878;0.298;0.56;0.7;0;0;0;0;0;1355;28;1974;1;0;2579;2579;2859;1107;12335;0;11;242;15694;84;7;29;0;250
Oner;JUNGLE;T1;PNG;Cariok;04.10.2024;2;2;v14.18;Worlds_MainEvent_24;1;1;1;5;Blue;00:25:03;Jax;Aurora;Vi;Akali;Vi;Sejuani;Win;20;11;2;1;14;5;0;12;Perfect_KDA;182;150;0;7.3;11375;454;0.2;45;9;8;7;7;1.8;0.36;0.28;0.32;0.209;10389;10115;0;274;415;0.141;0.68;0.85;0;0;0;0;0;1213;9;1016;1;0;2470;2470;12134;0;25159;0;23;214;20112;0;8;23;0;0
Faker;MID;T1;PNG;dyNquedo;04.10.2024;2;2;v14.18;Worlds_MainEvent_24;1;1;1;5;Blue;00:25:03;Skarner;Gnar;Rumble;Olaf;Yone;Akali;Win;20;11;2;1;15;5;2;6;5.5;217;23;0;8.7;12015;480;0.212;22;7;5;3;3;0.88;0.28;0.12;0.2;0.102;21758;14350;5194;2214;869;0.295;0.44;0.55;0;1;0;0;0;1757;23;175;0;0;6104;6104;5848;0;19732;0;24;159;21566;52;4;20;0;400
Gumayusi;ADCARRY;T1;PNG;Titan;04.10.2024;2;2;v14.18;Worlds_MainEvent_24;1;1;1;5;Blue;00:25:03;Xayah;Jhin;Draven;Kalista;Draven;Kalista;Win;20;11;2;1;14;6;1;2;8;242;11;0;9.7;14673;586;0.258;26;11;8;5;5;1.04;0.44;0.2;0.32;0.121;12054;11914;0;140;481;0.164;0.32;0.4;0;0;0;0;0;1622;0;337;0;0;9240;9240;3113;0;4482;0;5;92;7847;10;8;26;0;0
Keria;SUPPORT;T1;PNG;Kuri;04.10.2024;2;2;v14.18;Worlds_MainEvent_24;1;1;1;5;Blue;00:25:03;Rell;Ashe;Renata_Glasc;Neeko;Renata_Glasc;Neeko;Win;20;11;2;1;12;0;1;16;16;38;0;0;1.5;7872;314;0.139;98;56;7;13;13;3.91;2.24;0.52;0.28;0.456;7514;1430;3995;2089;300;0.102;0.64;0.8;0;0;0;0;0;-142;4;651;0;0;4331;4331;1619;381;10459;3680;19;190;12274;16;16;29;0;0
Wizer;TOP;PNG;T1;Zeus;04.10.2024;2;2;v14.18;Worlds_MainEvent_24;1;1;1;5;Red;00:25:03;Orianna;Lucian;Sejuani;Yone;Olaf;Rumble;Loss;6;1;1;0;13;2;4;2;1;180;4;0;7.2;8793;351;0.225;15;7;4;1;1;0.6;0.28;0.04;0.16;0.09;8658;6528;0;2130;346;0.184;0.16;0.667;0;0;0;0;0;-1355;-28;-1974;-1;0;1927;1927;4746;0;18644;0;9;346;20019;89;2;21;150;0
Cariok;JUNGLE;PNG;T1;Oner;04.10.2024;2;2;v14.18;Worlds_MainEvent_24;1;1;1;5;Red;00:25:03;Aurora;Jax;Akali;Vi;Sejuani;Vi;Loss;6;1;1;0;12;0;3;2;0.7;137;116;0;5.5;7014;280;0.18;34;7;10;8;6;1.36;0.28;0.32;0.4;0.204;7115;4044;2516;555;284;0.152;0.08;0.333;0;0;0;0;0;-1213;-9;-1016;-1;0;0;0;10851;110;32467;0;21;283;26798;69;9;20;0;0
dyNquedo;MID;PNG;T1;Faker;04.10.2024;2;2;v14.18;Worlds_MainEvent_24;1;1;1;5;Red;00:25:03;Gnar;Skarner;Olaf;Rumble;Akali;Yone;Loss;6;1;1;0;14;2;6;2;0.7;171;0;0;6.8;8326;332;0.213;21;10;3;8;6;0.84;0.4;0.32;0.12;0.126;14473;622;13191;660;578;0.308;0.16;0.667;0;0;0;0;0;-1757;-23;-175;0;0;0;0;313;0;9695;0;2;92;20470;141;11;27;500;0
Titan;ADCARRY;PNG;T1;Gumayusi;04.10.2024;2;2;v14.18;Worlds_MainEvent_24;1;1;1;5;Red;00:25:03;Jhin;Xayah;Kalista;Draven;Kalista;Draven;Loss;6;1;1;0;12;1;4;0;0.3;215;2;0;8.6;8949;357;0.229;17;10;3;4;3;0.68;0.4;0.16;0.12;0.102;8811;7201;1418;192;352;0.188;0.04;0.167;0;0;0;0;0;-1622;0;-337;0;0;3488;3488;1704;0;5808;0;6;231;12527;134;6;21;0;0
Kuri;SUPPORT;PNG;T1;Keria;04.10.2024;2;2;v14.18;Worlds_MainEvent_24;1;1;1;5;Red;00:25:03;Ashe;Rell;Neeko;Renata_Glasc;Neeko;Renata_Glasc;Loss;6;1;1;0;10;1;3;2;1;23;0;0;0.9;5976;239;0.153;80;49;8;12;10;3.19;1.96;0.48;0.32;0.479;7880;800;6170;910;315;0.168;0.12;0.5;0;0;0;0;0;142;-4;-651;0;0;767;767;90;0;3659;0;16;105;12653;75;14;28;0;0
kingen;TOP;DK;FLY;Bwipo;04.10.2024;2;2;v14.18;Worlds_MainEvent_24;1;1;1;6;Blue;00:33:28;Renekton;Aurora;Vi;Ashe;Yone;Darius;Win;25;11;3;2;18;3;4;8;2.8;266;16;0;7.9;14628;437;0.21;21;8;4;4;3;0.63;0.24;0.12;0.12;0.061;25747;18266;5128;2353;769;0.264;0.33;0.44;0;1;0;0;0;952;15;1226;1;0;14334;14334;7529;0;29211;0;23;250;25820;186;6;30;0;250
Lucid;JUNGLE;DK;FLY;Inspired;04.10.2024;2;2;v14.18;Worlds_MainEvent_24;1;1;1;6;Blue;00:33:28;Ivern;Ziggs;Yone;Syndra;Vi;Amumu;Win;25;11;3;2;16;4;5;12;3.2;179;166;0;5.3;13097;391;0.188;50;15;7;15;13;1.49;0.45;0.45;0.21;0.146;14259;13951;0;308;426;0.146;0.48;0.64;0;0;0;0;0;-310;-26;-730;-1;0;3254;3254;19056;0;46696;0;21;203;39781;138;16;36;300;100
ShowMaker;MID;DK;FLY;Quad;04.10.2024;2;2;v14.18;Worlds_MainEvent_24;1;1;1;6;Blue;00:33:28;Orianna;Rumble;Smolder;Leona;Sylas;Syndra;Win;25;11;3;2;18;9;3;10;6.3;248;25;0;7.4;15610;466;0.224;70;22;14;3;3;2.09;0.66;0.09;0.42;0.205;26850;144;25741;965;802;0.276;0.57;0.76;2;2;0;0;0;805;-13;107;0;0;5482;5482;6344;390;21443;0;33;435;28158;118;4;27;450;300
Aiming;ADCARRY;DK;FLY;Massu;04.10.2024;2;2;v14.18;Worlds_MainEvent_24;1;1;1;6;Blue;00:33:28;Jax;Rakan;Sylas;Amumu;Smolder;Ashe;Win;25;11;3;2;18;9;1;8;17;330;25;0;9.9;16834;503;0.242;57;15;11;4;4;1.7;0.45;0.12;0.33;0.167;25175;17359;3536;4280;752;0.259;0.51;0.68;0;1;0;0;0;125;-13;-1359;-1;0;5102;5102;6393;0;8649;0;10;441;15035;39;5;25;0;250
Moham;SUPPORT;DK;FLY;Busio;04.10.2024;2;2;v14.18;Worlds_MainEvent_24;1;1;1;6;Blue;00:33:28;Skarner;Alistar;Rell;Darius;Rell;Leona;Win;25;11;3;2;14;0;4;19;4.8;35;0;0;1;9498;284;0.136;144;67;23;22;22;4.3;2;0.66;0.69;0.421;5326;966;3334;1026;159;0.055;0.57;0.76;0;0;0;0;0;301;-11;-207;-1;0;2850;2850;922;0;19148;1024;40;69;15655;84;24;41;0;0
Bwipo;TOP;FLY;DK;kingen;04.10.2024;2;2;v14.18;Worlds_MainEvent_24;1;1;1;6;Red;00:33:28;Aurora;Renekton;Ashe;Vi;Darius;Yone;Loss;17;2;2;0;16;2;7;7;1.3;256;0;0;7.6;11648;348;0.199;25;16;6;5;5;0.75;0.48;0.15;0.18;0.109;13839;11625;0;2214;414;0.168;0.27;0.529;1;0;0;0;0;-952;-15;-1226;-1;0;3411;3411;5221;0;38331;0;26;218;41736;215;6;30;100;0
Inspired;JUNGLE;FLY;DK;Lucid;04.10.2024;2;2;v14.18;Worlds_MainEvent_24;1;1;1;6;Red;00:33:28;Ziggs;Ivern;Syndra;Yone;Amumu;Vi;Loss;17;2;2;0;16;2;6;8;1.7;221;187;0;6.6;11179;334;0.191;45;12;8;7;7;1.34;0.36;0.21;0.24;0.197;21021;1095;17456;2470;628;0.255;0.3;0.588;0;0;0;0;0;310;26;730;1;0;0;0;16691;0;39220;0;30;324;39000;208;7;25;0;0
Quad;MID;FLY;DK;ShowMaker;04.10.2024;2;2;v14.18;Worlds_MainEvent_24;1;1;1;6;Red;00:33:28;Rumble;Orianna;Leona;Smolder;Syndra;Sylas;Loss;17;2;2;0;16;6;4;6;3;244;0;0;7.3;13025;389;0.222;13;13;2;5;4;0.39;0.39;0.15;0.06;0.057;16855;1357;14364;1134;504;0.204;0.36;0.706;0;1;0;0;0;-805;13;-107;0;0;1967;1967;1056;0;7363;0;32;452;14655;91;7;24;250;300
Massu;ADCARRY;FLY;DK;Aiming;04.10.2024;2;2;v14.18;Worlds_MainEvent_24;1;1;1;6;Red;00:33:28;Rakan;Jax;Amumu;Sylas;Ashe;Smolder;Loss;17;2;2;0;17;5;3;11;5.3;309;4;0;9.2;14999;448;0.256;33;9;7;3;3;0.99;0.27;0.09;0.21;0.144;23354;20902;1922;530;698;0.283;0.48;0.941;0;1;0;0;0;-125;13;1359;1;0;2177;2177;5790;0;10125;0;43;1041;17600;67;5;22;550;450
Busio;SUPPORT;FLY;DK;Moham;04.10.2024;2;2;v14.18;Worlds_MainEvent_24;1;1;1;6;Red;00:33:28;Alistar;Skarner;Darius;Rell;Leona;Rell;Loss;17;2;2;0;12;2;5;9;2.2;38;0;0;1.1;7801;233;0.133;113;56;20;15;14;3.38;1.67;0.45;0.6;0.493;7434;1593;4538;1303;222;0.09;0.33;0.647;0;0;0;0;0;-301;11;207;1;0;0;0;1268;0;18026;597;29;63;15761;99;17;32;0;0
Oscarinin;TOP;FNC;GAM;Kiaya;04.10.2024;2;2;v14.18;Worlds_MainEvent_24;1;1;1;7;Blue;00:33:07;Shyvana;Skarner;Yone;Smolder;Gnar;Jax;Win;22;8;5;1;16;4;6;8;2;212;4;0;6.4;12796;386;0.187;46;14;11;8;8;1.39;0.42;0.24;0.33;0.154;16179;13935;1630;614;489;0.164;0.36;0.545;1;0;0;0;0;-2166;-45;-1916;-1;0;4846;4846;1739;0;28700;0;29;433;22479;156;10;31;100;200
Razork;JUNGLE;FNC;GAM;Levi;04.10.2024;2;2;v14.18;Worlds_MainEvent_24;1;1;1;7;Blue;00:33:07;Rumble;Lucian;Jarvan_IV;Zyra;Jarvan_IV;Zyra;Win;22;8;5;1;16;5;3;14;6.3;205;180;0;6.2;13612;411;0.199;64;10;19;6;6;1.93;0.3;0.18;0.57;0.214;13137;11175;1186;776;397;0.133;0.57;0.864;0;1;0;0;0;-563;-28;-964;-1;0;3246;3246;18199;0;60849;0;16;477;32785;120;7;26;350;150
Humanoid;MID;FNC;GAM;Emo;04.10.2024;2;2;v14.18;Worlds_MainEvent_24;1;1;1;7;Blue;00:33:07;Aurora;Ivern;Ziggs;Jax;Yone;Smolder;Win;22;8;5;1;18;5;3;5;3.3;329;26;0;9.9;15097;456;0.221;25;5;13;1;0;0.75;0.15;0.03;0.39;0.084;22635;15283;4034;3318;683;0.23;0.3;0.455;1;1;0;0;0;-305;3;67;0;0;1942;1942;11760;0;36544;0;17;288;27271;114;2;20;250;350
Noah;ADCARRY;FNC;GAM;EasyLove;04.10.2024;2;2;v14.18;Worlds_MainEvent_24;1;1;1;7;Blue;00:33:07;Ezreal;KSante;Leona;Rell;Ziggs;Kaisa;Win;22;8;5;1;18;4;1;13;17;354;24;0;10.7;16982;513;0.249;30;11;10;4;4;0.91;0.33;0.12;0.3;0.1;37369;645;33708;3016;1128;0.379;0.51;0.773;1;0;0;0;0;1782;50;1788;1;0;9607;9607;1727;0;11112;0;16;346;10299;0;8;28;0;700
Jun;SUPPORT;FNC;GAM;Elio;04.10.2024;2;2;v14.18;Worlds_MainEvent_24;1;1;1;7;Blue;00:33:07;Jhin;Poppy;Gnar;Kaisa;Leona;Rell;Win;22;8;5;1;14;4;2;11;7.5;33;0;0;1;9771;295;0.143;134;56;21;14;14;4.05;1.69;0.42;0.63;0.448;9172;1347;5119;2706;277;0.093;0.45;0.682;0;0;0;0;0;34;-4;489;1;0;1824;1824;2436;0;35895;1419;36;143;18289;36;16;33;0;0
Kiaya;TOP;GAM;FNC;Oscarinin;04.10.2024;2;2;v14.18;Worlds_MainEvent_24;1;1;1;7;Red;00:33:07;Skarner;Shyvana;Smolder;Yone;Jax;Gnar;Loss;15;3;0;0;16;5;4;5;2.5;258;8;0;7.8;13795;417;0.235;28;18;2;10;8;0.85;0.54;0.3;0.06;0.107;16709;9194;7177;338;505;0.208;0.3;0.667;1;0;0;0;0;2166;45;1916;1;0;4983;4983;6496;0;32300;0;18;542;34855;132;11;32;700;250
Levi;JUNGLE;GAM;FNC;Razork;04.10.2024;2;2;v14.18;Worlds_MainEvent_24;1;1;1;7;Red;00:33:07;Lucian;Rumble;Zyra;Jarvan_IV;Zyra;Jarvan_IV;Loss;15;3;0;0;15;1;5;8;1.8;216;187;0;6.5;11401;344;0.194;62;24;10;10;7;1.87;0.72;0.3;0.3;0.238;16888;747;14993;1148;510;0.21;0.27;0.6;0;0;0;0;0;563;28;964;1;0;950;950;7848;0;10656;0;39;535;24145;205;11;26;0;100
Emo;MID;GAM;FNC;Humanoid;04.10.2024;2;2;v14.18;Worlds_MainEvent_24;1;1;1;7;Red;00:33:07;Ivern;Aurora;Jax;Ziggs;Smolder;Yone;Loss;15;3;0;0;16;5;3;4;3;276;1;0;8.3;12952;391;0.22;28;12;5;3;3;0.85;0.36;0.09;0.15;0.107;21510;14890;3513;3107;650;0.268;0.27;0.6;0;0;0;0;0;305;-3;-67;0;0;1548;1548;3885;0;12173;0;8;295;23704;95;4;24;300;250
EasyLove;ADCARRY;GAM;FNC;Noah;04.10.2024;2;2;v14.18;Worlds_MainEvent_24;1;1;1;7;Red;00:33:07;KSante;Ezreal;Rell;Leona;Kaisa;Ziggs;Loss;15;3;0;0;16;3;2;6;4.5;285;5;0;8.6;12990;392;0.221;22;11;6;3;3;0.66;0.33;0.09;0.18;0.084;19918;8690;10892;336;601;0.248;0.27;0.6;0;0;0;0;0;-1782;-50;-1788;-1;0;800;800;3703;0;10998;0;2;76;14674;62;4;24;350;100
Elio;SUPPORT;GAM;FNC;Jun;04.10.2024;2;2;v14.18;Worlds_MainEvent_24;1;1;1;7;Red;00:33:07;Poppy;Jhin;Kaisa;Gnar;Rell;Leona;Loss;15;3;0;0;11;1;8;7;1;29;0;0;0.9;7624;230;0.13;121;64;15;22;20;3.65;1.93;0.66;0.45;0.464;5306;705;3427;1174;160;0.066;0.24;0.533;0;0;0;0;0;-34;4;-489;-1;0;940;940;315;0;22430;0;41;117;21241;192;24;38;50;0
Azhi;TOP;PSG;MDK;Myrwn;04.10.2024;2;2;v14.18;Worlds_MainEvent_24;1;1;1;8;Blue;00:31:57;Nidalee;Aurora;Yone;Ziggs;Rumble;Galio;Win;20;10;3;2;17;5;2;9;7;247;16;0;7.7;13073;409;0.198;31;13;5;4;4;0.97;0.41;0.13;0.16;0.105;24469;1433;23006;30;766;0.248;0.44;0.7;0;1;0;0;0;-83;5;385;1;0;4240;4240;3928;0;17714;0;14;331;16754;85;6;23;0;300
JunJia;JUNGLE;PSG;MDK;Elyoya;04.10.2024;2;2;v14.18;Worlds_MainEvent_24;1;1;1;8;Blue;00:31:57;KSante;Skarner;Maokai;Vi;Maokai;Vi;Win;20;10;3;2;16;1;0;16;Perfect_KDA;196;177;0;6.1;11168;350;0.169;59;15;13;13;13;1.85;0.47;0.41;0.41;0.2;8282;944;7078;260;259;0.084;0.53;0.85;0;0;0;0;0;-187;-13;-514;-1;0;772;772;27581;0;38340;968;53;597;37530;0;14;31;0;0
Maple;MID;PSG;MDK;Fresskowy;04.10.2024;2;2;v14.18;Worlds_MainEvent_24;1;1;1;8;Blue;00:31:57;Jarvan_IV;Sejuani;Rumble;Smolder;Yone;Smolder;Win;20;10;3;2;18;6;1;7;13;319;35;0;10;16040;502;0.243;37;12;7;7;7;1.16;0.38;0.22;0.22;0.125;28960;20583;3516;4861;906;0.293;0.41;0.65;2;1;0;0;0;1130;6;690;0;0;9596;9596;11158;0;27390;0;19;229;25528;51;8;30;0;350
Betty;ADCARRY;PSG;MDK;Supa;04.10.2024;2;2;v14.18;Worlds_MainEvent_24;1;1;1;8;Blue;00:31:57;Renekton;Jhin;Kaisa;Galio;Kaisa;Ziggs;Win;20;10;3;2;18;7;0;8;Perfect_KDA;339;20;0;10.6;16997;532;0.257;47;12;16;3;3;1.47;0.38;0.09;0.5;0.159;31679;11390;19841;448;992;0.321;0.47;0.75;0;2;0;0;0;-636;4;-119;0;0;7690;7690;6144;0;10794;0;3;102;13985;0;4;27;0;0
Woody;SUPPORT;PSG;MDK;Alvaro;04.10.2024;2;2;v14.18;Worlds_MainEvent_24;1;1;1;8;Blue;00:31:57;Gnar;Ezreal;Rell;Alistar;Rell;Alistar;Win;20;10;3;2;13;1;1;16;17;34;0;0;1.1;8784;275;0.133;121;60;11;20;20;3.79;1.88;0.63;0.34;0.41;5393;1198;3345;850;169;0.055;0.53;0.85;0;0;0;0;0;95;-3;-417;-1;0;2237;2237;1806;0;18147;396;34;55;10973;29;22;37;0;0
Myrwn;TOP;MDK;PSG;Azhi;04.10.2024;2;2;v14.18;Worlds_MainEvent_24;1;1;1;8;Red;00:31:57;Aurora;Nidalee;Ziggs;Yone;Galio;Rumble;Loss;4;3;1;0;15;0;4;2;0.5;228;0;0;7.1;10620;332;0.207;24;14;1;3;3;0.75;0.44;0.09;0.03;0.096;7448;135;7313;0;233;0.13;0.06;0.5;0;0;0;0;0;83;-5;-385;-1;0;4210;4210;1482;0;41904;1017;26;137;25450;105;5;27;0;0
Elyoya;JUNGLE;MDK;PSG;JunJia;04.10.2024;2;2;v14.18;Worlds_MainEvent_24;1;1;1;8;Red;00:31:57;Skarner;KSante;Vi;Maokai;Vi;Maokai;Loss;4;3;1;0;14;0;4;3;0.8;196;162;0;6.1;9384;294;0.183;57;12;15;12;10;1.78;0.38;0.38;0.47;0.229;6591;6153;0;438;206;0.115;0.09;0.75;0;0;0;0;0;187;13;514;1;0;0;0;11011;0;35845;0;18;376;29442;120;13;29;0;0
Fresskowy;MID;MDK;PSG;Maple;04.10.2024;2;2;v14.18;Worlds_MainEvent_24;1;1;1;8;Red;00:31:57;Sejuani;Jarvan_IV;Smolder;Rumble;Smolder;Yone;Loss;4;3;1;0;16;3;7;1;0.6;256;0;0;8;12290;385;0.24;22;15;2;7;6;0.69;0.47;0.22;0.06;0.088;22768;15822;4216;2730;713;0.398;0.13;1;1;0;0;0;0;-1130;-6;-690;0;0;1485;1485;3519;0;13977;0;9;296;25996;241;8;29;650;0
Supa;ADCARRY;MDK;PSG;Betty;04.10.2024;2;2;v14.18;Worlds_MainEvent_24;1;1;1;8;Red;00:31:57;Jhin;Renekton;Galio;Kaisa;Ziggs;Kaisa;Loss;4;3;1;0;15;1;4;1;0.5;304;0;0;9.5;12525;392;0.244;43;11;16;4;4;1.35;0.34;0.13;0.5;0.173;16788;368;16420;0;525;0.294;0.06;0.5;0;0;0;0;0;636;-4;119;0;0;4972;4972;104;0;5111;0;6;282;11618;125;6;23;0;0
Alvaro;SUPPORT;MDK;PSG;Woody;04.10.2024;2;2;v14.18;Worlds_MainEvent_24;1;1;1;8;Red;00:31:57;Ezreal;Gnar;Alistar;Rell;Alistar;Rell;Loss;4;3;1;0;12;0;1;2;2;33;0;0;1;6421;201;0.125;103;66;9;16;15;3.22;2.07;0.5;0.28;0.414;3596;307;2387;902;113;0.063;0.06;0.5;0;0;0;0;0;-95;3;417;1;0;0;0;7337;2045;24471;747;28;64;22757;36;18;32;0;0
kingen;TOP;DK;LNG;Zika;05.10.2024;3;3;v14.18;Worlds_MainEvent_24;1;2;3;1;Blue;00:36:51;Rumble;Aurora;Ziggs;Renekton;Olaf;Renekton;Loss;8;3;1;0;18;2;4;3;1.3;294;8;0;8;13115;356;0.215;31;9;3;5;3;0.84;0.24;0.14;0.08;0.102;20764;14485;0;6279;563;0.241;0.14;0.625;0;0;0;0;0;-334;-9;-455;-1;0;3065;3065;8788;0;35624;0;14;597;26688;80;6;23;0;0
Lucid;JUNGLE;DK;LNG;WeiWei;05.10.2024;3;3;v14.18;Worlds_MainEvent_24;1;2;3;1;Blue;00:36:51;Yone;Gnar;Maokai;Vi;Maokai;Vi;Loss;8;3;1;0;14;1;5;6;1.4;157;144;0;4.3;9516;258;0.156;56;16;11;15;14;1.52;0.43;0.41;0.3;0.184;8312;451;7587;274;226;0.096;0.19;0.875;0;0;0;0;0;-273;-15;-950;0;0;0;0;18028;0;37671;1203;43;575;37846;165;16;35;0;0
ShowMaker;MID;DK;LNG;Scout;05.10.2024;3;3;v14.18;Worlds_MainEvent_24;1;2;3;1;Blue;00:36:51;Nocturne;Jax;Smolder;Kaisa;Smolder;Sylas;Loss;8;3;1;0;18;3;1;2;5;398;23;0;10.8;16283;442;0.267;59;17;10;4;4;1.6;0.46;0.11;0.27;0.193;29754;17612;6537;5605;807;0.345;0.14;0.625;0;0;0;0;0;-20;-2;-270;0;0;1369;1369;4697;0;11053;0;10;394;15007;0;6;25;0;50
Aiming;ADCARRY;DK;LNG;GALA;05.10.2024;3;3;v14.18;Worlds_MainEvent_24;1;2;3;1;Blue;00:36:51;Ahri;KSante;Alistar;Rell;Ziggs;Kaisa;Loss;8;3;1;0;17;2;2;6;4;342;10;0;9.3;14404;391;0.236;24;10;4;2;2;0.65;0.27;0.05;0.11;0.079;22389;1242;21060;87;608;0.259;0.22;1;0;0;0;0;0;-337;10;1035;1;0;5262;5262;1913;0;11013;0;18;368;15291;42;5;24;0;50
Moham;SUPPORT;DK;LNG;Hang;05.10.2024;3;3;v14.18;Worlds_MainEvent_24;1;2;3;1;Blue;00:36:51;Rakan;Poppy;Olaf;Sylas;Alistar;Rell;Loss;8;3;1;0;12;0;6;8;1.3;35;2;0;0.9;7607;206;0.125;135;78;16;20;20;3.66;2.12;0.54;0.43;0.443;5078;838;3232;1008;138;0.059;0.22;1;0;0;0;0;0;-164;1;258;1;1;0;0;7057;3474;26554;1038;36;64;24581;105;23;35;0;0
Zika;TOP;LNG;DK;kingen;05.10.2024;3;3;v14.18;Worlds_MainEvent_24;1;2;3;1;Red;00:36:51;Aurora;Rumble;Renekton;Ziggs;Renekton;Olaf;Win;18;11;5;2;18;3;2;8;5.5;342;20;0;9.3;17406;472;0.224;38;13;5;8;7;1.03;0.35;0.22;0.14;0.106;18042;14373;2810;859;490;0.209;0.3;0.611;1;0;0;0;0;334;9;455;1;0;6293;6293;16246;0;36218;0;18;148;42384;45;10;35;0;0
WeiWei;JUNGLE;LNG;DK;Lucid;05.10.2024;3;3;v14.18;Worlds_MainEvent_24;1;2;3;1;Red;00:36:51;Gnar;Yone;Vi;Maokai;Vi;Maokai;Win;18;11;5;2;17;2;3;7;3;230;210;0;6.2;12887;350;0.166;54;14;11;11;11;1.47;0.38;0.3;0.3;0.151;10375;9503;0;872;282;0.12;0.24;0.5;0;0;0;0;0;273;15;950;0;0;347;347;16827;0;57700;0;21;302;33682;126;13;34;0;0
Scout;MID;LNG;DK;ShowMaker;05.10.2024;3;3;v14.18;Worlds_MainEvent_24;1;2;3;1;Red;00:36:51;Jax;Nocturne;Kaisa;Smolder;Sylas;Smolder;Win;18;11;5;2;18;5;0;8;Perfect_KDA;371;26;0;10.1;17624;478;0.227;40;9;7;7;7;1.09;0.24;0.19;0.19;0.112;20546;76;19936;534;558;0.238;0.35;0.722;0;1;0;0;0;20;2;270;0;0;5216;5216;8769;579;29833;0;35;614;25481;0;10;31;50;0
GALA;ADCARRY;LNG;DK;Aiming;05.10.2024;3;3;v14.18;Worlds_MainEvent_24;1;2;3;1;Red;00:36:51;KSante;Ahri;Rell;Alistar;Kaisa;Ziggs;Win;18;11;5;2;18;8;0;6;Perfect_KDA;375;32;0;10.2;19635;533;0.253;54;9;17;4;4;1.47;0.24;0.11;0.46;0.151;30275;7955;19834;2486;822;0.351;0.38;0.778;0;0;1;0;0;337;-10;-1035;-1;0;8707;8707;5809;399;10162;0;4;173;13425;0;5;27;50;0
Hang;SUPPORT;LNG;DK;Moham;05.10.2024;3;3;v14.18;Worlds_MainEvent_24;1;2;3;1;Red;00:36:51;Poppy;Rakan;Sylas;Olaf;Rell;Alistar;Win;18;11;5;2;13;0;3;13;4.3;45;0;0;1.2;10027;272;0.129;172;68;29;22;20;4.67;1.85;0.6;0.79;0.48;7135;474;3928;2733;194;0.083;0.35;0.722;0;0;0;0;0;164;-1;-258;-1;0;1631;1631;916;0;24118;2169;36;92;14774;73;25;39;0;0
kingen;TOP;DK;LNG;Zika;05.10.2024;3;3;v14.18;Worlds_MainEvent_24;2;2;3;2;Blue;00:39:50;Rumble;Aurora;Vi;Camille;KSante;Camille;Loss;11;6;0;1;17;0;7;3;0.4;253;0;0;6.4;12151;305;0.179;32;10;6;9;5;0.8;0.25;0.23;0.15;0.096;11414;8728;1285;1401;287;0.143;0.08;0.273;0;0;0;0;0;-821;-15;-448;-1;0;1575;1575;3548;0;44941;204;39;2906;31322;180;11;33;0;0
Lucid;JUNGLE;DK;LNG;WeiWei;05.10.2024;3;3;v14.18;Worlds_MainEvent_24;2;2;3;2;Blue;00:39:50;Renekton;Gnar;Ziggs;Sejuani;Vi;Sejuani;Loss;11;6;0;1;16;2;4;4;1.5;246;210;0;6.2;13329;335;0.197;77;17;18;17;15;1.93;0.43;0.43;0.45;0.231;9618;9146;0;472;241;0.12;0.15;0.545;0;0;0;0;0;-7;10;-108;0;0;552;552;14017;0;41174;0;18;383;33134;115;20;37;450;0
ShowMaker;MID;DK;LNG;Scout;05.10.2024;3;3;v14.18;Worlds_MainEvent_24;2;2;3;2;Blue;00:39:50;Yone;Jax;Poppy;Kaisa;Ahri;Galio;Loss;11;6;0;1;17;3;2;5;4;276;0;0;6.9;13906;349;0.205;48;21;7;17;15;1.21;0.53;0.43;0.18;0.144;19563;3531;11446;4586;491;0.245;0.2;0.727;0;0;0;0;0;-929;-3;-199;0;0;1440;1440;4970;0;13303;0;28;148;18611;51;20;39;200;100
Aiming;ADCARRY;DK;LNG;GALA;05.10.2024;3;3;v14.18;Worlds_MainEvent_24;2;2;3;2;Blue;00:39:50;Nautilus;Smolder;Ahri;Rell;Ziggs;Kaisa;Loss;11;6;0;1;18;5;3;6;3.7;374;9;0;9.4;18746;471;0.277;25;14;5;2;2;0.63;0.35;0.05;0.13;0.075;32233;1403;29909;921;809;0.403;0.28;1;1;0;1;0;0;315;6;233;0;0;10617;10617;2395;0;9489;0;25;453;17691;85;8;24;100;550
Moham;SUPPORT;DK;LNG;Hang;05.10.2024;3;3;v14.18;Worlds_MainEvent_24;2;2;3;2;Blue;00:39:50;Leona;Tristana;KSante;Galio;Poppy;Rell;Loss;11;6;0;1;13;1;6;8;1.5;35;0;0;0.9;9647;242;0.142;151;79;22;23;21;3.79;1.98;0.58;0.55;0.453;7131;5463;753;915;179;0.089;0.23;0.818;0;0;0;0;0;-87;-9;-854;-1;0;3365;3365;997;0;25847;854;41;261;20917;150;25;45;0;0
Zika;TOP;LNG;DK;kingen;05.10.2024;3;3;v14.18;Worlds_MainEvent_24;2;2;3;2;Red;00:39:50;Aurora;Rumble;Camille;Vi;Camille;KSante;Win;22;9;5;1;18;6;2;7;6.5;350;20;0;8.8;18561;466;0.245;34;11;6;6;5;0.85;0.28;0.15;0.15;0.096;22054;11210;980;9864;554;0.241;0.33;0.591;0;0;0;0;0;821;15;448;1;0;16648;16648;9881;0;50343;0;21;295;29621;58;8;29;450;100
WeiWei;JUNGLE;LNG;DK;Lucid;05.10.2024;3;3;v14.18;Worlds_MainEvent_24;2;2;3;2;Red;00:39:50;Gnar;Renekton;Sejuani;Ziggs;Sejuani;Vi;Win;22;9;5;1;17;4;2;15;9.5;217;185;0;5.4;13634;342;0.18;62;18;16;16;16;1.56;0.45;0.4;0.4;0.174;11342;5496;5144;702;285;0.124;0.48;0.864;0;0;0;0;0;7;-10;108;0;0;317;317;13823;458;71036;3220;29;454;31424;84;17;34;0;0
Scout;MID;LNG;DK;ShowMaker;05.10.2024;3;3;v14.18;Worlds_MainEvent_24;2;2;3;2;Red;00:39:50;Jax;Yone;Kaisa;Poppy;Galio;Ahri;Win;22;9;5;1;18;6;2;12;9;271;4;0;6.8;14549;365;0.192;45;8;14;6;6;1.13;0.2;0.15;0.35;0.126;24670;157;22762;1751;619;0.269;0.45;0.818;0;2;0;0;0;929;3;199;0;0;1269;1269;4494;574;44898;1786;37;145;25637;83;8;27;200;300
GALA;ADCARRY;LNG;DK;Aiming;05.10.2024;3;3;v14.18;Worlds_MainEvent_24;2;2;3;2;Red;00:39:50;Smolder;Nautilus;Rell;Ahri;Kaisa;Ziggs;Win;22;9;5;1;18;5;2;9;7;392;36;0;9.8;18448;463;0.244;48;9;18;3;2;1.21;0.23;0.08;0.45;0.135;27043;14119;12244;680;679;0.295;0.35;0.636;0;0;0;0;0;-315;-6;-233;0;0;3020;3020;6619;0;19319;0;4;146;16423;79;4;24;0;350
Hang;SUPPORT;LNG;DK;Moham;05.10.2024;3;3;v14.18;Worlds_MainEvent_24;2;2;3;2;Red;00:39:50;Tristana;Leona;Galio;KSante;Rell;Poppy;Win;22;9;5;1;14;1;3;18;6.3;39;0;0;1;10420;262;0.138;167;98;15;30;27;4.19;2.46;0.75;0.38;0.469;6529;744;4374;1411;164;0.071;0.48;0.864;0;0;0;0;0;87;9;854;1;0;1376;1376;100;0;24990;541;38;120;13201;90;33;50;0;0
Doran;TOP;HLE;GEN;Kiin;05.10.2024;3;3;v14.18;Worlds_MainEvent_24;1;3;3;3;Blue;00:30:25;Nidalee;Jax;Yone;Aurora;Gnar;Aurora;Win;12;8;2;1;17;4;0;3;Perfect_KDA;273;11;0;9;13002;427;0.223;33;13;8;7;7;1.08;0.43;0.23;0.26;0.128;11329;9729;1600;0;372;0.197;0.23;0.583;0;1;0;0;0;228;-2;-65;0;0;8863;8863;1349;0;11184;0;11;448;13831;0;11;32;0;0
Peanut;JUNGLE;HLE;GEN;Canyon;05.10.2024;3;3;v14.18;Worlds_MainEvent_24;1;3;3;3;Blue;00:30:25;Ziggs;Maokai;Sejuani;Nocturne;Sejuani;Nocturne;Win;12;8;2;1;15;0;2;11;5.5;192;168;0;6.3;10104;332;0.173;50;9;20;8;7;1.64;0.3;0.26;0.66;0.195;6544;3021;3086;437;215;0.114;0.36;0.917;0;0;0;0;0;-54;3;-182;0;0;1279;1279;13068;232;37647;307;13;485;25810;65;9;25;0;0
Zeka;MID;HLE;GEN;Chovy;05.10.2024;3;3;v14.18;Worlds_MainEvent_24;1;3;3;3;Blue;00:30:25;Skarner;Smolder;Gnar;Ahri;Yone;Ahri;Win;12;8;2;1;17;0;1;8;8;303;28;0;10;12205;401;0.209;35;15;7;9;9;1.15;0.49;0.3;0.23;0.136;15178;9882;3184;2112;499;0.264;0.26;0.667;0;0;0;0;0;165;16;-161;0;0;4621;4621;8272;0;20205;0;15;281;19058;32;11;28;0;100
Viper;ADCARRY;HLE;GEN;Peyz;05.10.2024;3;3;v14.18;Worlds_MainEvent_24;1;3;3;3;Blue;00:30:25;Kalista;Ezreal;Kaisa;Varus;Kaisa;Varus;Win;12;8;2;1;17;8;0;1;Perfect_KDA;354;37;0;11.6;15565;512;0.267;43;11;20;3;3;1.41;0.36;0.1;0.66;0.167;20772;7201;13160;411;683;0.361;0.3;0.75;0;1;1;0;0;-233;12;850;1;0;7116;7116;3503;0;5637;0;1;151;9185;0;7;25;150;0
Delight;SUPPORT;HLE;GEN;Lehends;05.10.2024;3;3;v14.18;Worlds_MainEvent_24;1;3;3;3;Blue;00:30:25;Ashe;Jhin;Rell;Renata_Glasc;Rell;Renata_Glasc;Win;12;8;2;1;13;0;2;12;6;35;0;0;1.2;7406;243;0.127;96;53;12;16;14;3.16;1.74;0.53;0.39;0.374;3693;382;2603;708;121;0.064;0.39;1;0;0;0;0;0;-809;-9;-1041;-1;0;1102;1102;428;0;15024;853;16;59;11862;70;19;32;0;0
Kiin;TOP;GEN;HLE;Doran;05.10.2024;3;3;v14.18;Worlds_MainEvent_24;1;3;3;3;Red;00:30:25;Jax;Nidalee;Aurora;Yone;Aurora;Gnar;Loss;5;3;3;1;15;0;2;3;1.5;223;0;0;7.3;9517;313;0.19;39;12;6;6;5;1.28;0.39;0.2;0.2;0.134;9421;1874;7547;0;310;0.192;0.1;0.6;0;0;0;0;0;-228;2;65;0;0;839;839;2404;0;8885;0;5;228;14881;96;8;24;0;0
Canyon;JUNGLE;GEN;HLE;Peanut;05.10.2024;3;3;v14.18;Worlds_MainEvent_24;1;3;3;3;Red;00:30:25;Maokai;Ziggs;Nocturne;Sejuani;Nocturne;Sejuani;Loss;5;3;3;1;14;1;3;4;1.7;191;177;0;6.3;9804;322;0.196;52;18;13;8;5;1.71;0.59;0.26;0.43;0.178;5930;4595;421;914;195;0.121;0.16;1;0;0;0;0;0;54;-3;182;0;0;4676;4676;19938;0;25707;0;100;402;34919;134;9;25;0;0
Chovy;MID;GEN;HLE;Zeka;05.10.2024;3;3;v14.18;Worlds_MainEvent_24;1;3;3;3;Red;00:30:25;Smolder;Skarner;Ahri;Gnar;Ahri;Yone;Loss;5;3;3;1;16;2;2;3;2.5;255;0;0;8.4;11162;367;0.223;34;9;10;8;7;1.12;0.3;0.26;0.33;0.116;16565;2398;9873;4294;545;0.338;0.16;1;0;0;0;0;0;-165;-16;161;0;0;2310;2310;3684;0;11846;0;16;71;16453;52;11;28;0;0
Peyz;ADCARRY;GEN;HLE;Viper;05.10.2024;3;3;v14.18;Worlds_MainEvent_24;1;3;3;3;Red;00:30:25;Ezreal;Kalista;Varus;Kaisa;Varus;Kaisa;Loss;5;3;3;1;14;2;3;3;1.7;272;9;0;8.9;12280;404;0.246;31;13;9;5;4;1.02;0.43;0.16;0.3;0.106;11461;7289;2969;1203;377;0.234;0.16;1;0;1;0;0;0;233;-12;-850;-1;0;1938;1938;4077;0;8196;0;14;183;12497;106;6;22;100;150
Lehends;SUPPORT;GEN;HLE;Delight;05.10.2024;3;3;v14.18;Worlds_MainEvent_24;1;3;3;3;Red;00:30:25;Jhin;Ashe;Renata_Glasc;Rell;Renata_Glasc;Rell;Loss;5;3;3;1;11;0;2;5;2.5;39;0;0;1.3;7235;238;0.145;136;93;12;23;21;4.47;3.06;0.76;0.39;0.466;5606;791;2754;2061;184;0.114;0.16;1;0;0;0;0;0;809;9;1041;1;0;1282;1282;770;0;12968;3724;17;147;12164;74;25;39;0;0
Kiin;TOP;GEN;HLE;Doran;05.10.2024;3;3;v14.18;Worlds_MainEvent_24;2;3;3;4;Blue;00:36:53;Jax;Nidalee;Aurora;Vi;Aurora;Rumble;Win;20;9;4;1;18;5;1;7;12;319;8;0;8.6;16072;436;0.224;42;13;9;7;7;1.14;0.35;0.19;0.24;0.108;21990;1346;19224;1420;596;0.256;0.33;0.6;1;1;0;0;0;4;1;-595;-1;0;7558;7558;5828;0;11560;0;9;302;16567;32;9;31;150;0
Canyon;JUNGLE;GEN;HLE;Peanut;05.10.2024;3;3;v14.18;Worlds_MainEvent_24;2;3;3;4;Blue;00:36:53;Smolder;Ziggs;Nocturne;Rumble;Nocturne;Vi;Win;20;9;4;1;17;4;1;9;13;249;221;0;6.8;13674;371;0.191;89;32;15;12;12;2.41;0.87;0.33;0.41;0.228;13372;10675;924;1773;363;0.156;0.35;0.65;0;1;0;0;0;299;9;-147;0;0;1856;1856;25281;0;27995;0;132;507;38015;51;13;27;0;300
Chovy;MID;GEN;HLE;Zeka;05.10.2024;3;3;v14.18;Worlds_MainEvent_24;2;3;3;4;Blue;00:36:53;Maokai;Yone;Ahri;Akali;Ahri;Akali;Win;20;9;4;1;18;4;1;12;16;363;16;0;9.8;16879;458;0.236;58;12;15;10;10;1.57;0.33;0.27;0.41;0.149;26139;2750;19039;4350;709;0.304;0.43;0.8;0;1;0;0;0;228;8;229;0;0;7751;7751;10163;0;12363;0;18;155;21839;35;12;30;0;100
Peyz;ADCARRY;GEN;HLE;Viper;05.10.2024;3;3;v14.18;Worlds_MainEvent_24;2;3;3;4;Blue;00:36:53;Ezreal;Renata_Glasc;Kalista;Jhin;Kalista;Jhin;Win;20;9;4;1;17;4;2;12;8;319;12;0;8.6;15110;410;0.211;70;33;11;9;9;1.9;0.89;0.24;0.3;0.179;16236;13519;1618;1099;440;0.189;0.43;0.8;0;0;0;0;0;-561;-13;-670;-1;0;1619;1619;2090;0;5786;0;10;348;10690;91;10;28;0;200
Lehends;SUPPORT;GEN;HLE;Delight;05.10.2024;3;3;v14.18;Worlds_MainEvent_24;2;3;3;4;Blue;00:36:53;Kaisa;Xayah;Leona;Rell;Leona;Rell;Win;20;9;4;1;13;3;3;14;5.7;29;0;0;0.8;9930;269;0.139;131;76;10;24;23;3.55;2.06;0.65;0.27;0.336;8107;1947;5074;1086;220;0.094;0.46;0.85;0;0;0;0;0;-24;-8;-165;0;0;2765;2765;4779;572;26808;1417;29;95;20226;93;28;42;0;0
Doran;TOP;HLE;GEN;Kiin;05.10.2024;3;3;v14.18;Worlds_MainEvent_24;2;3;3;4;Red;00:36:53;Nidalee;Jax;Vi;Aurora;Rumble;Aurora;Loss;8;1;1;0;17;2;2;4;3;275;12;0;7.5;12561;341;0.211;37;22;4;11;10;1;0.6;0.3;0.11;0.114;17456;248;17158;50;473;0.264;0.16;0.75;0;0;0;0;0;-4;-1;595;1;0;0;0;2182;0;20253;0;13;419;20954;57;14;34;350;0
Peanut;JUNGLE;HLE;GEN;Canyon;05.10.2024;3;3;v14.18;Worlds_MainEvent_24;2;3;3;4;Red;00:36:53;Ziggs;Smolder;Rumble;Nocturne;Vi;Nocturne;Loss;8;1;1;0;15;0;6;7;1.2;210;185;0;5.7;10519;285;0.177;57;7;22;7;5;1.55;0.19;0.19;0.6;0.175;7318;6960;0;358;198;0.111;0.19;0.875;0;0;0;0;0;-299;-9;147;0;0;0;0;11812;0;33976;0;13;305;32022;260;8;25;0;0
Zeka;MID;HLE;GEN;Chovy;05.10.2024;3;3;v14.18;Worlds_MainEvent_24;2;3;3;4;Red;00:36:53;Yone;Maokai;Akali;Ahri;Akali;Ahri;Loss;8;1;1;0;17;3;5;2;1;311;0;0;8.4;13166;357;0.221;45;11;11;6;6;1.22;0.3;0.16;0.3;0.138;15191;901;14106;184;412;0.23;0.14;0.625;0;0;0;0;0;-228;-8;-229;0;0;1691;1691;4234;0;16752;0;2;150;28560;168;7;26;250;0
Viper;ADCARRY;HLE;GEN;Peyz;05.10.2024;3;3;v14.18;Worlds_MainEvent_24;2;3;3;4;Red;00:36:53;Renata_Glasc;Ezreal;Jhin;Kalista;Jhin;Kalista;Loss;8;1;1;0;17;3;2;4;3.5;401;24;0;10.9;15385;417;0.258;43;14;12;4;4;1.17;0.38;0.11;0.33;0.132;22282;18471;3399;412;604;0.337;0.19;0.875;0;1;0;0;0;561;13;670;1;0;975;975;3757;0;7237;0;19;201;12187;50;5;24;0;150
Delight;SUPPORT;HLE;GEN;Lehends;05.10.2024;3;3;v14.18;Worlds_MainEvent_24;2;3;3;4;Red;00:36:53;Xayah;Kaisa;Rell;Leona;Rell;Leona;Loss;8;1;1;0;13;0;5;7;1.4;47;0;0;1.3;7912;215;0.133;143;67;24;20;18;3.88;1.82;0.54;0.65;0.44;3849;335;2218;1296;104;0.058;0.19;0.875;0;0;0;0;0;24;8;165;0;0;522;522;1093;0;21282;2642;23;57;18688;183;24;39;0;0
Doran;TOP;HLE;GEN;Kiin;05.10.2024;3;3;v14.18;Worlds_MainEvent_24;3;3;3;5;Blue;00:33:11;Skarner;Jax;Smolder;Aurora;Gnar;Aurora;Loss;9;3;1;0;16;2;5;4;1.2;249;14;0;7.5;11205;338;0.2;18;10;2;9;5;0.54;0.3;0.27;0.06;0.059;14312;11530;2602;180;431;0.2;0.18;0.667;0;0;0;0;0;-464;-26;-1310;-1;0;1600;1600;1146;0;18816;0;11;412;26130;165;7;27;0;0
Peanut;JUNGLE;HLE;GEN;Canyon;05.10.2024;3;3;v14.18;Worlds_MainEvent_24;3;3;3;5;Blue;00:33:11;Nidalee;Yone;Sejuani;Nocturne;Sejuani;Nocturne;Loss;9;3;1;0;13;0;4;8;2;169;147;0;5.1;9261;279;0.166;49;10;17;9;8;1.48;0.3;0.27;0.51;0.16;6778;3546;2580;652;204;0.095;0.24;0.889;0;0;0;0;0;-376;-15;-78;0;0;0;0;14233;114;39140;2513;18;401;29721;87;10;24;0;0
Zeka;MID;HLE;GEN;Chovy;05.10.2024;3;3;v14.18;Worlds_MainEvent_24;3;3;3;5;Blue;00:33:11;Ziggs;Maokai;Gnar;Ahri;Smolder;Ahri;Loss;9;3;1;0;17;3;4;4;1.8;344;32;0;10.4;14528;438;0.26;49;20;10;9;8;1.48;0.6;0.27;0.3;0.16;27047;16153;6174;4720;815;0.378;0.21;0.778;0;0;0;0;0;496;4;399;0;0;4380;4380;2909;0;14223;0;5;180;19789;145;10;29;350;350
Viper;ADCARRY;HLE;GEN;Peyz;05.10.2024;3;3;v14.18;Worlds_MainEvent_24;3;3;3;5;Blue;00:33:11;Kalista;Ezreal;Varus;Leona;Varus;Twitch;Loss;9;3;1;0;16;3;5;4;1.4;320;6;0;9.6;13197;398;0.236;47;25;11;9;9;1.42;0.75;0.27;0.33;0.154;20121;15487;1767;2867;606;0.281;0.21;0.778;0;0;0;0;0;-323;15;-57;0;0;770;770;2109;0;12664;0;18;391;21140;120;10;28;0;50
Delight;SUPPORT;HLE;GEN;Lehends;05.10.2024;3;3;v14.18;Worlds_MainEvent_24;3;3;3;5;Blue;00:33:11;Ashe;Kaisa;Renata_Glasc;Twitch;Renata_Glasc;Leona;Loss;9;3;1;0;11;1;4;8;2.3;51;0;0;1.5;7701;232;0.138;143;85;26;19;17;4.31;2.56;0.57;0.78;0.467;3271;623;2390;258;99;0.046;0.27;1;0;0;0;0;0;249;7;410;0;0;805;805;5405;3607;11487;2875;12;171;14728;102;21;37;0;0
Kiin;TOP;GEN;HLE;Doran;05.10.2024;3;3;v14.18;Worlds_MainEvent_24;3;3;3;5;Red;00:33:11;Jax;Skarner;Aurora;Smolder;Aurora;Gnar;Win;22;8;4;1;18;6;2;11;8.5;264;6;0;8;14141;426;0.212;40;10;10;5;5;1.21;0.3;0.15;0.3;0.112;16343;1820;14128;395;493;0.198;0.51;0.773;0;0;1;0;0;464;26;1310;1;0;4382;4382;5446;0;11235;0;8;287;19608;55;8;26;50;0
Canyon;JUNGLE;GEN;HLE;Peanut;05.10.2024;3;3;v14.18;Worlds_MainEvent_24;3;3;3;5;Red;00:33:11;Yone;Nidalee;Nocturne;Sejuani;Nocturne;Sejuani;Win;22;8;4;1;16;1;1;11;12;231;203;0;7;11769;355;0.176;84;36;23;11;11;2.53;1.08;0.33;0.69;0.235;8655;7185;501;969;261;0.105;0.36;0.545;0;0;0;0;0;376;15;78;0;0;3038;3038;26526;0;25829;0;138;549;37682;25;12;28;0;0
Chovy;MID;GEN;HLE;Zeka;05.10.2024;3;3;v14.18;Worlds_MainEvent_24;3;3;3;5;Red;00:33:11;Maokai;Ziggs;Ahri;Gnar;Ahri;Smolder;Win;22;8;4;1;18;6;0;7;Perfect_KDA;346;4;0;10.4;16395;494;0.246;62;24;21;3;3;1.87;0.72;0.09;0.63;0.173;21916;1967;16276;3673;660;0.266;0.39;0.591;2;0;0;1;0;-496;-4;-399;0;0;5910;5910;8684;0;12505;0;8;83;18216;0;6;27;350;0
Peyz;ADCARRY;GEN;HLE;Viper;05.10.2024;3;3;v14.18;Worlds_MainEvent_24;3;3;3;5;Red;00:33:11;Ezreal;Kalista;Leona;Varus;Twitch;Varus;Win;22;8;4;1;17;8;1;9;17;326;42;0;9.8;16522;498;0.248;49;18;14;7;6;1.48;0.54;0.21;0.42;0.137;31203;27237;10;3956;940;0.379;0.51;0.773;0;1;0;0;0;323;-15;57;0;0;7068;7068;11103;0;9874;0;14;508;17011;42;9;30;0;350
Lehends;SUPPORT;GEN;HLE;Delight;05.10.2024;3;3;v14.18;Worlds_MainEvent_24;3;3;3;5;Red;00:33:11;Kaisa;Ashe;Twitch;Renata_Glasc;Leona;Renata_Glasc;Win;22;8;4;1;12;1;5;10;2.2;35;0;0;1.1;7928;239;0.119;123;65;16;19;19;3.71;1.96;0.57;0.48;0.344;4269;917;2645;707;129;0.052;0.33;0.5;0;0;0;0;0;-249;-7;-410;0;0;206;206;1662;0;21414;1542;18;47;17704;82;21;35;0;0
369;TOP;TES;FNC;Oscarinin;06.10.2024;3;4;v14.18;Worlds_MainEvent_24;1;1;1;1;Blue;00:24:09;Orianna;Aurora;Yone;Smolder;Rumble;KSante;Win;12;9;2;1;14;1;3;5;2;173;0;0;7.2;8697;360;0.178;20;10;1;3;3;0.83;0.41;0.12;0.04;0.105;10329;136;10193;0;428;0.151;0.25;0.5;0;0;0;0;0;-251;7;-103;0;0;1425;1425;750;0;12203;0;9;257;11703;77;5;15;0;0
Tian;JUNGLE;TES;FNC;Razork;06.10.2024;3;4;v14.18;Worlds_MainEvent_24;1;1;1;1;Blue;00:24:09;LeBlanc;Ziggs;Rumble;Skarner;Sejuani;Skarner;Win;12;9;2;1;13;2;0;9;Perfect_KDA;146;133;0;6;8855;367;0.181;39;9;8;7;7;1.61;0.37;0.29;0.33;0.204;7580;4514;2580;486;314;0.111;0.46;0.917;0;0;0;0;0;-282;-14;-889;-1;0;4146;4146;12004;0;30675;791;22;332;25484;0;8;20;0;0
Creme;MID;TES;FNC;Humanoid;06.10.2024;3;4;v14.18;Worlds_MainEvent_24;1;1;1;1;Blue;00:24:09;Vi;Zyra;Sejuani;KSante;Yone;Smolder;Win;12;9;2;1;15;5;1;4;9;250;16;0;10.4;12413;514;0.254;23;7;4;4;3;0.95;0.29;0.17;0.17;0.12;25555;18266;3482;3807;1058;0.374;0.37;0.75;1;0;0;0;0;1495;17;1001;1;0;4358;4358;9331;0;24800;0;23;217;22773;35;5;24;0;200
JackeyLove;ADCARRY;TES;FNC;Noah;06.10.2024;3;4;v14.18;Worlds_MainEvent_24;1;1;1;1;Blue;00:24:09;Kaisa;Ashe;Miss_Fortune;Jhin;Miss_Fortune;Jhin;Win;12;9;2;1;14;4;1;5;9;242;4;0;10;11964;495;0.245;19;8;3;3;3;0.79;0.33;0.12;0.12;0.099;20934;20351;341;242;867;0.306;0.37;0.75;0;0;0;0;0;598;0;-792;-1;0;12712;12712;2343;0;7443;0;5;75;6198;20;4;22;0;50
meiko;SUPPORT;TES;FNC;Jun;06.10.2024;3;4;v14.18;Worlds_MainEvent_24;1;1;1;1;Blue;00:24:09;Lucian;Kalista;Rell;Leona;Rell;Leona;Win;12;9;2;1;11;0;1;10;10;40;0;0;1.7;6978;289;0.143;90;35;17;12;12;3.73;1.45;0.5;0.7;0.471;4011;718;2513;780;166;0.059;0.41;0.833;0;0;0;0;0;582;3;446;0;0;3048;3048;453;0;9935;0;23;56;8129;0;14;26;0;0
Oscarinin;TOP;FNC;TES;369;06.10.2024;3;4;v14.18;Worlds_MainEvent_24;1;1;1;1;Red;00:24:09;Aurora;Orianna;Smolder;Yone;KSante;Rumble;Loss;6;1;1;0;13;2;3;3;1.7;173;0;0;7.2;8230;341;0.212;19;10;3;3;2;0.79;0.41;0.12;0.12;0.119;4609;3817;426;366;191;0.103;0.21;0.833;0;0;0;0;0;251;-7;103;0;0;1110;1110;1880;0;29219;0;16;900;20131;60;4;15;200;0
Razork;JUNGLE;FNC;TES;Tian;06.10.2024;3;4;v14.18;Worlds_MainEvent_24;1;1;1;1;Red;00:24:09;Ziggs;LeBlanc;Skarner;Rumble;Skarner;Sejuani;Loss;6;1;1;0;12;2;4;2;1;156;146;0;6.5;7910;328;0.204;32;4;4;2;2;1.33;0.17;0.08;0.17;0.2;11034;7359;3073;602;457;0.245;0.17;0.667;0;0;0;0;0;282;14;889;1;0;0;0;10472;0;39321;0;33;633;30552;123;3;17;0;0
Humanoid;MID;FNC;TES;Creme;06.10.2024;3;4;v14.18;Worlds_MainEvent_24;1;1;1;1;Red;00:24:09;Zyra;Vi;KSante;Sejuani;Smolder;Yone;Loss;6;1;1;0;13;1;3;2;1;228;6;0;9.4;8997;373;0.232;16;7;4;1;0;0.66;0.29;0.04;0.17;0.1;16724;11424;3468;1832;693;0.372;0.12;0.5;0;0;0;0;0;-1495;-17;-1001;-1;0;2134;2134;4517;0;11545;0;5;209;19834;106;2;18;0;0
Noah;ADCARRY;FNC;TES;JackeyLove;06.10.2024;3;4;v14.18;Worlds_MainEvent_24;1;1;1;1;Red;00:24:09;Ashe;Kaisa;Jhin;Miss_Fortune;Jhin;Miss_Fortune;Loss;6;1;1;0;13;1;0;2;Perfect_KDA;221;1;0;9.2;8744;362;0.225;22;12;6;5;4;0.91;0.5;0.21;0.25;0.138;8854;7289;1445;120;367;0.197;0.12;0.5;0;0;0;0;0;-598;0;792;1;0;61;61;2687;0;3630;0;21;138;8005;0;6;20;50;0
Jun;SUPPORT;FNC;TES;meiko;06.10.2024;3;4;v14.18;Worlds_MainEvent_24;1;1;1;1;Red;00:24:09;Kalista;Lucian;Leona;Rell;Leona;Rell;Loss;6;1;1;0;9;0;2;3;1.5;27;0;0;1.1;4910;203;0.127;71;37;7;8;6;2.94;1.53;0.33;0.29;0.444;3733;605;2674;454;155;0.083;0.12;0.5;0;0;0;0;0;-582;-3;-446;0;0;0;0;1108;206;11142;555;23;57;9190;25;10;22;0;0
Bin;TOP;BLG;T1;Zeus;06.10.2024;3;4;v14.18;Worlds_MainEvent_24;1;1;1;2;Blue;00:34:09;Orianna;Yone;Ahri;Gnar;Jax;Gnar;Loss;13;3;1;0;17;3;4;3;1.5;263;12;0;7.7;12544;367;0.22;43;19;8;6;6;1.26;0.56;0.18;0.23;0.13;17160;5712;10638;810;502;0.202;0.18;0.462;1;0;0;0;0;-808;-12;-305;-1;0;4598;4598;2664;0;35538;0;12;192;23817;152;8;27;250;100
Wei;JUNGLE;BLG;T1;Oner;06.10.2024;3;4;v14.18;Worlds_MainEvent_24;1;1;1;2;Blue;00:34:09;Sejuani;Aurora;Skarner;Vi;Skarner;Vi;Loss;13;3;1;0;15;1;4;11;3;188;159;0;5.5;10408;305;0.183;63;14;20;11;11;1.84;0.41;0.32;0.59;0.19;17677;9759;7430;488;518;0.208;0.35;0.923;0;0;0;0;0;-69;1;-517;-1;0;44;44;12114;0;64998;0;45;889;38236;88;12;25;0;0
Knight;MID;BLG;T1;Faker;06.10.2024;3;4;v14.18;Worlds_MainEvent_24;1;1;1;2;Blue;00:34:09;Nocturne;Smolder;Jax;Sylas;Ahri;Sylas;Loss;13;3;1;0;17;8;2;3;5.5;273;7;0;8;14241;417;0.25;44;7;12;4;4;1.29;0.2;0.12;0.35;0.133;25291;2714;16439;6138;741;0.298;0.32;0.846;0;2;0;0;0;-45;6;297;0;0;1038;1038;4473;0;10459;0;21;140;16731;100;7;21;450;250
Elk;ADCARRY;BLG;T1;Gumayusi;06.10.2024;3;4;v14.18;Worlds_MainEvent_24;1;1;1;2;Blue;00:34:09;Renata_Glasc;Kaisa;Poppy;Kalista;Jhin;Kalista;Loss;13;3;1;0;16;1;3;5;2;320;12;0;9.4;12762;374;0.224;52;16;9;7;6;1.52;0.47;0.2;0.26;0.157;15796;13351;1982;463;463;0.186;0.18;0.462;0;0;0;0;0;-547;-14;302;0;0;1225;1225;3715;0;8880;0;26;133;14244;144;9;26;0;150
ON;SUPPORT;BLG;T1;Keria;06.10.2024;3;4;v14.18;Worlds_MainEvent_24;1;1;1;2;Blue;00:34:09;Ashe;Ziggs;Jhin;Neeko;Poppy;Neeko;Loss;13;3;1;0;12;0;5;4;0.8;31;0;0;0.9;7045;206;0.124;129;68;14;20;16;3.78;1.99;0.59;0.41;0.39;8893;6300;1623;970;260;0.105;0.12;0.308;0;0;0;0;0;-475;1;-974;-1;0;217;217;1146;209;21190;0;36;184;18454;94;23;38;0;0
Zeus;TOP;T1;BLG;Bin;06.10.2024;3;4;v14.18;Worlds_MainEvent_24;1;1;1;2;Red;00:34:09;Yone;Orianna;Gnar;Ahri;Gnar;Jax;Win;18;8;4;1;18;4;2;9;6.5;267;16;0;7.8;14472;424;0.22;34;11;2;6;6;1;0.32;0.18;0.06;0.111;23116;16448;6418;250;677;0.273;0.38;0.722;1;1;0;0;0;808;12;305;1;0;10253;10253;2910;0;28365;0;28;398;24205;90;7;25;100;100
Oner;JUNGLE;T1;BLG;Wei;06.10.2024;3;4;v14.18;Worlds_MainEvent_24;1;1;1;2;Red;00:34:09;Aurora;Sejuani;Vi;Skarner;Vi;Skarner;Win;18;8;4;1;17;2;2;14;8;233;217;0;6.8;13292;389;0.202;47;10;11;8;8;1.38;0.29;0.23;0.32;0.154;13359;12763;0;596;391;0.158;0.47;0.889;0;1;0;0;0;69;-1;517;1;0;3078;3078;22417;0;49595;0;23;307;35155;16;9;25;0;100
Faker;MID;T1;BLG;Knight;06.10.2024;3;4;v14.18;Worlds_MainEvent_24;1;1;1;2;Red;00:34:09;Smolder;Nocturne;Sylas;Jax;Sylas;Ahri;Win;18;8;4;1;17;5;5;3;1.6;272;0;0;8;13339;391;0.203;54;20;11;4;4;1.58;0.59;0.12;0.32;0.177;15864;708;14269;887;465;0.187;0.23;0.444;0;0;0;0;0;45;-6;-297;0;0;2736;2736;3830;0;21882;0;23;454;30060;145;5;22;50;250
Gumayusi;ADCARRY;T1;BLG;Elk;06.10.2024;3;4;v14.18;Worlds_MainEvent_24;1;1;1;2;Red;00:34:09;Kaisa;Renata_Glasc;Kalista;Poppy;Kalista;Jhin;Win;18;8;4;1;16;5;3;8;4.3;330;16;0;9.7;15705;460;0.239;53;14;18;6;6;1.55;0.41;0.18;0.53;0.174;19427;15300;3963;164;569;0.229;0.38;0.722;0;2;0;0;0;547;14;-302;0;0;4775;4775;6238;0;11396;0;13;395;15912;123;9;27;350;250
Keria;SUPPORT;T1;BLG;ON;06.10.2024;3;4;v14.18;Worlds_MainEvent_24;1;1;1;2;Red;00:34:09;Ziggs;Ashe;Neeko;Jhin;Neeko;Poppy;Win;18;8;4;1;13;2;1;14;16;40;1;0;1.2;8838;259;0.135;117;60;13;18;18;3.43;1.76;0.53;0.38;0.384;12994;1358;11378;258;380;0.153;0.47;0.889;0;0;0;0;0;475;-1;974;1;0;1294;1294;2216;514;6274;0;31;106;14292;38;21;36;0;0
Bwipo;TOP;FLY;PSG;Azhi;06.10.2024;3;4;v14.18;Worlds_MainEvent_24;1;1;1;3;Blue;00:44:20;Rumble;Orianna;Renekton;Vi;Renekton;Gnar;Win;15;10;4;3;18;1;3;7;2.7;372;4;0;8.4;17998;406;0.213;69;25;20;9;9;1.56;0.56;0.2;0.45;0.175;20596;14517;5597;482;465;0.204;0.18;0.533;0;0;0;0;0;1385;29;1809;1;0;6424;6424;14995;0;87370;0;22;342;58624;53;14;33;0;50
Inspired;JUNGLE;FLY;PSG;JunJia;06.10.2024;3;4;v14.18;Worlds_MainEvent_24;1;1;1;3;Blue;00:44:20;Aurora;Yone;Ivern;Ahri;Ivern;Vi;Win;15;10;4;3;18;1;1;14;15;259;240;0;5.8;15868;358;0.188;38;4;15;3;2;0.86;0.09;0.07;0.34;0.096;9182;2168;4965;2049;207;0.091;0.34;1;0;0;0;0;0;179;-7;-451;-1;0;1853;1853;15612;9489;9949;29775;43;320;8647;36;4;17;0;0
Quad;MID;FLY;PSG;Maple;06.10.2024;3;4;v14.18;Worlds_MainEvent_24;1;1;1;3;Blue;00:44:20;Jax;Kalista;Cassiopeia;Gnar;Cassiopeia;Ahri;Win;15;10;4;3;18;2;2;9;5.5;355;32;0;8;17059;385;0.202;49;17;9;13;13;1.11;0.38;0.29;0.2;0.124;16772;323;16424;25;378;0.166;0.25;0.733;0;0;0;0;0;-880;-1;-871;-1;0;2691;2691;10411;0;18054;0;33;612;19932;48;16;40;250;50
Massu;ADCARRY;FLY;PSG;Betty;06.10.2024;3;4;v14.18;Worlds_MainEvent_24;1;1;1;3;Blue;00:44:20;Ziggs;Ashe;Kaisa;Jhin;Kaisa;Jhin;Win;15;10;4;3;18;10;1;3;13;436;27;0;9.8;22501;508;0.266;45;14;14;2;2;1.02;0.32;0.05;0.32;0.114;49717;12099;36708;910;1121;0.492;0.29;0.867;0;0;0;2;0;-696;-7;-410;0;0;14427;14427;4553;0;16852;0;1;143;13469;39;7;25;700;50
Busio;SUPPORT;FLY;PSG;Woody;06.10.2024;3;4;v14.18;Worlds_MainEvent_24;1;1;1;3;Blue;00:44:20;Rakan;Xayah;Leona;Rell;Leona;Rell;Win;15;10;4;3;16;1;3;11;4;50;0;0;1.1;11006;248;0.13;193;99;26;28;26;4.35;2.23;0.63;0.59;0.49;4703;874;2815;1014;106;0.047;0.27;0.8;0;0;0;0;0;-391;-3;-653;-1;0;642;642;997;0;23432;2870;23;58;13997;76;31;48;0;0
Azhi;TOP;PSG;FLY;Bwipo;06.10.2024;3;4;v14.18;Worlds_MainEvent_24;1;1;1;3;Red;00:44:20;Orianna;Rumble;Vi;Renekton;Gnar;Renekton;Loss;10;4;2;0;18;0;2;3;1.5;377;17;0;8.5;16079;363;0.216;60;17;17;7;7;1.35;0.38;0.16;0.38;0.146;17010;11936;5074;0;384;0.194;0.07;0.3;0;0;0;0;0;-1385;-29;-1809;-1;0;2405;2405;3459;0;29958;0;23;734;24490;57;8;29;0;100
JunJia;JUNGLE;PSG;FLY;Inspired;06.10.2024;3;4;v14.18;Worlds_MainEvent_24;1;1;1;3;Red;00:44:20;Yone;Aurora;Ahri;Ivern;Vi;Ivern;Loss;10;4;2;0;17;1;5;5;1.2;259;232;0;5.8;13451;303;0.18;77;20;20;20;18;1.74;0.45;0.45;0.45;0.187;7124;6570;0;554;161;0.081;0.14;0.6;0;0;0;0;0;-179;7;451;1;0;887;887;18686;0;66107;0;25;455;47199;175;20;44;50;0
Maple;MID;PSG;FLY;Quad;06.10.2024;3;4;v14.18;Worlds_MainEvent_24;1;1;1;3;Red;00:44:20;Kalista;Jax;Gnar;Cassiopeia;Ahri;Cassiopeia;Loss;10;4;2;0;18;5;2;4;4.5;377;0;0;8.5;17412;393;0.234;78;34;13;11;11;1.76;0.77;0.25;0.29;0.189;30910;1141;21580;8189;697;0.353;0.2;0.9;0;1;0;0;0;880;1;871;1;0;2654;2654;5418;0;11969;0;27;139;21245;52;14;34;50;300
Betty;ADCARRY;PSG;FLY;Massu;06.10.2024;3;4;v14.18;Worlds_MainEvent_24;1;1;1;3;Red;00:44:20;Ashe;Ziggs;Jhin;Kaisa;Jhin;Kaisa;Loss;10;4;2;0;18;2;2;5;3.5;450;13;0;10.2;18050;407;0.242;44;14;14;4;4;0.99;0.32;0.09;0.32;0.107;28415;23010;5297;108;641;0.324;0.16;0.7;0;0;0;0;0;696;7;410;0;0;2157;2157;6459;0;9875;0;32;247;17820;57;7;24;0;550
Woody;SUPPORT;PSG;FLY;Busio;06.10.2024;3;4;v14.18;Worlds_MainEvent_24;1;1;1;3;Red;00:44:20;Xayah;Rakan;Rell;Leona;Rell;Leona;Loss;10;4;2;0;14;2;4;6;2;35;0;0;0.8;9557;216;0.128;153;96;12;26;24;3.45;2.17;0.59;0.27;0.371;4204;439;2728;1037;95;0.048;0.18;0.8;0;0;0;0;0;391;3;653;1;0;381;381;2052;0;30085;1659;20;59;19148;96;30;46;50;0
Brokenblade;TOP;G2;WBG;Breathe;06.10.2024;3;4;v14.18;Worlds_MainEvent_24;1;1;1;4;Blue;00:35:38;Ashe;Brand;Kalista;Jhin;Galio;Rumble;Win;17;11;3;1;18;3;1;9;12;296;0;0;8.3;14705;413;0.213;56;19;3;6;6;1.57;0.53;0.17;0.08;0.163;20610;375;20018;217;578;0.25;0.34;0.706;1;0;0;0;0;974;10;890;1;0;3969;3969;5051;0;69536;1142;38;142;28983;53;9;28;100;300
Yike;JUNGLE;G2;WBG;Tarzan;06.10.2024;3;4;v14.18;Worlds_MainEvent_24;1;1;1;4;Blue;00:35:38;Poppy;Yone;Galio;Rumble;Nocturne;Maokai;Win;17;11;3;1;16;3;2;6;4.5;227;198;0;6.4;13337;374;0.194;71;30;15;8;8;1.99;0.84;0.22;0.42;0.207;13230;11184;799;1247;371;0.161;0.25;0.529;0;1;0;0;0;633;2;-692;-1;0;4848;4848;22962;0;28082;0;115;531;36624;87;8;33;50;200
Caps;MID;G2;WBG;xiaohu;06.10.2024;3;4;v14.18;Worlds_MainEvent_24;1;1;1;4;Blue;00:35:38;Nidalee;Aurora;Rell;Leona;Orianna;Tristana;Win;17;11;3;1;17;4;3;12;5.3;255;10;0;7.2;13763;386;0.2;19;10;4;4;3;0.53;0.28;0.11;0.11;0.055;21345;706;20560;79;599;0.259;0.45;0.941;0;0;0;0;0;520;22;850;1;0;5713;5713;4198;1685;16424;2982;22;374;17537;127;7;22;400;50
Hans Sama;ADCARRY;G2;WBG;Light;06.10.2024;3;4;v14.18;Worlds_MainEvent_24;1;1;1;4;Blue;00:35:38;Skarner;Yasuo;Orianna;Maokai;Kalista;Jhin;Win;17;11;3;1;18;7;2;6;6.5;349;30;0;9.8;18190;510;0.264;58;24;13;5;5;1.63;0.67;0.14;0.36;0.169;23373;20323;2046;1004;656;0.284;0.36;0.765;0;1;0;0;0;687;-9;-569;0;0;8690;8690;8707;0;13313;0;15;392;18273;45;7;25;50;50
Mikyx;SUPPORT;G2;WBG;Crisp;06.10.2024;3;4;v14.18;Worlds_MainEvent_24;1;1;1;4;Blue;00:35:38;Lucian;Vi;Nocturne;Tristana;Rell;Leona;Win;17;11;3;1;13;0;4;10;2.5;35;0;0;1;8910;250;0.129;139;73;20;18;18;3.9;2.05;0.51;0.56;0.405;3794;961;2123;710;106;0.046;0.28;0.588;0;0;0;0;0;724;-1;-208;-1;0;1779;1779;4969;2191;30279;2401;24;73;21295;121;20;34;0;0
Breathe;TOP;WBG;G2;Brokenblade;06.10.2024;3;4;v14.18;Worlds_MainEvent_24;1;1;1;4;Red;00:35:38;Brand;Ashe;Jhin;Kalista;Rumble;Galio;Loss;12;4;2;1;18;1;3;7;2.7;292;19;0;8.2;13010;365;0.214;40;19;7;8;7;1.12;0.53;0.22;0.2;0.127;17515;541;16792;182;492;0.207;0.22;0.667;0;0;0;0;0;-974;-10;-890;-1;0;0;0;4919;0;25680;0;18;447;23691;59;10;32;0;100
Tarzan;JUNGLE;WBG;G2;Yike;06.10.2024;3;4;v14.18;Worlds_MainEvent_24;1;1;1;4;Red;00:35:38;Yone;Poppy;Rumble;Galio;Maokai;Nocturne;Loss;12;4;2;1;15;2;4;7;2.3;151;130;0;4.2;10054;282;0.165;59;17;13;12;10;1.66;0.48;0.34;0.36;0.187;10928;898;9251;779;307;0.129;0.25;0.75;0;0;0;0;0;-633;-2;692;1;0;0;0;18903;0;46151;1039;48;585;36834;119;13;33;50;0
xiaohu;MID;WBG;G2;Caps;06.10.2024;3;4;v14.18;Worlds_MainEvent_24;1;1;1;4;Red;00:35:38;Aurora;Nidalee;Leona;Rell;Tristana;Orianna;Loss;12;4;2;1;18;4;4;3;1.8;312;20;0;8.8;15279;429;0.251;55;15;23;5;5;1.54;0.42;0.14;0.65;0.175;25973;24465;1294;214;729;0.307;0.2;0.583;0;0;0;0;0;-520;-22;-850;-1;0;8958;8958;8542;0;17328;0;5;128;23643;142;7;29;200;100
Light;ADCARRY;WBG;G2;Hans Sama;06.10.2024;3;4;v14.18;Worlds_MainEvent_24;1;1;1;4;Red;00:35:38;Yasuo;Skarner;Maokai;Orianna;Jhin;Kalista;Loss;12;4;2;1;16;5;2;7;6;320;30;0;9;14719;413;0.242;21;8;6;2;2;0.59;0.22;0.06;0.17;0.067;25677;22045;3346;286;721;0.304;0.34;1;0;1;0;0;0;-687;9;569;0;0;425;425;6248;0;10552;0;24;231;14046;101;3;23;350;400
Crisp;SUPPORT;WBG;G2;Mikyx;06.10.2024;3;4;v14.18;Worlds_MainEvent_24;1;1;1;4;Red;00:35:38;Vi;Lucian;Tristana;Nocturne;Leona;Rell;Loss;12;4;2;1;13;0;4;6;1.5;55;4;0;1.5;7870;221;0.129;140;66;29;22;20;3.93;1.85;0.62;0.81;0.444;4401;1111;2206;1084;124;0.052;0.17;0.5;0;0;0;0;0;-724;1;208;1;0;0;0;1439;0;24762;831;24;75;19437;101;25;39;0;0
Myrwn;TOP;MDK;GAM;Kiaya;07.10.2024;3;5;v14.18;Worlds_MainEvent_24;1;3;3;1;Blue;00:20:58;Shyvana;Skarner;Yone;Akali;Gnar;Smolder;Win;15;10;0;0;13;4;1;2;6;150;3;0;7.2;8492;405;0.195;14;7;2;1;1;0.67;0.33;0.05;0.1;0.095;9431;7409;1918;104;450;0.176;0.29;0.4;0;0;1;0;0;-1010;-23;-329;-1;0;6693;6693;667;0;7856;0;11;260;12178;28;2;16;0;0
Elyoya;JUNGLE;MDK;GAM;Levi;07.10.2024;3;5;v14.18;Worlds_MainEvent_24;1;3;3;1;Blue;00:20:58;Rumble;Nidalee;Maokai;Wukong;Maokai;Wukong;Win;15;10;0;0;12;2;1;8;10;130;120;0;6.2;7906;377;0.182;27;7;5;5;5;1.29;0.33;0.24;0.24;0.184;6519;725;5562;232;311;0.121;0.48;0.667;0;0;0;0;0;519;12;316;0;0;3615;3615;11912;0;19607;320;30;439;18830;28;6;16;0;0
Fresskowy;MID;MDK;GAM;Emo;07.10.2024;3;5;v14.18;Worlds_MainEvent_24;1;3;3;1;Blue;00:20:58;Poppy;Aurora;Ziggs;Kaisa;Yone;Akali;Win;15;10;0;0;14;6;0;2;Perfect_KDA;205;12;0;9.8;10934;521;0.251;13;7;1;3;3;0.62;0.33;0.14;0.05;0.088;19104;13077;3460;2567;911;0.356;0.38;0.533;1;1;0;0;0;1777;2;1286;1;0;10780;10780;4718;0;11060;0;23;199;11065;0;6;18;0;0
Supa;ADCARRY;MDK;GAM;EasyLove;07.10.2024;3;5;v14.18;Worlds_MainEvent_24;1;3;3;1;Blue;00:20:58;Jax;Alistar;Nautilus;Rakan;Ziggs;Kaisa;Win;15;10;0;0;13;3;2;6;4.5;199;0;0;9.5;10252;489;0.236;29;12;8;5;5;1.38;0.57;0.24;0.38;0.197;12653;798;11705;150;603;0.236;0.43;0.6;0;0;0;0;0;1031;13;1209;2;0;11158;11158;618;0;3027;0;11;179;7984;77;7;20;0;150
Alvaro;SUPPORT;MDK;GAM;Elio;07.10.2024;3;5;v14.18;Worlds_MainEvent_24;1;3;3;1;Blue;00:20:58;Rell;Leona;Gnar;Smolder;Nautilus;Rakan;Win;15;10;0;0;10;0;2;11;5.5;28;0;0;1.3;5921;282;0.136;64;26;12;6;6;3.05;1.24;0.29;0.57;0.435;6019;2545;3004;470;287;0.112;0.52;0.733;0;0;0;0;0;290;-3;-587;-1;0;1761;1761;593;0;12606;153;43;176;9228;26;9;19;0;0
Kiaya;TOP;GAM;MDK;Myrwn;07.10.2024;3;5;v14.18;Worlds_MainEvent_24;1;3;3;1;Red;00:20:58;Skarner;Shyvana;Akali;Yone;Smolder;Gnar;Loss;6;2;2;0;12;2;5;3;1;152;1;0;7.2;6990;333;0.205;19;11;0;5;5;0.91;0.52;0.24;0;0.133;13441;10980;2461;0;641;0.373;0.24;0.833;1;0;0;0;0;1010;23;329;1;0;1181;1181;1341;0;7649;0;7;124;16140;163;6;18;0;0
Levi;JUNGLE;GAM;MDK;Elyoya;07.10.2024;3;5;v14.18;Worlds_MainEvent_24;1;3;3;1;Red;00:20:58;Nidalee;Rumble;Wukong;Maokai;Wukong;Maokai;Loss;6;2;2;0;10;1;5;2;0.6;113;107;0;5.4;6437;307;0.188;19;4;6;3;3;0.91;0.19;0.14;0.29;0.133;4923;3969;350;604;235;0.137;0.14;0.5;0;0;0;0;0;-519;-12;-316;0;0;1150;1150;11757;0;19279;0;9;59;27254;87;4;18;0;0
Emo;MID;GAM;MDK;Fresskowy;07.10.2024;3;5;v14.18;Worlds_MainEvent_24;1;3;3;1;Red;00:20:58;Aurora;Poppy;Kaisa;Ziggs;Akali;Yone;Loss;6;2;2;0;12;2;3;0;0.7;167;0;0;8;7626;364;0.223;15;7;2;4;3;0.72;0.33;0.19;0.1;0.105;7821;492;7038;291;373;0.217;0.1;0.333;0;0;0;0;0;-1777;-2;-1286;-1;0;2386;2386;16;0;6301;0;1;59;13302;104;6;18;150;0
EasyLove;ADCARRY;GAM;MDK;Supa;07.10.2024;3;5;v14.18;Worlds_MainEvent_24;1;3;3;1;Red;00:20:58;Alistar;Jax;Rakan;Nautilus;Kaisa;Ziggs;Loss;6;2;2;0;12;1;2;3;2;187;0;0;8.9;7959;380;0.233;10;6;2;0;0;0.48;0.29;0;0.1;0.07;7664;3637;4027;0;366;0.213;0.19;0.667;0;0;0;0;0;-1031;-13;-1209;-2;0;2087;2087;1863;0;4760;0;0;0;9857;69;1;15;0;0
Elio;SUPPORT;GAM;MDK;Alvaro;07.10.2024;3;5;v14.18;Worlds_MainEvent_24;1;3;3;1;Red;00:20:58;Leona;Rell;Smolder;Gnar;Rakan;Nautilus;Loss;6;2;2;0;9;0;1;5;5;34;0;0;1.6;5137;245;0.15;80;47;9;9;7;3.82;2.24;0.43;0.43;0.559;2197;746;1451;0;105;0.061;0.24;0.833;0;0;0;0;0;-290;3;587;1;0;1473;1473;2998;859;9741;2124;15;55;9103;12;12;24;0;0
Kiaya;TOP;GAM;MDK;Myrwn;07.10.2024;3;5;v14.18;Worlds_MainEvent_24;2;3;3;2;Blue;00:42:05;Skarner;Shyvana;Yone;Rumble;Kennen;Rumble;Win;28;8;4;1;18;5;1;13;18;335;18;0;8;16408;390;0.2;42;24;3;9;9;1;0.57;0.21;0.07;0.1;30485;2449;27599;437;724;0.236;0.43;0.643;1;0;0;0;0;-314;-5;-683;-1;0;3494;3494;9460;1772;17570;0;27;172;26548;62;11;34;0;300
Levi;JUNGLE;GAM;MDK;Elyoya;07.10.2024;3;5;v14.18;Worlds_MainEvent_24;2;3;3;2;Blue;00:42:05;Nidalee;Aurora;Wukong;Vi;Wukong;Vi;Win;28;8;4;1;18;9;2;13;11;247;200;0;5.9;16778;399;0.204;84;17;24;17;15;2;0.4;0.4;0.57;0.2;27033;23772;2245;1016;642;0.209;0.52;0.786;0;1;0;0;0;1333;13;345;0;0;3798;3798;29074;0;54576;0;33;288;54988;60;19;37;450;400
Emo;MID;GAM;MDK;Fresskowy;07.10.2024;3;5;v14.18;Worlds_MainEvent_24;2;3;3;2;Blue;00:42:05;Ziggs;Poppy;Kennen;Akali;Yone;Ahri;Win;28;8;4;1;18;2;2;14;8;438;29;0;10.4;18227;433;0.222;65;21;21;12;12;1.54;0.5;0.29;0.5;0.155;30134;21613;4942;3579;716;0.233;0.38;0.571;0;0;0;0;0;-730;18;673;0;0;2400;2400;20817;0;43390;0;30;401;40601;61;14;34;0;200
EasyLove;ADCARRY;GAM;MDK;Supa;07.10.2024;3;5;v14.18;Worlds_MainEvent_24;2;3;3;2;Blue;00:42:05;Kalista;Ezreal;Miss_Fortune;Xayah;Miss_Fortune;Xayah;Win;28;8;4;1;18;10;4;9;4.8;412;30;0;9.8;19931;474;0.243;51;17;19;4;4;1.21;0.4;0.1;0.45;0.121;33001;31424;1489;88;784;0.255;0.45;0.679;0;3;0;0;0;-158;4;-145;0;0;6093;6093;8020;0;24781;0;9;196;15732;72;6;28;50;0
Elio;SUPPORT;GAM;MDK;Alvaro;07.10.2024;3;5;v14.18;Worlds_MainEvent_24;2;3;3;2;Blue;00:42:05;Jhin;Ashe;Rell;Rakan;Rell;Rakan;Win;28;8;4;1;15;2;3;21;7.7;50;0;0;1.2;10702;254;0.13;178;99;33;29;29;4.23;2.35;0.69;0.78;0.424;8595;1817;5130;1648;204;0.067;0.55;0.821;0;0;0;0;0;-317;3;-4;0;0;2409;2409;4336;0;29198;3450;55;110;21806;70;31;49;0;0
Myrwn;TOP;MDK;GAM;Kiaya;07.10.2024;3;5;v14.18;Worlds_MainEvent_24;2;3;3;2;Red;00:42:05;Shyvana;Skarner;Rumble;Yone;Rumble;Kennen;Loss;12;3;1;0;18;2;4;1;0.8;328;4;0;7.8;14972;356;0.208;34;11;4;6;6;0.81;0.26;0.14;0.1;0.071;29595;253;29189;153;703;0.26;0.07;0.25;0;0;0;0;0;314;5;683;1;0;342;342;5286;0;36513;0;17;404;32907;141;11;34;700;0
Elyoya;JUNGLE;MDK;GAM;Levi;07.10.2024;3;5;v14.18;Worlds_MainEvent_24;2;3;3;2;Red;00:42:05;Aurora;Nidalee;Vi;Wukong;Vi;Wukong;Loss;12;3;1;0;16;1;8;7;1;226;187;0;5.4;12635;300;0.175;101;21;32;23;19;2.4;0.5;0.55;0.76;0.21;9601;9043;0;558;228;0.084;0.19;0.667;0;0;0;0;0;-1333;-13;-345;0;0;459;459;12968;0;59116;0;33;354;39515;249;24;47;0;0
Fresskowy;MID;MDK;GAM;Emo;07.10.2024;3;5;v14.18;Worlds_MainEvent_24;2;3;3;2;Red;00:42:05;Poppy;Ziggs;Akali;Kennen;Ahri;Yone;Loss;12;3;1;0;18;6;4;0;1.5;395;8;0;9.4;17393;413;0.242;53;15;11;12;12;1.26;0.36;0.29;0.26;0.11;37582;1940;27705;7937;893;0.33;0.14;0.5;0;1;0;0;0;730;-18;-673;0;0;2090;2090;6460;0;17026;0;38;183;30934;185;18;40;200;300
Supa;ADCARRY;MDK;GAM;EasyLove;07.10.2024;3;5;v14.18;Worlds_MainEvent_24;2;3;3;2;Red;00:42:05;Ezreal;Kalista;Xayah;Miss_Fortune;Xayah;Miss_Fortune;Loss;12;3;1;0;18;2;7;6;1.1;404;24;0;9.6;16777;399;0.233;43;11;12;2;2;1.02;0.26;0.05;0.29;0.09;30206;30104;0;102;718;0.265;0.19;0.667;1;0;0;0;0;158;-4;145;0;0;3633;3633;7242;0;19480;0;23;79;28015;205;3;25;0;200
Alvaro;SUPPORT;MDK;GAM;Elio;07.10.2024;3;5;v14.18;Worlds_MainEvent_24;2;3;3;2;Red;00:42:05;Ashe;Jhin;Rakan;Rell;Rakan;Rell;Loss;12;3;1;0;14;1;5;8;1.8;57;0;0;1.4;10220;243;0.142;249;131;39;25;23;5.92;3.11;0.59;0.93;0.519;6830;1642;5060;128;162;0.06;0.21;0.75;0;0;0;0;0;317;-3;4;0;0;186;186;4829;924;28538;4581;54;174;25691;148;29;45;0;0
Myrwn;TOP;MDK;GAM;Kiaya;07.10.2024;3;5;v14.18;Worlds_MainEvent_24;3;3;3;3;Blue;00:26:43;Shyvana;Skarner;Yone;Aurora;Gnar;Aurora;Loss;8;3;0;0;14;2;6;2;0.7;190;9;0;7.1;9753;365;0.217;21;9;6;2;1;0.79;0.34;0.07;0.22;0.097;11812;10476;1306;30;442;0.201;0.15;0.5;0;0;0;0;0;-2189;-30;-788;-1;0;7658;7658;1290;0;17189;0;19;373;23541;142;3;20;200;0
Elyoya;JUNGLE;MDK;GAM;Levi;07.10.2024;3;5;v14.18;Worlds_MainEvent_24;3;3;3;3;Blue;00:26:43;Poppy;Nidalee;Sejuani;Nocturne;Sejuani;Nocturne;Loss;8;3;0;0;13;2;3;3;1.7;164;139;0;6.1;8793;329;0.196;54;14;14;15;12;2.02;0.52;0.56;0.52;0.25;8273;4556;3220;497;310;0.141;0.19;0.625;0;0;0;0;0;-377;-8;-813;0;0;0;0;11722;162;33752;0;18;413;31024;73;16;32;100;0
Fresskowy;MID;MDK;GAM;Emo;07.10.2024;3;5;v14.18;Worlds_MainEvent_24;3;3;3;3;Blue;00:26:43;Wukong;Ziggs;Gnar;Ahri;Yone;Ahri;Loss;8;3;0;0;15;0;3;4;1.3;238;4;0;8.9;9458;354;0.211;30;12;5;7;7;1.12;0.45;0.26;0.19;0.139;11411;7192;2306;1913;427;0.194;0.15;0.5;0;0;0;0;0;137;6;463;0;0;688;688;5800;0;16196;0;10;147;21627;73;8;20;0;0
Supa;ADCARRY;MDK;GAM;EasyLove;07.10.2024;3;5;v14.18;Worlds_MainEvent_24;3;3;3;3;Blue;00:26:43;Rell;Ashe;Kaisa;Kalista;Kaisa;Kalista;Loss;8;3;0;0;14;4;4;3;1.8;256;8;0;9.6;10839;406;0.241;31;6;16;2;0;1.16;0.22;0.07;0.6;0.144;22455;11143;10538;774;840;0.382;0.26;0.875;1;0;0;0;0;138;18;1112;1;0;0;0;2941;0;9852;0;5;105;15430;113;3;21;50;50
Alvaro;SUPPORT;MDK;GAM;Elio;07.10.2024;3;5;v14.18;Worlds_MainEvent_24;3;3;3;3;Blue;00:26:43;Miss_Fortune;Ezreal;Nautilus;Braum;Nautilus;Braum;Loss;8;3;0;0;9;0;8;5;0.6;37;0;0;1.4;6042;226;0.135;80;40;12;13;10;2.99;1.5;0.49;0.45;0.37;4885;821;3164;900;183;0.083;0.19;0.625;0;0;0;0;0;-635;3;-508;0;0;0;0;589;164;21207;343;36;191;16933;140;14;27;0;0
Kiaya;TOP;GAM;MDK;Myrwn;07.10.2024;3;5;v14.18;Worlds_MainEvent_24;3;3;3;3;Red;00:26:43;Skarner;Shyvana;Aurora;Yone;Aurora;Gnar;Win;24;8;3;1;15;7;0;13;Perfect_KDA;200;0;0;7.5;12987;486;0.229;38;15;6;7;7;1.42;0.56;0.26;0.22;0.148;21421;2507;18719;195;802;0.247;0.75;0.833;1;0;1;0;0;2189;30;788;1;0;6231;6231;5009;0;9707;0;8;181;14163;0;9;27;50;0
Levi;JUNGLE;GAM;MDK;Elyoya;07.10.2024;3;5;v14.18;Worlds_MainEvent_24;3;3;3;3;Red;00:26:43;Nidalee;Poppy;Nocturne;Sejuani;Nocturne;Sejuani;Win;24;8;3;1;15;2;2;13;7.5;192;177;0;7.2;10342;387;0.182;65;24;13;6;6;2.43;0.9;0.22;0.49;0.254;8724;7785;701;238;327;0.101;0.56;0.625;0;0;0;0;0;377;8;813;0;0;3963;3963;22336;0;24138;0;101;464;35195;36;7;20;0;0
Emo;MID;GAM;MDK;Fresskowy;07.10.2024;3;5;v14.18;Worlds_MainEvent_24;3;3;3;3;Red;00:26:43;Ziggs;Wukong;Ahri;Gnar;Ahri;Yone;Win;24;8;3;1;16;3;1;10;13;247;0;0;9.2;11525;431;0.203;26;7;5;5;5;0.97;0.26;0.19;0.19;0.102;19624;2252;12093;5279;735;0.226;0.49;0.542;0;0;0;0;0;-137;-6;-463;0;0;2857;2857;4961;0;6910;0;18;99;12843;42;7;24;0;200
EasyLove;ADCARRY;GAM;MDK;Supa;07.10.2024;3;5;v14.18;Worlds_MainEvent_24;3;3;3;3;Red;00:26:43;Ashe;Rell;Kalista;Kaisa;Kalista;Kaisa;Win;24;8;3;1;15;11;2;7;9;249;8;0;9.3;13915;521;0.245;38;14;11;7;6;1.42;0.52;0.26;0.41;0.148;32174;27495;4013;666;1204;0.371;0.67;0.75;0;3;0;0;0;-138;-18;-1112;-1;0;4363;4363;8056;0;9286;0;19;373;15967;42;8;20;0;150
Elio;SUPPORT;GAM;MDK;Alvaro;07.10.2024;3;5;v14.18;Worlds_MainEvent_24;3;3;3;3;Red;00:26:43;Ezreal;Miss_Fortune;Braum;Nautilus;Braum;Nautilus;Win;24;8;3;1;12;1;3;20;7;27;0;0;1;7995;299;0.141;89;47;8;14;14;3.33;1.76;0.52;0.3;0.348;4858;937;3052;869;182;0.056;0.79;0.875;0;0;0;0;0;635;-3;508;0;0;4077;4077;2146;0;19516;2009;38;146;17924;83;17;32;0;0
Impact;TOP;TL;PNG;Wizer;07.10.2024;3;5;v14.18;Worlds_MainEvent_24;1;3;3;4;Blue;00:36:47;Yone;Ziggs;Jax;Gnar;Jax;Gnar;Win;14;10;1;2;18;0;1;4;4;271;6;0;7.4;13827;376;0.193;42;18;9;4;4;1.14;0.49;0.11;0.24;0.102;4323;2264;1957;102;118;0.06;0.11;0.286;0;0;0;0;0;-318;-25;-512;0;0;9001;9001;2163;0;14349;0;4;175;18464;43;6;27;0;0
UmTi;JUNGLE;TL;PNG;Cariok;07.10.2024;3;5;v14.18;Worlds_MainEvent_24;1;3;3;4;Blue;00:36:47;Lucian;Aurora;Kaisa;Nocturne;Vi;Nocturne;Win;14;10;1;2;17;2;3;8;3.3;234;211;0;6.4;13474;366;0.188;60;15;16;13;13;1.63;0.41;0.35;0.43;0.146;7024;6632;0;392;191;0.097;0.27;0.714;0;0;0;0;0;-382;-12;-376;0;0;1602;1602;19288;0;46852;0;17;288;34779;82;14;39;0;100
APA;MID;TL;PNG;dyNquedo;07.10.2024;3;5;v14.18;Worlds_MainEvent_24;1;3;3;4;Blue;00:36:47;Skarner;Sejuani;Ahri;Orianna;Ahri;Orianna;Win;14;10;1;2;18;3;2;5;4;317;0;0;8.6;15141;412;0.212;88;33;28;7;7;2.39;0.9;0.19;0.76;0.215;21849;1533;15546;4770;594;0.301;0.22;0.571;0;0;0;0;0;580;3;858;1;0;8231;8231;7016;0;10852;0;23;139;20143;109;10;27;0;150
Yeon;ADCARRY;TL;PNG;Titan;07.10.2024;3;5;v14.18;Worlds_MainEvent_24;1;3;3;4;Blue;00:36:47;Kalista;Neeko;Vi;Ezreal;Kaisa;Ezreal;Win;14;10;1;2;18;9;0;3;Perfect_KDA;450;38;0;12.2;20231;550;0.283;75;15;18;4;4;2.04;0.41;0.11;0.49;0.183;35736;9345;25593;798;972;0.492;0.33;0.857;0;1;1;0;0;1216;19;1615;1;0;4021;4021;5155;0;12014;0;6;183;13485;0;5;29;200;0
CoreJJ;SUPPORT;TL;PNG;Kuri;07.10.2024;3;5;v14.18;Worlds_MainEvent_24;1;3;3;4;Blue;00:36:47;Xayah;Maokai;Rell;Alistar;Rell;Alistar;Win;14;10;1;2;13;0;2;11;5.5;33;0;0;0.9;8881;241;0.124;145;61;20;18;16;3.94;1.66;0.49;0.54;0.354;3657;549;2531;577;99;0.05;0.3;0.786;0;0;0;0;0;-65;-6;58;0;0;148;148;228;0;12882;1246;28;54;10223;46;21;35;0;0
Wizer;TOP;PNG;TL;Impact;07.10.2024;3;5;v14.18;Worlds_MainEvent_24;1;3;3;4;Red;00:36:47;Ziggs;Yone;Gnar;Jax;Gnar;Jax;Loss;8;3;4;0;18;2;2;2;2;349;12;0;9.5;15028;409;0.243;36;10;10;5;5;0.98;0.27;0.14;0.27;0.111;11586;9474;1851;261;315;0.187;0.11;0.5;0;0;0;0;0;318;25;512;0;0;5801;5801;4599;0;23498;0;18;504;19143;32;6;23;0;100
Cariok;JUNGLE;PNG;TL;UmTi;07.10.2024;3;5;v14.18;Worlds_MainEvent_24;1;3;3;4;Red;00:36:47;Aurora;Lucian;Nocturne;Kaisa;Nocturne;Vi;Loss;8;3;4;0;16;1;3;4;1.7;226;198;0;6.1;11493;312;0.186;68;27;15;12;11;1.85;0.73;0.33;0.41;0.209;9140;7219;633;1288;248;0.148;0.14;0.625;0;0;0;0;0;382;12;376;0;0;1404;1404;24408;0;26466;0;128;501;38988;71;13;30;0;0
dyNquedo;MID;PNG;TL;APA;07.10.2024;3;5;v14.18;Worlds_MainEvent_24;1;3;3;4;Red;00:36:47;Sejuani;Skarner;Orianna;Ahri;Orianna;Ahri;Loss;8;3;4;0;17;3;3;4;2.3;305;0;0;8.3;13479;366;0.218;40;18;14;10;9;1.09;0.49;0.27;0.38;0.123;17669;863;16770;36;480;0.286;0.19;0.875;0;0;0;0;0;-580;-3;-858;-1;0;658;658;2818;0;10927;2072;25;416;15339;75;12;33;100;50
Titan;ADCARRY;PNG;TL;Yeon;07.10.2024;3;5;v14.18;Worlds_MainEvent_24;1;3;3;4;Red;00:36:47;Neeko;Kalista;Ezreal;Vi;Ezreal;Kaisa;Loss;8;3;4;0;17;1;2;3;2;350;13;0;9.5;14121;384;0.228;43;18;11;9;9;1.17;0.49;0.24;0.3;0.132;19740;11755;6707;1278;537;0.319;0.11;0.5;0;0;0;0;0;-1216;-19;-1615;-1;1;2006;2006;6243;0;8855;0;6;166;17909;28;11;28;150;50
Kuri;SUPPORT;PNG;TL;CoreJJ;07.10.2024;3;5;v14.18;Worlds_MainEvent_24;1;3;3;4;Red;00:36:47;Maokai;Xayah;Alistar;Rell;Alistar;Rell;Loss;8;3;4;0;13;1;4;2;0.8;39;0;0;1.1;7694;209;0.124;138;86;19;22;20;3.75;2.34;0.6;0.52;0.425;3720;478;2472;770;101;0.06;0.08;0.375;0;0;0;0;0;65;6;-58;0;0;890;890;5170;2370;22624;76;23;92;15885;104;25;39;0;0
Wizer;TOP;PNG;TL;Impact;07.10.2024;3;5;v14.18;Worlds_MainEvent_24;2;3;3;5;Blue;00:29:26;Ziggs;Yone;Nocturne;Gnar;Renekton;Gnar;Loss;16;3;1;0;15;7;3;2;3;248;12;0;8.4;12114;412;0.236;37;10;7;8;6;1.26;0.34;0.27;0.24;0.144;12346;9570;2560;216;419;0.189;0.31;0.563;0;1;0;0;0;552;-4;-103;0;0;1300;1300;7996;0;27870;0;14;175;30105;67;10;28;300;350
Cariok;JUNGLE;PNG;TL;UmTi;07.10.2024;3;5;v14.18;Worlds_MainEvent_24;2;3;3;5;Blue;00:29:26;Jax;Lucian;Orianna;Skarner;Nocturne;Skarner;Loss;16;3;1;0;13;1;5;11;2.4;165;149;0;5.6;9491;322;0.185;64;22;11;10;8;2.17;0.75;0.34;0.37;0.249;13573;11623;740;1210;461;0.208;0.41;0.75;0;0;0;0;0;263;-22;-568;0;0;2309;2309;19758;0;22884;0;134;553;35964;97;11;29;100;0
dyNquedo;MID;PNG;TL;APA;07.10.2024;3;5;v14.18;Worlds_MainEvent_24;2;3;3;5;Blue;00:29:26;Kaisa;Aurora;Renekton;Neeko;Orianna;Neeko;Loss;16;3;1;0;15;4;1;8;12;227;8;0;7.7;11951;406;0.232;33;15;6;6;6;1.12;0.51;0.2;0.2;0.128;16102;810;15100;192;547;0.247;0.41;0.75;0;0;0;0;0;-1683;-11;-546;0;0;4023;4023;1878;0;8918;1535;23;271;12568;0;8;24;500;150
Titan;ADCARRY;PNG;TL;Yeon;07.10.2024;3;5;v14.18;Worlds_MainEvent_24;2;3;3;5;Blue;00:29:26;Kalista;Ashe;Jhin;Ezreal;Jhin;Ezreal;Loss;16;3;1;0;15;2;3;9;3.7;255;6;0;8.7;10893;370;0.212;32;15;8;6;6;1.09;0.51;0.2;0.27;0.125;17081;15114;1895;72;580;0.262;0.37;0.688;1;0;0;0;0;-211;-11;-482;-1;0;1011;1011;5676;0;5762;0;34;116;14592;36;10;26;0;50
Kuri;SUPPORT;PNG;TL;CoreJJ;07.10.2024;3;5;v14.18;Worlds_MainEvent_24;2;3;3;5;Blue;00:29:26;Poppy;Xayah;Rell;Leona;Rell;Leona;Loss;16;3;1;0;11;2;3;11;4.3;26;0;0;0.9;6970;237;0.136;91;58;6;13;12;3.09;1.97;0.44;0.2;0.354;6096;773;4485;838;207;0.093;0.44;0.813;0;0;0;0;0;-158;-3;132;0;0;0;0;2512;180;24245;0;41;90;17520;93;15;31;0;0
Impact;TOP;TL;PNG;Wizer;07.10.2024;3;5;v14.18;Worlds_MainEvent_24;2;3;3;5;Red;00:29:26;Yone;Ziggs;Gnar;Nocturne;Gnar;Renekton;Win;15;9;3;1;16;0;4;4;1;247;0;0;8.4;11202;381;0.195;33;12;6;4;4;1.12;0.41;0.14;0.2;0.121;15355;12350;3005;0;522;0.187;0.14;0.267;0;0;0;0;0;-552;4;103;0;0;6216;6216;2634;0;17954;0;19;330;20266;138;6;26;0;50
UmTi;JUNGLE;TL;PNG;Cariok;07.10.2024;3;5;v14.18;Worlds_MainEvent_24;2;3;3;5;Red;00:29:26;Lucian;Jax;Skarner;Orianna;Skarner;Nocturne;Win;15;9;3;1;15;1;2;10;5.5;185;168;0;6.3;10604;360;0.185;57;11;14;9;9;1.94;0.37;0.31;0.48;0.209;13139;9398;3358;383;446;0.16;0.37;0.733;0;0;0;0;0;-263;22;568;0;0;928;928;16764;0;41556;0;38;684;33644;53;10;26;150;0
APA;MID;TL;PNG;dyNquedo;07.10.2024;3;5;v14.18;Worlds_MainEvent_24;2;3;3;5;Red;00:29:26;Aurora;Kaisa;Neeko;Renekton;Neeko;Orianna;Win;15;9;3;1;17;9;2;2;5.5;270;8;0;9.2;14524;493;0.253;43;17;10;6;6;1.46;0.58;0.2;0.34;0.158;24506;1459;22783;264;833;0.298;0.37;0.733;2;1;0;0;0;1683;11;546;0;0;7138;7138;1428;0;6633;0;27;220;12754;77;10;26;150;600
Yeon;ADCARRY;TL;PNG;Titan;07.10.2024;3;5;v14.18;Worlds_MainEvent_24;2;3;3;5;Red;00:29:26;Ashe;Kalista;Ezreal;Jhin;Ezreal;Jhin;Win;15;9;3;1;16;5;2;5;5;301;8;0;10.2;13524;459;0.236;31;10;8;5;3;1.05;0.34;0.17;0.27;0.114;23769;16739;6552;478;808;0.289;0.34;0.667;0;1;0;0;0;211;11;482;1;1;5043;5043;4018;0;9118;0;3;56;14353;85;6;24;250;250
CoreJJ;SUPPORT;TL;PNG;Kuri;07.10.2024;3;5;v14.18;Worlds_MainEvent_24;2;3;3;5;Red;00:29:26;Xayah;Poppy;Leona;Rell;Leona;Rell;Win;15;9;3;1;11;0;6;10;1.7;37;0;0;1.3;7449;253;0.13;109;43;19;14;11;3.7;1.46;0.48;0.65;0.399;5401;1716;2709;976;183;0.066;0.34;0.667;0;0;0;0;0;158;3;-132;0;0;1119;1119;712;0;17018;1071;23;38;15370;126;17;31;0;0
369;TOP;TES;DK;kingen;10.10.2024;4;6;v14.18;Worlds_MainEvent_24;1;2;3;1;Blue;00:32:48;Gnar;Yone;Aurora;Jax;KSante;Jax;Win;15;10;3;2;17;2;0;4;Perfect_KDA;245;0;0;7.5;12604;384;0.192;34;13;3;7;7;1.04;0.4;0.21;0.09;0.107;9287;6943;1397;947;283;0.124;0.18;0.4;0;0;0;0;0;847;12;1105;1;0;8852;8852;6263;0;38887;493;22;1952;22099;0;8;30;0;0
Tian;JUNGLE;TES;DK;Lucid;10.10.2024;4;6;v14.18;Worlds_MainEvent_24;1;2;3;1;Blue;00:32:48;Vi;Renekton;KSante;Skarner;Xin_Zhao;Skarner;Win;15;10;3;2;16;2;1;9;11;235;207;0;7.2;12552;383;0.191;75;14;19;13;13;2.29;0.43;0.4;0.58;0.235;11180;10040;658;482;341;0.15;0.34;0.733;0;0;0;0;0;647;2;14;0;0;3796;3796;32470;0;31868;0;17;631;40872;12;14;29;50;0
Creme;MID;TES;DK;ShowMaker;10.10.2024;4;6;v14.18;Worlds_MainEvent_24;1;2;3;1;Blue;00:32:48;LeBlanc;Rumble;Xin_Zhao;Rell;Aurora;Orianna;Win;15;10;3;2;18;5;2;3;4;291;0;0;8.9;14155;432;0.215;34;13;6;9;9;1.04;0.4;0.27;0.18;0.107;22367;1072;19473;1822;682;0.3;0.24;0.533;0;1;0;0;0;-238;-34;-741;0;0;3223;3223;2069;0;8499;0;12;314;14318;97;11;29;0;100
JackeyLove;ADCARRY;TES;DK;Aiming;10.10.2024;4;6;v14.18;Worlds_MainEvent_24;1;2;3;1;Blue;00:32:48;Sylas;Poppy;Ashe;Orianna;Ashe;Smolder;Win;15;10;3;2;17;6;0;7;Perfect_KDA;362;22;0;11;17021;519;0.259;62;12;20;4;4;1.89;0.37;0.12;0.61;0.194;23882;20292;3242;348;728;0.32;0.4;0.867;0;0;0;0;0;1461;10;615;1;0;8472;8472;4157;0;8657;0;41;765;9543;0;6;24;0;0
meiko;SUPPORT;TES;DK;Moham;10.10.2024;4;6;v14.18;Worlds_MainEvent_24;1;2;3;1;Blue;00:32:48;Kaisa;Renata_Glasc;Braum;Smolder;Braum;Rell;Win;15;10;3;2;13;0;1;14;14;28;0;0;0.9;9402;287;0.143;114;58;11;17;17;3.48;1.77;0.52;0.34;0.357;7904;943;6905;56;241;0.106;0.43;0.933;0;0;0;0;0;721;2;1012;1;0;3390;3390;4638;685;17165;2676;42;195;15296;12;19;35;0;0
kingen;TOP;DK;TES;369;10.10.2024;4;6;v14.18;Worlds_MainEvent_24;1;2;3;1;Red;00:32:48;Yone;Gnar;Jax;Aurora;Jax;KSante;Loss;4;4;2;0;16;0;4;1;0.3;228;12;0;7;11831;361;0.213;27;13;6;3;1;0.82;0.4;0.09;0.18;0.096;9618;4170;5401;47;293;0.165;0.03;0.25;0;0;0;0;0;-847;-12;-1105;-1;0;9244;9244;3405;0;23376;0;10;175;23881;88;4;25;0;0
Lucid;JUNGLE;DK;TES;Tian;10.10.2024;4;6;v14.18;Worlds_MainEvent_24;1;2;3;1;Red;00:32:48;Renekton;Vi;Skarner;KSante;Skarner;Xin_Zhao;Loss;4;4;2;0;14;0;4;3;0.8;176;163;0;5.4;9297;283;0.168;36;14;8;17;13;1.1;0.43;0.52;0.24;0.129;7710;5003;2667;40;235;0.132;0.09;0.75;0;0;0;0;0;-647;-2;-14;0;1;0;0;12006;0;46873;0;16;623;34841;112;18;36;0;0
ShowMaker;MID;DK;TES;Creme;10.10.2024;4;6;v14.18;Worlds_MainEvent_24;1;2;3;1;Red;00:32:48;Rumble;LeBlanc;Rell;Xin_Zhao;Orianna;Aurora;Loss;4;4;2;0;17;0;1;2;2;311;18;0;9.5;12043;367;0.217;45;19;11;8;7;1.37;0.58;0.24;0.34;0.161;14433;178;14255;0;440;0.247;0.06;0.5;0;0;0;0;0;238;34;741;0;0;1157;1157;1016;0;6777;2075;24;452;9436;35;10;26;0;0
Aiming;ADCARRY;DK;TES;JackeyLove;10.10.2024;4;6;v14.18;Worlds_MainEvent_24;1;2;3;1;Red;00:32:48;Poppy;Sylas;Orianna;Ashe;Smolder;Ashe;Loss;4;4;2;0;17;3;1;0;3;374;12;0;11.4;14531;443;0.262;48;13;14;4;3;1.46;0.4;0.12;0.43;0.171;23367;14461;4151;4755;712;0.4;0.09;0.75;0;0;0;0;0;-1461;-10;-615;-1;0;2874;2874;5968;0;9101;0;7;467;13977;28;5;21;100;50
Moham;SUPPORT;DK;TES;meiko;10.10.2024;4;6;v14.18;Worlds_MainEvent_24;1;2;3;1;Red;00:32:48;Renata_Glasc;Kaisa;Smolder;Braum;Rell;Braum;Loss;4;4;2;0;11;1;5;3;0.8;34;0;0;1;7748;236;0.14;124;74;19;22;20;3.78;2.26;0.67;0.58;0.443;3296;454;2116;726;100;0.056;0.12;1;0;0;0;0;0;-721;-2;-1012;-1;0;1185;1185;1398;0;18899;0;19;61;17489;126;24;38;0;0
kingen;TOP;DK;TES;369;10.10.2024;4;6;v14.18;Worlds_MainEvent_24;2;2;3;2;Blue;00:36:25;Renekton;Gnar;Yone;Aurora;Jax;KSante;Loss;15;4;1;1;18;2;3;4;2;296;20;0;8.1;13341;366;0.213;33;18;4;9;6;0.91;0.49;0.25;0.11;0.105;18392;7846;10364;182;505;0.194;0.16;0.4;1;0;0;0;0;-1450;-20;-969;-1;0;3688;3688;6349;0;40297;0;17;217;34587;73;10;32;200;50
Lucid;JUNGLE;DK;TES;Tian;10.10.2024;4;6;v14.18;Worlds_MainEvent_24;2;2;3;2;Blue;00:36:25;Rumble;Vi;Sejuani;Skarner;Sejuani;Skarner;Loss;15;4;1;1;14;1;6;7;1.3;170;146;0;4.7;10184;280;0.162;53;16;15;17;15;1.46;0.44;0.47;0.41;0.168;10856;5527;4355;974;298;0.115;0.22;0.533;0;0;0;0;0;-872;-11;-415;0;1;0;0;14496;295;53365;0;41;789;37870;229;18;36;0;0
ShowMaker;MID;DK;TES;Creme;10.10.2024;4;6;v14.18;Worlds_MainEvent_24;2;2;3;2;Blue;00:36:25;Ashe;Maokai;Jax;KSante;Yone;Aurora;Loss;15;4;1;1;17;5;5;4;1.8;286;20;0;7.9;14198;390;0.226;40;8;14;5;5;1.1;0.22;0.14;0.38;0.127;21588;13741;4955;2892;593;0.228;0.25;0.6;0;0;0;0;0;395;4;278;0;0;423;423;11246;0;37298;0;36;341;36201;143;6;29;250;200
Aiming;ADCARRY;DK;TES;JackeyLove;10.10.2024;4;6;v14.18;Worlds_MainEvent_24;2;2;3;2;Blue;00:36:25;Poppy;Ziggs;Leona;Rell;Miss_Fortune;Kalista;Loss;15;4;1;1;17;7;3;5;4;352;20;0;9.7;16883;464;0.269;52;16;21;4;3;1.43;0.44;0.11;0.58;0.165;34935;32978;1423;534;959;0.369;0.33;0.8;1;1;0;0;0;1520;20;1240;1;0;2620;2620;8210;0;22486;0;13;192;16466;73;6;25;100;800
Moham;SUPPORT;DK;TES;meiko;10.10.2024;4;6;v14.18;Worlds_MainEvent_24;2;2;3;2;Blue;00:36:25;Renata_Glasc;Kaisa;Miss_Fortune;Kalista;Leona;Rell;Loss;15;4;1;1;11;0;9;9;1;40;0;0;1.1;8166;224;0.13;137;80;22;29;27;3.76;2.2;0.8;0.6;0.435;8892;1417;5995;1480;244;0.094;0.25;0.6;0;0;0;0;0;-542;7;33;0;0;0;0;508;0;31257;1439;48;107;26010;200;31;46;0;0
369;TOP;TES;DK;kingen;10.10.2024;4;6;v14.18;Worlds_MainEvent_24;2;2;3;2;Red;00:36:25;Gnar;Renekton;Aurora;Yone;KSante;Jax;Win;26;9;3;1;18;6;1;13;19;282;0;0;7.7;16634;457;0.234;32;10;4;4;4;0.88;0.27;0.11;0.11;0.093;27226;20511;4770;1945;748;0.224;0.52;0.731;1;1;0;0;0;1450;20;969;1;0;9037;9037;6786;0;56897;1547;53;2506;27246;48;5;24;700;200
Tian;JUNGLE;TES;DK;Lucid;10.10.2024;4;6;v14.18;Worlds_MainEvent_24;2;2;3;2;Red;00:36:25;Vi;Rumble;Skarner;Sejuani;Skarner;Sejuani;Win;26;9;3;1;16;5;3;17;7.3;210;183;0;5.8;13166;362;0.185;70;19;19;15;15;1.92;0.52;0.41;0.52;0.203;17720;10993;6127;600;487;0.146;0.6;0.846;0;0;0;0;0;872;11;415;0;0;659;659;15010;0;82672;0;49;894;40077;94;16;33;0;100
Creme;MID;TES;DK;ShowMaker;10.10.2024;4;6;v14.18;Worlds_MainEvent_24;2;2;3;2;Red;00:36:25;Maokai;Ashe;KSante;Jax;Aurora;Yone;Win;26;9;3;1;18;7;3;15;7.3;280;8;0;7.7;15439;424;0.217;78;35;18;8;8;2.14;0.96;0.22;0.49;0.226;44609;3316;38799;2494;1225;0.367;0.6;0.846;0;2;0;0;0;-395;-4;-278;0;0;6547;6547;4804;0;11374;0;16;318;20112;82;10;27;100;100
JackeyLove;ADCARRY;TES;DK;Aiming;10.10.2024;4;6;v14.18;Worlds_MainEvent_24;2;2;3;2;Red;00:36:25;Ziggs;Poppy;Rell;Leona;Kalista;Miss_Fortune;Win;26;9;3;1;17;7;5;12;3.8;314;27;0;8.6;16689;458;0.235;49;12;15;7;6;1.35;0.33;0.19;0.41;0.142;23638;18136;5032;470;649;0.194;0.52;0.731;0;0;0;0;0;-1520;-20;-1240;-1;0;3236;3236;6811;0;16328;0;13;399;21672;136;9;29;250;150
meiko;SUPPORT;TES;DK;Moham;10.10.2024;4;6;v14.18;Worlds_MainEvent_24;2;2;3;2;Red;00:36:25;Kaisa;Renata_Glasc;Kalista;Miss_Fortune;Rell;Leona;Win;26;9;3;1;14;1;3;19;6.7;26;0;0;0.7;9103;250;0.128;116;65;10;17;17;3.19;1.78;0.47;0.27;0.336;8381;1847;4819;1715;230;0.069;0.55;0.769;0;0;0;0;0;542;-7;-33;0;0;2003;2003;940;0;26252;689;55;128;17572;89;19;35;0;0
Doran;TOP;HLE;FLY;Bwipo;10.10.2024;4;6;v14.18;Worlds_MainEvent_24;1;3;3;3;Blue;00:33:26;Orianna;Aurora;Yone;Kalista;Jax;Urgot;Win;16;9;3;1;18;5;2;5;5;280;24;0;8.4;15015;449;0.228;34;15;8;6;4;1.02;0.45;0.18;0.24;0.116;15721;8079;7642;0;470;0.2;0.3;0.625;0;0;0;0;0;-445;-20;-613;0;0;10461;10461;3922;0;28870;0;11;241;28161;98;7;27;100;300
Peanut;JUNGLE;HLE;FLY;Inspired;10.10.2024;4;6;v14.18;Worlds_MainEvent_24;1;3;3;3;Blue;00:33:26;Ivern;Ziggs;Sejuani;Cassiopeia;Sejuani;Amumu;Win;16;9;3;1;15;3;4;6;2.3;199;172;0;6;11675;349;0.177;57;13;15;11;11;1.7;0.39;0.33;0.45;0.195;8766;4700;2789;1277;262;0.112;0.27;0.563;0;0;0;0;0;530;-21;-464;-1;0;2417;2417;16123;153;52531;811;19;407;45442;184;12;24;0;200
Zeka;MID;HLE;FLY;Quad;10.10.2024;4;6;v14.18;Worlds_MainEvent_24;1;3;3;3;Blue;00:33:26;Renekton;Ashe;Jax;Amumu;Yone;Cassiopeia;Win;16;9;3;1;18;1;2;6;3.5;368;26;0;11;14693;439;0.223;32;17;4;6;6;0.96;0.51;0.18;0.12;0.11;25796;17679;4228;3889;772;0.329;0.21;0.438;1;0;0;0;0;959;15;1174;1;0;3565;3565;8261;0;20423;0;21;273;19406;66;7;25;0;50
Viper;ADCARRY;HLE;FLY;Massu;10.10.2024;4;6;v14.18;Worlds_MainEvent_24;1;3;3;3;Blue;00:33:26;Leona;Rakan;Kaisa;Urgot;Kaisa;Kalista;Win;16;9;3;1;17;7;2;1;4;359;34;0;10.7;16493;493;0.25;35;14;8;4;4;1.05;0.42;0.12;0.24;0.12;25181;7308;16992;881;753;0.321;0.24;0.5;2;1;0;1;0;-252;7;120;0;0;7499;7499;3922;0;10430;0;1;118;13268;98;5;23;650;550
Delight;SUPPORT;HLE;FLY;Busio;10.10.2024;4;6;v14.18;Worlds_MainEvent_24;1;3;3;3;Blue;00:33:26;Poppy;Alistar;Rell;Renata_Glasc;Rell;Renata_Glasc;Win;16;9;3;1;13;0;2;6;3;52;0;0;1.6;8118;243;0.123;134;68;21;15;15;4.01;2.03;0.45;0.63;0.459;3040;665;1628;747;91;0.039;0.18;0.375;0;0;0;0;0;-16;18;-519;0;0;1428;1428;429;0;16861;888;16;41;9516;73;17;34;0;0
Bwipo;TOP;FLY;HLE;Doran;10.10.2024;4;6;v14.18;Worlds_MainEvent_24;1;3;3;3;Red;00:33:26;Aurora;Orianna;Kalista;Yone;Urgot;Jax;Loss;12;4;2;1;18;5;3;2;2.3;341;34;0;10.2;15856;474;0.26;37;14;6;4;3;1.11;0.42;0.12;0.18;0.132;21405;16730;144;4531;640;0.264;0.21;0.583;0;1;0;0;0;445;20;613;0;0;2691;2691;8228;0;53337;0;28;386;32626;54;5;27;550;550
Inspired;JUNGLE;FLY;HLE;Peanut;10.10.2024;4;6;v14.18;Worlds_MainEvent_24;1;3;3;3;Red;00:33:26;Ziggs;Ivern;Cassiopeia;Sejuani;Amumu;Sejuani;Loss;12;4;2;1;15;0;3;10;3.3;194;169;0;5.8;10667;319;0.175;39;8;9;7;6;1.17;0.24;0.21;0.27;0.139;14074;1013;11127;1934;421;0.173;0.3;0.833;0;0;0;0;0;-530;21;464;1;0;664;664;14079;0;33828;0;24;285;28824;79;8;25;0;0
Quad;MID;FLY;HLE;Zeka;10.10.2024;4;6;v14.18;Worlds_MainEvent_24;1;3;3;3;Red;00:33:26;Ashe;Renekton;Amumu;Jax;Cassiopeia;Yone;Loss;12;4;2;1;18;3;4;4;1.8;298;8;0;8.9;12958;388;0.212;42;12;11;5;5;1.26;0.36;0.15;0.33;0.15;21046;619;17494;2933;629;0.259;0.21;0.583;0;0;0;0;0;-959;-15;-1174;-1;0;822;822;8154;0;14680;0;23;459;25097;68;7;29;200;50
Massu;ADCARRY;FLY;HLE;Viper;10.10.2024;4;6;v14.18;Worlds_MainEvent_24;1;3;3;3;Red;00:33:26;Rakan;Leona;Urgot;Kaisa;Kalista;Kaisa;Loss;12;4;2;1;16;4;3;4;2.7;299;10;0;8.9;13857;414;0.227;36;13;7;4;4;1.08;0.39;0.12;0.21;0.129;19970;13487;3019;3464;597;0.246;0.24;0.667;0;0;0;0;0;252;-7;-120;0;0;6763;6763;5174;0;9677;0;12;398;18755;67;5;20;350;150
Busio;SUPPORT;FLY;HLE;Delight;10.10.2024;4;6;v14.18;Worlds_MainEvent_24;1;3;3;3;Red;00:33:26;Alistar;Poppy;Renata_Glasc;Rell;Renata_Glasc;Rell;Loss;12;4;2;1;14;0;3;9;3;25;0;0;0.7;7714;231;0.126;126;82;9;19;18;3.77;2.45;0.57;0.27;0.45;4653;1299;3037;317;139;0.057;0.27;0.75;0;0;0;0;0;16;-18;519;0;0;2785;2785;3346;1505;10926;2236;12;199;12276;57;22;36;0;0
Doran;TOP;HLE;FLY;Bwipo;10.10.2024;4;6;v14.18;Worlds_MainEvent_24;2;3;3;4;Blue;00:37:44;Ivern;Aurora;Renekton;Kalista;Renekton;Olaf;Loss;14;5;1;0;16;2;6;5;1.2;277;0;0;7.3;13474;357;0.201;52;10;17;7;5;1.38;0.27;0.19;0.45;0.151;15012;11633;3056;323;398;0.136;0.19;0.5;1;0;0;0;0;894;25;528;0;0;4572;4572;10692;0;46702;0;12;50;46212;212;9;27;0;0
Peanut;JUNGLE;HLE;FLY;Inspired;10.10.2024;4;6;v14.18;Worlds_MainEvent_24;2;3;3;4;Blue;00:37:44;Cassiopeia;Yone;Zyra;Olaf;Zyra;Nunu;Loss;14;5;1;0;16;3;5;10;2.6;262;215;0;6.9;13734;364;0.205;79;35;16;6;6;2.09;0.93;0.16;0.42;0.23;28329;852;23474;4003;751;0.257;0.34;0.929;0;0;0;0;0;1259;24;1260;1;1;1056;1056;9956;314;12629;0;51;792;26794;164;7;21;300;50
Zeka;MID;HLE;FLY;Quad;10.10.2024;4;6;v14.18;Worlds_MainEvent_24;2;3;3;4;Blue;00:37:44;Orianna;Ashe;Ezreal;Leona;Yasuo;Hwei;Loss;14;5;1;0;17;3;6;5;1.3;299;16;0;7.9;14453;383;0.216;47;18;6;6;5;1.25;0.48;0.16;0.16;0.137;14490;12763;1276;451;384;0.131;0.21;0.571;0;0;0;0;0;26;11;727;0;0;3597;3597;8843;0;33616;0;22;321;32711;230;8;27;300;150
Viper;ADCARRY;HLE;FLY;Massu;10.10.2024;4;6;v14.18;Worlds_MainEvent_24;2;3;3;4;Blue;00:37:44;Amumu;Braum;Poppy;Nunu;Ezreal;Kalista;Loss;14;5;1;0;18;5;2;4;4.5;393;24;0;10.4;16674;442;0.249;33;7;10;1;0;0.87;0.19;0.03;0.27;0.096;45503;27157;15830;2516;1206;0.413;0.24;0.643;0;1;0;0;0;208;25;-48;0;0;3657;3657;5226;0;9846;0;6;162;18652;67;2;27;150;150
Delight;SUPPORT;HLE;FLY;Busio;10.10.2024;4;6;v14.18;Worlds_MainEvent_24;2;3;3;4;Blue;00:37:44;Sejuani;Smolder;Yasuo;Hwei;Poppy;Leona;Loss;14;5;1;0;13;1;5;7;1.6;45;0;0;1.2;8557;227;0.128;133;65;13;21;20;3.52;1.72;0.56;0.34;0.387;6911;4940;812;1159;183;0.063;0.21;0.571;0;0;0;0;0;184;3;-255;-1;0;1612;1612;843;0;23194;1838;23;188;16709;144;23;37;0;0
Bwipo;TOP;FLY;HLE;Doran;10.10.2024;4;6;v14.18;Worlds_MainEvent_24;2;3;3;4;Red;00:37:44;Aurora;Ivern;Kalista;Renekton;Olaf;Renekton;Win;24;10;5;3;18;7;6;7;2.3;313;22;0;8.3;17791;471;0.23;51;12;17;7;7;1.35;0.32;0.19;0.45;0.163;36040;27102;0;8938;955;0.316;0.37;0.583;0;1;0;0;0;-894;-25;-528;0;0;6882;6882;18747;0;90075;0;18;573;45559;208;8;33;50;300
Inspired;JUNGLE;FLY;HLE;Peanut;10.10.2024;4;6;v14.18;Worlds_MainEvent_24;2;3;3;4;Red;00:37:44;Yone;Cassiopeia;Olaf;Zyra;Nunu;Zyra;Win;24;10;5;3;18;3;1;18;21;257;221;0;6.8;15193;403;0.196;35;4;11;4;2;0.93;0.11;0.11;0.29;0.112;15027;982;10160;3885;398;0.132;0.56;0.875;0;0;0;0;0;-1259;-24;-1260;-1;1;199;199;47614;3062;64108;1224;31;692;56398;28;6;23;0;0
Quad;MID;FLY;HLE;Zeka;10.10.2024;4;6;v14.18;Worlds_MainEvent_24;2;3;3;4;Red;00:37:44;Ashe;Orianna;Leona;Ezreal;Hwei;Yasuo;Win;24;10;5;3;18;7;1;12;19;270;9;0;7.2;16679;442;0.215;57;24;10;11;10;1.51;0.64;0.29;0.27;0.182;29363;1418;27692;253;778;0.257;0.5;0.792;0;2;0;0;0;-26;-11;-727;0;0;10300;10300;2823;0;13537;7771;36;824;14920;60;14;37;150;300
Massu;ADCARRY;FLY;HLE;Viper;10.10.2024;4;6;v14.18;Worlds_MainEvent_24;2;3;3;4;Red;00:37:44;Braum;Amumu;Nunu;Poppy;Kalista;Ezreal;Win;24;10;5;3;18;5;2;14;9.5;330;19;0;8.7;17436;462;0.225;44;12;10;9;5;1.17;0.32;0.24;0.27;0.141;22816;16282;4195;2339;605;0.2;0.5;0.792;0;0;0;0;0;-208;-25;48;0;0;10161;10161;10177;0;19451;0;19;485;25980;92;12;33;0;150
Busio;SUPPORT;FLY;HLE;Delight;10.10.2024;4;6;v14.18;Worlds_MainEvent_24;2;3;3;4;Red;00:37:44;Smolder;Sejuani;Hwei;Yasuo;Leona;Poppy;Win;24;10;5;3;15;2;4;16;4.5;39;4;0;1;10322;274;0.133;126;74;14;18;18;3.34;1.96;0.48;0.37;0.403;10965;2034;7442;1489;291;0.096;0.48;0.75;0;0;0;0;0;-184;-3;255;1;0;156;156;2633;0;37182;1938;48;130;24682;142;22;40;150;0
Doran;TOP;HLE;FLY;Bwipo;10.10.2024;4;6;v14.18;Worlds_MainEvent_24;3;3;3;5;Blue;00:30:40;Ivern;Aurora;Skarner;Kaisa;Gnar;Sion;Win;19;9;4;2;18;5;0;7;Perfect_KDA;274;31;0;8.9;13941;455;0.217;53;13;10;7;7;1.73;0.42;0.23;0.33;0.153;16581;10565;5222;794;541;0.226;0.39;0.632;0;1;0;0;0;189;-18;90;0;0;6813;6813;6786;0;16029;0;18;502;14294;0;8;29;0;0
Peanut;JUNGLE;HLE;FLY;Inspired;10.10.2024;4;6;v14.18;Worlds_MainEvent_24;3;3;3;5;Blue;00:30:40;Renekton;Yone;Xayah;Vi;Skarner;Vi;Win;19;9;4;2;15;1;1;16;17;176;159;0;5.7;11505;375;0.179;40;6;9;5;5;1.3;0.2;0.16;0.29;0.116;9791;6215;3158;418;319;0.134;0.55;0.895;0;0;0;0;0;835;7;418;0;0;2097;2097;15281;0;62831;0;26;647;33388;46;6;24;0;0
Zeka;MID;HLE;FLY;Quad;10.10.2024;4;6;v14.18;Worlds_MainEvent_24;3;3;3;5;Blue;00:30:40;Kalista;Jax;Sylas;Cassiopeia;Sylas;Cassiopeia;Win;19;9;4;2;17;3;2;6;4.5;268;23;0;8.7;12646;412;0.197;56;8;15;6;6;1.83;0.26;0.2;0.49;0.162;11290;1048;9955;287;368;0.154;0.29;0.474;0;1;0;0;0;-120;-13;-660;-1;0;6455;6455;5212;0;20588;0;14;486;24711;81;8;25;0;50
Viper;ADCARRY;HLE;FLY;Massu;10.10.2024;4;6;v14.18;Worlds_MainEvent_24;3;3;3;5;Blue;00:30:40;Olaf;Rakan;Poppy;Rell;Xayah;Kaisa;Win;19;9;4;2;17;9;2;7;8;349;55;0;11.4;17186;560;0.267;59;12;14;4;4;1.92;0.39;0.13;0.46;0.171;27208;26889;0;319;887;0.372;0.52;0.842;0;1;0;0;0;2061;31;1229;1;0;8694;8694;6232;0;8502;0;20;113;15894;97;5;26;0;950
Delight;SUPPORT;HLE;FLY;Busio;10.10.2024;4;6;v14.18;Worlds_MainEvent_24;3;3;3;5;Blue;00:30:40;Leona;Alistar;Gnar;Sion;Poppy;Rell;Win;19;9;4;2;13;1;4;12;3.3;49;0;0;1.6;9002;294;0.14;138;57;20;18;16;4.5;1.86;0.59;0.65;0.399;8337;6085;1307;945;272;0.114;0.42;0.684;0;0;0;0;0;605;9;396;0;0;783;783;612;0;15351;429;20;172;12402;84;21;35;0;0
Bwipo;TOP;FLY;HLE;Doran;10.10.2024;4;6;v14.18;Worlds_MainEvent_24;3;3;3;5;Red;00:30:40;Aurora;Ivern;Kaisa;Skarner;Sion;Gnar;Loss;8;1;1;0;15;0;4;1;0.3;249;4;0;8.1;9757;318;0.196;31;17;8;6;6;1.01;0.55;0.2;0.26;0.125;8598;5105;3385;108;280;0.165;0.03;0.125;0;0;0;0;0;-189;18;-90;0;0;2169;2169;2914;0;55269;0;25;721;27744;104;7;27;0;0
Inspired;JUNGLE;FLY;HLE;Peanut;10.10.2024;4;6;v14.18;Worlds_MainEvent_24;3;3;3;5;Red;00:30:40;Yone;Renekton;Vi;Xayah;Vi;Skarner;Loss;8;1;1;0;14;0;4;7;1.8;165;146;0;5.4;8707;284;0.175;33;7;7;4;4;1.08;0.23;0.13;0.23;0.133;7277;6915;0;362;237;0.14;0.23;0.875;0;0;0;0;0;-835;-7;-418;0;0;0;0;10193;0;28037;0;14;289;23968;101;5;20;0;0
Quad;MID;FLY;HLE;Zeka;10.10.2024;4;6;v14.18;Worlds_MainEvent_24;3;3;3;5;Red;00:30:40;Jax;Kalista;Cassiopeia;Sylas;Cassiopeia;Sylas;Loss;8;1;1;0;17;1;3;3;1.3;282;4;0;9.2;11129;363;0.223;31;14;5;6;5;1.01;0.46;0.2;0.16;0.125;12020;557;11463;0;392;0.231;0.13;0.5;0;0;0;0;0;120;13;660;1;0;955;955;5318;0;15903;0;24;445;20107;100;8;25;0;0
Massu;ADCARRY;FLY;HLE;Viper;10.10.2024;4;6;v14.18;Worlds_MainEvent_24;3;3;3;5;Red;00:30:40;Rakan;Olaf;Rell;Poppy;Kaisa;Xayah;Loss;8;1;1;0;16;4;4;3;1.8;302;0;0;9.8;13122;428;0.263;44;11;12;3;3;1.43;0.36;0.1;0.39;0.177;19451;8016;11375;60;634;0.374;0.23;0.875;0;1;0;0;0;-2061;-31;-1229;-1;0;172;172;2547;0;9138;0;0;19;13677;109;5;25;600;0
Busio;SUPPORT;FLY;HLE;Delight;10.10.2024;4;6;v14.18;Worlds_MainEvent_24;3;3;3;5;Red;00:30:40;Alistar;Leona;Sion;Gnar;Rell;Poppy;Loss;8;1;1;0;10;3;4;5;2;26;0;0;0.8;7111;232;0.143;109;65;13;18;18;3.55;2.12;0.59;0.42;0.44;4623;809;2825;989;151;0.089;0.26;1;1;0;0;0;0;-605;-9;-396;0;0;71;71;536;0;14209;0;28;66;12627;74;21;34;0;0
Brokenblade;TOP;G2;T1;Zeus;11.10.2024;4;7;v14.18;Worlds_MainEvent_24;1;2;3;1;Blue;00:28:08;Renata_Glasc;Yone;Nocturne;Ahri;Jax;Gragas;Loss;9;2;0;0;14;1;2;2;1.5;215;12;0;7.6;9441;336;0.2;29;15;6;4;4;1.03;0.53;0.14;0.21;0.12;10232;4612;5514;106;364;0.162;0.11;0.333;0;0;0;0;0;-477;-3;-355;0;0;4136;4136;4131;0;18581;0;13;137;22573;32;6;23;0;0
Yike;JUNGLE;G2;T1;Oner;11.10.2024;4;7;v14.18;Worlds_MainEvent_24;1;2;3;1;Blue;00:28:08;Kalista;Aurora;Orianna;Skarner;Nocturne;Skarner;Loss;9;2;0;0;13;1;3;5;2;180;167;0;6.4;8955;318;0.19;43;14;6;5;3;1.53;0.5;0.18;0.21;0.178;9596;7256;689;1651;341;0.152;0.21;0.667;0;0;0;0;0;-336;7;-230;0;0;1979;1979;17453;0;20816;0;101;387;30073;63;5;22;0;0
Caps;MID;G2;T1;Faker;11.10.2024;4;7;v14.18;Worlds_MainEvent_24;1;2;3;1;Blue;00:28:08;Braum;Brand;Jax;Gragas;Orianna;Ahri;Loss;9;2;0;0;14;1;3;6;2.3;222;0;0;7.9;9318;331;0.197;30;9;8;3;2;1.07;0.32;0.11;0.28;0.124;19387;580;18718;89;689;0.308;0.25;0.778;0;0;0;0;0;-698;11;743;1;0;742;742;1710;0;9845;1910;35;308;14611;121;6;20;100;50
Hans Sama;ADCARRY;G2;T1;Gumayusi;11.10.2024;4;7;v14.18;Worlds_MainEvent_24;1;2;3;1;Blue;00:28:08;Xayah;Rell;Draven;Jhin;Draven;Jhin;Loss;9;2;0;0;13;5;5;2;1.4;238;2;0;8.5;12343;439;0.262;33;6;12;2;2;1.17;0.21;0.07;0.43;0.137;18683;18102;0;581;664;0.297;0.25;0.778;0;1;0;0;0;817;-22;-516;-1;0;3023;3023;2876;0;12419;0;11;92;13899;162;3;20;400;100
Mikyx;SUPPORT;G2;T1;Keria;11.10.2024;4;7;v14.18;Worlds_MainEvent_24;1;2;3;1;Blue;00:28:08;Tahm_Kench;Kaisa;Nautilus;Leona;Nautilus;Leona;Loss;9;2;0;0;11;1;8;8;1.1;28;0;0;1;7141;254;0.151;106;60;13;15;15;3.77;2.13;0.53;0.46;0.44;5113;1051;3109;953;182;0.081;0.32;1;1;0;0;0;0;629;-2;-357;0;0;659;659;775;137;33413;757;41;252;24220;197;17;32;200;0
Zeus;TOP;T1;G2;Brokenblade;11.10.2024;4;7;v14.18;Worlds_MainEvent_24;1;2;3;1;Red;00:28:08;Yone;Renata_Glasc;Ahri;Nocturne;Gragas;Jax;Win;21;8;4;1;16;5;1;9;14;226;2;0;8;12035;428;0.212;33;10;8;5;5;1.17;0.36;0.18;0.28;0.148;14059;1384;12447;228;500;0.189;0.5;0.667;1;0;0;0;0;477;3;355;0;0;6041;6041;11827;0;28217;0;42;907;24249;32;9;30;0;0
Oner;JUNGLE;T1;G2;Yike;11.10.2024;4;7;v14.18;Worlds_MainEvent_24;1;2;3;1;Red;00:28:08;Aurora;Kalista;Skarner;Orianna;Skarner;Nocturne;Win;21;8;4;1;15;3;2;11;7;196;163;0;7;11159;397;0.197;44;8;13;7;6;1.56;0.28;0.25;0.46;0.197;10100;6383;3073;644;359;0.136;0.5;0.667;0;1;0;0;0;336;-7;230;0;0;4896;4896;18820;0;50446;0;35;592;36191;25;8;23;50;200
Faker;MID;T1;G2;Caps;11.10.2024;4;7;v14.18;Worlds_MainEvent_24;1;2;3;1;Red;00:28:08;Brand;Braum;Gragas;Jax;Ahri;Orianna;Win;21;8;4;1;15;7;2;9;8;234;4;0;8.3;13854;492;0.244;42;15;10;2;2;1.49;0.53;0.07;0.36;0.188;20689;1673;15119;3897;735;0.278;0.57;0.762;0;0;1;0;0;698;-11;-743;-1;0;7200;7200;5391;533;7416;0;15;107;12608;71;4;22;100;100
Gumayusi;ADCARRY;T1;G2;Hans Sama;11.10.2024;4;7;v14.18;Worlds_MainEvent_24;1;2;3;1;Red;00:28:08;Rell;Xayah;Jhin;Draven;Jhin;Draven;Win;21;8;4;1;15;5;1;13;18;267;7;0;9.5;12618;449;0.223;23;9;8;3;2;0.82;0.32;0.11;0.28;0.103;23161;19433;2917;811;823;0.311;0.64;0.857;0;0;0;0;0;-817;22;516;1;0;2047;2047;3149;0;5326;0;29;147;8164;42;5;24;0;400
Keria;SUPPORT;T1;G2;Mikyx;11.10.2024;4;7;v14.18;Worlds_MainEvent_24;1;2;3;1;Red;00:28:08;Kaisa;Tahm_Kench;Leona;Nautilus;Leona;Nautilus;Win;21;8;4;1;12;1;3;13;4.7;30;0;0;1.1;7002;249;0.124;81;43;8;14;14;2.88;1.53;0.5;0.28;0.363;6460;1169;3737;1554;230;0.087;0.5;0.667;0;0;0;0;0;-629;2;357;0;0;765;765;1368;0;17122;632;27;67;14251;53;17;28;0;0
Brokenblade;TOP;G2;T1;Zeus;11.10.2024;4;7;v14.18;Worlds_MainEvent_24;2;2;3;2;Blue;00:41:43;Renata_Glasc;Yone;Nocturne;Ahri;Gnar;Jax;Loss;17;9;1;1;18;4;4;8;3;323;20;0;7.7;16397;393;0.22;41;16;11;3;3;0.98;0.38;0.07;0.26;0.111;22680;17521;4561;598;544;0.232;0.29;0.706;0;0;0;0;0;-569;-7;-266;0;0;7195;7195;4141;0;46221;0;47;684;37365;178;5;32;0;300
Yike;JUNGLE;G2;T1;Oner;11.10.2024;4;7;v14.18;Worlds_MainEvent_24;2;2;3;2;Blue;00:41:43;Kalista;Aurora;Orianna;Vi;Nocturne;Vi;Loss;17;9;1;1;17;5;1;7;12;255;206;0;6.1;15707;377;0.21;93;39;18;13;11;2.23;0.93;0.31;0.43;0.252;15553;12770;1167;1616;373;0.159;0.29;0.706;1;0;0;0;0;-965;11;-421;0;0;3100;3100;28168;0;38460;0;230;719;44542;25;14;38;150;0
Caps;MID;G2;T1;Faker;11.10.2024;4;7;v14.18;Worlds_MainEvent_24;2;2;3;2;Blue;00:41:43;Skarner;Brand;Gnar;Jax;Orianna;Ahri;Loss;17;9;1;1;18;4;5;11;3;278;5;0;6.7;15516;372;0.208;41;12;4;6;3;0.98;0.29;0.14;0.1;0.111;26953;1191;25615;147;646;0.276;0.36;0.882;0;1;0;0;0;347;-5;-105;0;0;8615;8615;2176;0;23481;1399;35;434;24077;200;9;30;100;250
Hans Sama;ADCARRY;G2;T1;Gumayusi;11.10.2024;4;7;v14.18;Worlds_MainEvent_24;2;2;3;2;Blue;00:41:43;Braum;Poppy;Kaisa;Jhin;Kaisa;Jhin;Loss;17;9;1;1;17;4;6;7;1.8;362;50;0;8.7;17725;425;0.237;34;5;12;0;0;0.82;0.12;0;0.29;0.092;26812;8093;18503;216;643;0.274;0.26;0.647;0;1;0;0;0;-549;-19;-87;0;0;5754;5754;4917;0;20446;0;1;108;24557;228;2;26;750;250
Mikyx;SUPPORT;G2;T1;Keria;11.10.2024;4;7;v14.18;Worlds_MainEvent_24;2;2;3;2;Blue;00:41:43;Xayah;Rell;Nautilus;Leona;Nautilus;Leona;Loss;17;9;1;1;14;0;7;10;1.4;35;0;0;0.8;9288;223;0.124;160;90;11;24;22;3.84;2.16;0.58;0.26;0.434;5730;1245;2963;1522;137;0.059;0.24;0.588;0;0;0;0;0;-234;3;-641;0;0;2302;2302;2965;0;43192;2419;58;310;27198;186;27;44;0;0
Zeus;TOP;T1;G2;Brokenblade;11.10.2024;4;7;v14.18;Worlds_MainEvent_24;2;2;3;2;Red;00:41:43;Yone;Renata_Glasc;Ahri;Nocturne;Jax;Gnar;Win;23;9;5;2;18;8;5;6;2.8;340;20;0;8.2;20304;487;0.238;52;24;10;9;8;1.25;0.58;0.22;0.24;0.147;24471;9527;14405;539;587;0.21;0.34;0.609;0;2;0;0;0;569;7;266;0;0;9712;9712;2735;0;63920;0;13;833;34086;219;12;34;400;250
Oner;JUNGLE;T1;G2;Yike;11.10.2024;4;7;v14.18;Worlds_MainEvent_24;2;2;3;2;Red;00:41:43;Aurora;Kalista;Vi;Orianna;Vi;Nocturne;Win;23;9;5;2;18;6;3;10;5.3;287;200;0;6.9;17180;412;0.201;64;11;18;9;9;1.53;0.26;0.22;0.43;0.181;23013;21204;0;1809;552;0.197;0.38;0.696;0;0;0;0;0;965;-11;421;0;1;4389;4389;22306;0;80551;0;39;511;41286;146;11;31;50;400
Faker;MID;T1;G2;Caps;11.10.2024;4;7;v14.18;Worlds_MainEvent_24;2;2;3;2;Red;00:41:43;Brand;Skarner;Jax;Gnar;Ahri;Orianna;Win;23;9;5;2;18;8;2;10;9;332;4;0;8;18473;443;0.216;66;24;17;3;3;1.58;0.58;0.07;0.41;0.187;33274;1110;23328;8836;798;0.285;0.43;0.783;0;1;0;0;0;-347;5;105;0;0;5443;5443;8345;1377;21694;0;20;128;20612;92;6;28;50;200
Gumayusi;ADCARRY;T1;G2;Hans Sama;11.10.2024;4;7;v14.18;Worlds_MainEvent_24;2;2;3;2;Red;00:41:43;Poppy;Braum;Jhin;Kaisa;Jhin;Kaisa;Win;23;9;5;2;18;1;2;11;6;419;23;0;10;19239;461;0.225;32;15;7;5;5;0.77;0.36;0.12;0.17;0.091;24940;20895;2898;1147;598;0.214;0.29;0.522;0;0;0;0;0;549;19;87;0;0;8417;8417;4513;0;16254;0;35;305;11894;83;7;29;300;150
Keria;SUPPORT;T1;G2;Mikyx;11.10.2024;4;7;v14.18;Worlds_MainEvent_24;2;2;3;2;Red;00:41:43;Rell;Xayah;Leona;Nautilus;Leona;Nautilus;Win;23;9;5;2;16;0;5;17;3.4;31;0;0;0.7;10231;245;0.12;139;86;10;27;25;3.33;2.06;0.65;0.24;0.394;10984;1590;7301;2093;263;0.094;0.41;0.739;0;0;0;0;0;234;-3;641;0;0;2742;2742;694;0;37970;1739;40;102;20053;179;32;48;0;0
Bin;TOP;BLG;PSG;Azhi;11.10.2024;4;7;v14.18;Worlds_MainEvent_24;1;2;3;3;Blue;00:35:18;Rumble;Gnar;Aurora;Yone;Jax;Kennen;Win;22;8;1;1;18;5;1;9;14;291;8;0;8.2;15659;444;0.221;48;21;7;7;7;1.36;0.59;0.2;0.2;0.136;17866;9305;8453;108;506;0.18;0.4;0.636;0;0;0;0;0;-287;-28;-124;0;0;4833;4833;9804;0;31235;0;12;158;34652;49;8;28;100;0
XUN;JUNGLE;BLG;PSG;JunJia;11.10.2024;4;7;v14.18;Worlds_MainEvent_24;1;2;3;3;Blue;00:35:18;Vi;Ahri;Jax;Sejuani;Wukong;Sejuani;Win;22;8;1;1;16;3;4;11;3.5;203;171;0;5.8;13070;370;0.185;61;11;15;10;10;1.73;0.31;0.28;0.42;0.172;15734;13485;1787;462;446;0.159;0.4;0.636;0;0;0;0;0;283;-11;-390;-1;0;3517;3517;18671;0;33926;0;19;207;41433;141;11;33;0;0
Knight;MID;BLG;PSG;Maple;11.10.2024;4;7;v14.18;Worlds_MainEvent_24;1;2;3;3;Blue;00:35:18;Skarner;Nocturne;Wukong;Kennen;Aurora;Yone;Win;22;8;1;1;18;5;2;10;7.5;291;0;0;8.2;15035;426;0.212;55;21;11;2;2;1.56;0.59;0.06;0.31;0.155;29778;1838;26614;1326;844;0.3;0.42;0.682;0;0;0;0;0;110;-8;34;1;0;4241;4241;2856;0;10459;0;11;257;18021;90;4;22;150;0
Elk;ADCARRY;BLG;PSG;Betty;11.10.2024;4;7;v14.18;Worlds_MainEvent_24;1;2;3;3;Blue;00:35:18;Kaisa;Ashe;Leona;Rell;Miss_Fortune;Ezreal;Win;22;8;1;1;18;9;2;10;9.5;328;8;0;9.3;18159;514;0.257;51;13;16;3;3;1.44;0.37;0.08;0.45;0.144;32758;31539;878;341;928;0.33;0.54;0.864;1;1;1;0;0;69;-7;103;0;0;10530;10530;6930;0;16398;0;7;152;16233;95;5;24;1000;300
ON;SUPPORT;BLG;PSG;Woody;11.10.2024;4;7;v14.18;Worlds_MainEvent_24;1;2;3;3;Blue;00:35:18;Kalista;Rakan;Miss_Fortune;Ezreal;Leona;Rell;Win;22;8;1;1;13;0;7;12;1.7;40;0;0;1.1;8864;251;0.125;139;77;22;31;27;3.94;2.18;0.88;0.62;0.393;2983;582;2401;0;85;0.03;0.34;0.545;0;0;0;0;0;-19;-4;27;0;0;0;0;1412;0;23745;1454;29;60;21769;214;33;49;0;0
Azhi;TOP;PSG;BLG;Bin;11.10.2024;4;7;v14.18;Worlds_MainEvent_24;1;2;3;3;Red;00:35:18;Gnar;Rumble;Yone;Aurora;Kennen;Jax;Loss;16;7;3;1;17;4;4;2;1.5;284;12;0;8;13783;390;0.211;42;12;10;6;6;1.19;0.34;0.17;0.28;0.136;25187;2803;22224;160;714;0.252;0.17;0.375;0;0;0;0;0;287;28;124;0;0;3083;3083;758;0;13906;0;21;104;14663;199;7;22;300;250
JunJia;JUNGLE;PSG;BLG;XUN;11.10.2024;4;7;v14.18;Worlds_MainEvent_24;1;2;3;3;Red;00:35:18;Ahri;Vi;Sejuani;Jax;Sejuani;Wukong;Loss;16;7;3;1;15;3;6;8;1.8;197;167;0;5.6;11843;335;0.181;58;16;13;16;14;1.64;0.45;0.45;0.37;0.188;13917;6530;6515;872;394;0.139;0.31;0.688;0;0;0;0;0;-283;11;390;1;0;3328;3328;15604;231;62429;0;32;402;48242;182;17;34;0;0
Maple;MID;PSG;BLG;Knight;11.10.2024;4;7;v14.18;Worlds_MainEvent_24;1;2;3;3;Red;00:35:18;Nocturne;Skarner;Kennen;Wukong;Yone;Aurora;Loss;16;7;3;1;17;1;4;4;1.3;311;40;0;8.8;13803;391;0.211;46;13;13;8;8;1.3;0.37;0.23;0.37;0.149;18157;12233;3294;2630;514;0.182;0.14;0.313;0;0;0;0;0;-110;8;-34;-1;0;6348;6348;9272;0;30076;0;23;316;28596;139;9;30;0;200
Betty;ADCARRY;PSG;BLG;Elk;11.10.2024;4;7;v14.18;Worlds_MainEvent_24;1;2;3;3;Red;00:35:18;Ashe;Kaisa;Rell;Leona;Ezreal;Miss_Fortune;Loss;16;7;3;1;17;8;2;6;7;342;22;0;9.7;17265;489;0.264;35;10;14;3;3;0.99;0.28;0.08;0.4;0.114;37596;24349;12498;749;1065;0.377;0.4;0.875;0;1;0;0;0;-69;7;-103;0;0;7127;7127;5878;0;11395;0;4;187;22399;50;4;24;0;800
Woody;SUPPORT;PSG;BLG;ON;11.10.2024;4;7;v14.18;Worlds_MainEvent_24;1;2;3;3;Red;00:35:18;Rakan;Kalista;Ezreal;Miss_Fortune;Rell;Leona;Loss;16;7;3;1;12;0;6;15;2.5;25;0;0;0.7;8746;248;0.134;127;78;8;21;19;3.6;2.21;0.59;0.23;0.412;4949;989;2934;1026;140;0.05;0.42;0.938;0;0;0;0;0;19;4;-27;0;0;599;599;1211;270;30785;1262;33;67;20026;177;24;38;0;0
Azhi;TOP;PSG;BLG;Bin;11.10.2024;4;7;v14.18;Worlds_MainEvent_24;2;2;3;4;Blue;00:28:09;Gnar;Rumble;Skarner;Jax;Poppy;Jax;Loss;9;3;1;0;14;0;3;6;2;200;0;0;7.1;8761;311;0.194;34;12;7;6;6;1.21;0.43;0.21;0.25;0.157;12520;8700;3730;90;445;0.176;0.21;0.667;0;0;0;0;0;121;-4;45;0;0;1654;1654;2290;0;30423;0;29;574;23386;91;7;23;0;0
JunJia;JUNGLE;PSG;BLG;XUN;11.10.2024;4;7;v14.18;Worlds_MainEvent_24;2;2;3;4;Blue;00:28:09;Ahri;Yone;Smolder;Sejuani;Skarner;Sejuani;Loss;9;3;1;0;13;3;3;6;3;167;147;0;5.9;9313;331;0.206;33;11;7;10;9;1.17;0.39;0.36;0.25;0.152;12282;7307;4483;492;436;0.173;0.32;1;0;0;0;0;0;222;24;1098;1;1;0;0;9556;0;46943;0;38;777;32291;80;11;28;350;50
Maple;MID;PSG;BLG;Knight;11.10.2024;4;7;v14.18;Worlds_MainEvent_24;2;2;3;4;Blue;00:28:09;Neeko;Aurora;Poppy;Kaisa;Smolder;Jayce;Loss;9;3;1;0;14;2;6;5;1.2;225;5;0;8;10066;358;0.223;23;12;4;4;3;0.82;0.43;0.14;0.14;0.106;23742;16639;4804;2299;843;0.334;0.25;0.778;0;0;0;0;0;-1544;-27;-1302;-1;0;6366;6366;1796;0;11579;0;16;297;18634;159;5;24;0;50
Betty;ADCARRY;PSG;BLG;Elk;11.10.2024;4;7;v14.18;Worlds_MainEvent_24;2;2;3;4;Blue;00:28:09;Syndra;Ashe;Xayah;Jayce;Xayah;Kaisa;Loss;9;3;1;0;14;3;4;2;1.3;227;9;0;8.1;10570;375;0.234;24;10;5;2;2;0.85;0.36;0.07;0.18;0.111;18796;18388;0;408;668;0.264;0.18;0.556;0;0;0;0;0;-653;-16;-831;-1;0;1546;1546;2734;0;7718;0;23;63;15629;126;3;17;300;50
Woody;SUPPORT;PSG;BLG;ON;11.10.2024;4;7;v14.18;Worlds_MainEvent_24;2;2;3;4;Blue;00:28:09;Tristana;Renata_Glasc;Rakan;Nautilus;Rakan;Nautilus;Loss;9;3;1;0;10;1;3;7;2.7;30;0;0;1.1;6424;228;0.142;103;63;13;13;11;3.66;2.24;0.46;0.46;0.475;3779;582;3117;80;134;0.053;0.28;0.889;0;0;0;0;0;-113;-5;412;0;0;712;712;6581;1868;18637;3418;26;69;16876;52;15;27;0;0
Bin;TOP;BLG;PSG;Azhi;11.10.2024;4;7;v14.18;Worlds_MainEvent_24;2;2;3;4;Red;00:28:09;Rumble;Gnar;Jax;Skarner;Jax;Poppy;Win;19;10;3;1;16;4;0;6;Perfect_KDA;223;12;0;7.9;12724;452;0.223;35;16;4;6;5;1.24;0.57;0.21;0.14;0.14;14632;7048;7074;510;520;0.164;0.36;0.526;0;1;0;0;0;-121;4;-45;0;0;12378;12378;5849;0;21986;0;18;375;20209;0;9;26;0;0
XUN;JUNGLE;BLG;PSG;JunJia;11.10.2024;4;7;v14.18;Worlds_MainEvent_24;2;2;3;4;Red;00:28:09;Yone;Ahri;Sejuani;Smolder;Sejuani;Skarner;Win;19;10;3;1;14;2;2;15;8.5;162;142;0;5.8;10116;359;0.177;45;15;9;14;13;1.6;0.53;0.5;0.32;0.18;10785;6176;4261;348;383;0.121;0.6;0.895;0;0;0;0;0;-222;-24;-1098;-1;0;2421;2421;17325;381;39986;0;31;341;34165;45;15;32;50;0
Knight;MID;BLG;PSG;Maple;11.10.2024;4;7;v14.18;Worlds_MainEvent_24;2;2;3;4;Red;00:28:09;Aurora;Neeko;Kaisa;Poppy;Jayce;Smolder;Win;19;10;3;1;15;8;2;6;7;230;12;0;8.2;13454;478;0.236;37;6;18;5;4;1.31;0.21;0.18;0.64;0.148;29923;26297;3060;566;1063;0.336;0.5;0.737;0;1;0;0;0;1544;27;1302;1;0;4202;4202;3405;0;11947;0;13;157;15555;84;7;25;100;650
Elk;ADCARRY;BLG;PSG;Betty;11.10.2024;4;7;v14.18;Worlds_MainEvent_24;2;2;3;4;Red;00:28:09;Ashe;Syndra;Jayce;Xayah;Kaisa;Xayah;Win;19;10;3;1;16;5;0;8;Perfect_KDA;277;8;0;9.8;13619;484;0.239;30;10;8;2;2;1.07;0.36;0.07;0.28;0.12;28067;11843;15302;922;997;0.315;0.46;0.684;0;2;0;0;0;653;16;831;1;0;8607;8607;5441;0;9934;0;6;137;14001;0;3;19;0;0
ON;SUPPORT;BLG;PSG;Woody;11.10.2024;4;7;v14.18;Worlds_MainEvent_24;2;2;3;4;Red;00:28:09;Renata_Glasc;Tristana;Nautilus;Rakan;Nautilus;Rakan;Win;19;10;3;1;11;0;6;14;2.3;37;0;0;1.3;7183;255;0.126;103;51;21;17;16;3.66;1.81;0.6;0.75;0.412;5778;1108;3993;677;205;0.065;0.5;0.737;0;0;0;0;0;113;5;-412;0;0;536;536;559;0;29445;1577;47;195;16700;143;19;34;0;0
Oscarinin;TOP;FNC;WBG;Breathe;12.10.2024;4;8;v14.18;Worlds_MainEvent_24;1;3;3;1;Blue;00:36:03;Poppy;Ivern;Skarner;Renekton;Jax;Renekton;Win;18;8;3;1;18;5;2;9;7;289;12;0;8;14858;412;0.217;38;13;6;4;3;1.05;0.36;0.11;0.17;0.129;17467;8365;8796;306;485;0.207;0.39;0.778;1;0;1;0;0;-735;-3;-158;0;0;11106;11106;6388;0;21390;0;19;213;24990;70;5;27;100;50
Razork;JUNGLE;FNC;WBG;Tarzan;12.10.2024;4;8;v14.18;Worlds_MainEvent_24;1;3;3;1;Blue;00:36:03;Kalista;Orianna;Rell;Lucian;Skarner;Nidalee;Win;18;8;3;1;16;2;1;14;16;247;216;0;6.9;12363;343;0.181;55;6;19;5;5;1.53;0.17;0.14;0.53;0.187;15885;10695;4488;702;441;0.188;0.44;0.889;0;0;0;0;0;-619;7;308;0;0;646;646;21652;0;74425;0;39;875;39402;12;6;29;0;0
Humanoid;MID;FNC;WBG;xiaohu;12.10.2024;4;8;v14.18;Worlds_MainEvent_24;1;3;3;1;Blue;00:36:03;Aurora;Yone;Jax;Nidalee;Syndra;Lucian;Win;18;8;3;1;17;4;3;10;4.7;302;1;0;8.4;14411;400;0.211;36;12;11;2;2;1;0.33;0.06;0.31;0.122;18698;895;17304;499;519;0.221;0.39;0.778;0;1;0;0;0;-1617;16;-11;0;0;3397;3397;3314;971;7996;0;28;407;13758;93;4;24;300;250
Noah;ADCARRY;FNC;WBG;Light;12.10.2024;4;8;v14.18;Worlds_MainEvent_24;1;3;3;1;Blue;00:36:03;Ashe;Ziggs;Varus;Miss_Fortune;Varus;Miss_Fortune;Win;18;8;3;1;18;7;1;7;14;350;11;0;9.7;17980;499;0.263;33;22;7;3;3;0.92;0.61;0.08;0.19;0.112;27424;25005;2041;378;761;0.325;0.39;0.778;0;1;0;0;0;481;-3;312;0;0;5666;5666;3525;0;6892;0;14;347;11161;0;5;25;100;700
Jun;SUPPORT;FNC;WBG;Crisp;12.10.2024;4;8;v14.18;Worlds_MainEvent_24;1;3;3;1;Blue;00:36:03;Ezreal;Kaisa;Syndra;Leona;Rell;Leona;Win;18;8;3;1;14;0;2;17;8.5;42;0;0;1.2;8747;243;0.128;132;72;15;19;19;3.66;2;0.53;0.42;0.449;5035;719;3524;792;140;0.06;0.47;0.944;0;0;0;0;0;-442;10;325;0;0;421;421;4530;0;23097;1632;31;84;17833;30;21;38;0;0
Breathe;TOP;WBG;FNC;Oscarinin;12.10.2024;4;8;v14.18;Worlds_MainEvent_24;1;3;3;1;Red;00:36:03;Ivern;Poppy;Renekton;Skarner;Renekton;Jax;Loss;9;5;2;0;16;2;5;2;0.8;267;0;0;7.4;13604;377;0.219;41;14;5;9;9;1.14;0.39;0.25;0.14;0.123;16924;11752;4522;650;469;0.226;0.11;0.444;0;0;0;0;0;735;3;158;0;0;4547;4547;8345;0;38638;0;14;81;36724;157;10;31;950;0
Tarzan;JUNGLE;WBG;FNC;Razork;12.10.2024;4;8;v14.18;Worlds_MainEvent_24;1;3;3;1;Red;00:36:03;Orianna;Kalista;Lucian;Rell;Nidalee;Skarner;Loss;9;5;2;0;15;0;3;6;2;235;215;0;6.5;11823;328;0.19;66;11;20;9;9;1.83;0.31;0.25;0.55;0.199;19628;858;15631;3139;544;0.262;0.17;0.667;0;0;0;0;0;619;-7;-308;0;0;1272;1272;27253;6260;22256;0;11;204;33246;79;10;26;0;0
xiaohu;MID;WBG;FNC;Humanoid;12.10.2024;4;8;v14.18;Worlds_MainEvent_24;1;3;3;1;Red;00:36:03;Yone;Aurora;Nidalee;Jax;Lucian;Syndra;Loss;9;5;2;0;17;4;3;2;2;321;13;0;8.9;15363;426;0.247;54;16;19;4;4;1.5;0.44;0.11;0.53;0.163;17009;14636;1989;384;472;0.227;0.17;0.667;0;1;0;0;0;1617;-16;11;0;0;6522;6522;4537;0;10250;0;2;140;18914;89;5;27;50;300
Light;ADCARRY;WBG;FNC;Noah;12.10.2024;4;8;v14.18;Worlds_MainEvent_24;1;3;3;1;Red;00:36:03;Ziggs;Ashe;Miss_Fortune;Varus;Miss_Fortune;Varus;Loss;9;5;2;0;16;2;3;3;1.7;326;16;0;9;13484;374;0.217;30;13;10;1;1;0.83;0.36;0.03;0.28;0.09;14651;13219;1046;386;406;0.195;0.14;0.556;0;0;0;0;0;-481;3;-312;0;0;386;386;3801;0;9487;0;12;148;11367;42;2;19;0;200
Crisp;SUPPORT;WBG;FNC;Jun;12.10.2024;4;8;v14.18;Worlds_MainEvent_24;1;3;3;1;Red;00:36:03;Kaisa;Ezreal;Leona;Syndra;Leona;Rell;Loss;9;5;2;0;12;1;4;5;1.5;28;0;0;0.8;7846;218;0.126;141;72;14;24;22;3.91;2;0.67;0.39;0.425;6754;1064;4878;812;187;0.09;0.17;0.667;0;0;0;0;0;442;-10;-325;0;0;0;0;294;0;20958;862;35;89;17326;132;26;38;0;0
Breathe;TOP;WBG;FNC;Oscarinin;12.10.2024;4;8;v14.18;Worlds_MainEvent_24;2;3;3;2;Blue;00:29:28;Ivern;Aurora;Skarner;Rell;Jax;Rumble;Win;22;11;1;1;17;6;1;12;18;244;16;0;8.3;14239;483;0.235;36;15;6;6;5;1.22;0.51;0.2;0.2;0.131;17768;8418;8930;420;603;0.237;0.61;0.818;0;0;0;0;0;412;-17;-652;0;0;17638;17638;5563;0;24244;0;18;154;21831;38;7;23;0;100
Tarzan;JUNGLE;WBG;FNC;Razork;12.10.2024;4;8;v14.18;Worlds_MainEvent_24;2;3;3;2;Blue;00:29:28;Kalista;Yone;Orianna;Vi;Skarner;Vi;Win;22;11;1;1;14;2;2;16;9;164;150;0;5.6;10296;349;0.17;46;12;9;10;10;1.56;0.41;0.34;0.31;0.167;9321;5723;3320;278;316;0.125;0.61;0.818;0;0;0;0;0;41;0;344;1;0;2132;2132;12970;0;38300;0;31;561;29414;70;12;32;0;0
xiaohu;MID;WBG;FNC;Humanoid;12.10.2024;4;8;v14.18;Worlds_MainEvent_24;2;3;3;2;Blue;00:29:28;Poppy;Ashe;Jax;Ahri;Orianna;Ahri;Win;22;11;1;1;16;5;0;16;Perfect_KDA;262;4;0;8.9;13383;454;0.221;31;6;12;2;1;1.05;0.2;0.07;0.41;0.113;21437;1200;20142;95;728;0.286;0.71;0.955;0;1;0;0;0;-119;-10;-648;-1;0;4988;4988;3225;878;8995;1605;26;329;11105;0;4;23;0;0
Light;ADCARRY;WBG;FNC;Noah;12.10.2024;4;8;v14.18;Worlds_MainEvent_24;2;3;3;2;Blue;00:29:28;KSante;Alistar;Ezreal;Rumble;Ezreal;Miss_Fortune;Win;22;11;1;1;16;9;1;4;13;285;20;0;9.7;14940;507;0.246;30;11;9;4;3;1.02;0.37;0.14;0.31;0.109;22636;14112;7942;582;768;0.302;0.44;0.591;0;1;0;1;0;-63;12;419;1;0;4424;4424;2312;0;7367;0;3;74;9049;49;5;23;400;700
Crisp;SUPPORT;WBG;FNC;Jun;12.10.2024;4;8;v14.18;Worlds_MainEvent_24;2;3;3;2;Blue;00:29:28;Kaisa;Xayah;Rakan;Miss_Fortune;Rakan;Rell;Win;22;11;1;1;12;0;3;18;6;34;0;0;1.2;7762;263;0.128;132;80;16;17;16;4.48;2.71;0.58;0.54;0.48;3702;524;3160;18;126;0.049;0.61;0.818;0;0;0;0;0;-13;4;176;0;0;3302;3302;6625;1821;14489;2499;25;88;14371;48;19;30;0;0
Oscarinin;TOP;FNC;WBG;Breathe;12.10.2024;4;8;v14.18;Worlds_MainEvent_24;2;3;3;2;Red;00:29:28;Aurora;Ivern;Rell;Skarner;Rumble;Jax;Loss;7;1;3;0;15;1;3;4;1.7;237;4;0;8;10191;346;0.217;23;11;4;3;3;0.78;0.37;0.1;0.14;0.092;17570;467;16996;107;596;0.315;0.17;0.714;0;0;0;0;0;-412;17;652;0;0;2241;2241;2296;0;15264;0;13;330;18328;88;6;25;0;0
Razork;JUNGLE;FNC;WBG;Tarzan;12.10.2024;4;8;v14.18;Worlds_MainEvent_24;2;3;3;2;Red;00:29:28;Yone;Kalista;Vi;Orianna;Vi;Skarner;Loss;7;1;3;0;14;0;6;6;1;187;155;0;6.3;8645;293;0.184;44;8;16;6;5;1.49;0.27;0.2;0.54;0.177;6179;5791;0;388;210;0.111;0.2;0.857;0;0;0;0;0;-41;0;-344;-1;0;0;0;10379;0;32037;0;19;285;27356;161;7;26;0;0
Humanoid;MID;FNC;WBG;xiaohu;12.10.2024;4;8;v14.18;Worlds_MainEvent_24;2;3;3;2;Red;00:29:28;Ashe;Poppy;Ahri;Jax;Ahri;Orianna;Loss;7;1;3;0;15;1;4;3;1;250;0;0;8.5;10563;358;0.225;51;19;15;2;2;1.73;0.64;0.07;0.51;0.205;12410;1308;8229;2873;421;0.223;0.14;0.571;0;0;0;0;0;119;10;648;1;0;0;0;4714;0;13815;0;18;83;21050;124;4;23;700;100
Noah;ADCARRY;FNC;WBG;Light;12.10.2024;4;8;v14.18;Worlds_MainEvent_24;2;3;3;2;Red;00:29:28;Alistar;KSante;Rumble;Ezreal;Miss_Fortune;Ezreal;Loss;7;1;3;0;14;5;4;1;1.5;253;8;0;8.6;11356;385;0.242;35;13;5;7;5;1.19;0.44;0.24;0.17;0.141;15543;15066;305;172;527;0.279;0.2;0.857;0;0;0;0;0;63;-12;-419;-1;0;0;0;2392;0;13971;0;4;124;11772;132;8;22;100;300
Jun;SUPPORT;FNC;WBG;Crisp;12.10.2024;4;8;v14.18;Worlds_MainEvent_24;2;3;3;2;Red;00:29:28;Xayah;Kaisa;Miss_Fortune;Rakan;Rell;Rakan;Loss;7;1;3;0;10;0;5;6;1.2;33;0;0;1.1;6260;212;0.133;96;51;12;14;12;3.26;1.73;0.48;0.41;0.386;4071;425;2956;690;138;0.073;0.2;0.857;0;0;0;0;0;13;-4;-176;0;0;0;0;644;0;18577;873;30;67;14004;104;16;30;0;0
Breathe;TOP;WBG;FNC;Oscarinin;12.10.2024;4;8;v14.18;Worlds_MainEvent_24;3;3;3;3;Blue;00:26:31;Ivern;Yone;Skarner;Jax;Gnar;Jax;Win;12;10;2;1;16;1;1;6;7;259;14;0;9.8;13260;500;0.245;30;13;2;6;6;1.13;0.49;0.23;0.08;0.118;10762;9743;929;90;406;0.197;0.26;0.583;0;0;0;0;0;1575;31;1097;1;0;10412;10412;3026;0;21775;0;17;433;17608;0;8;27;0;350
Tarzan;JUNGLE;WBG;FNC;Razork;12.10.2024;4;8;v14.18;Worlds_MainEvent_24;3;3;3;3;Blue;00:26:31;Kalista;Aurora;Ahri;Rell;Skarner;Vi;Win;12;10;2;1;14;3;2;8;5.5;156;149;0;5.9;9168;346;0.169;32;9;4;7;7;1.21;0.34;0.26;0.15;0.126;6355;4233;1834;288;240;0.116;0.41;0.917;0;0;0;0;0;-203;-4;89;0;0;1458;1458;9913;0;36197;372;22;500;22896;52;9;26;0;0
xiaohu;MID;WBG;FNC;Humanoid;12.10.2024;4;8;v14.18;Worlds_MainEvent_24;3;3;3;3;Blue;00:26:31;Poppy;Orianna;Ezreal;Vi;Ahri;Swain;Win;12;10;2;1;15;1;0;10;Perfect_KDA;247;4;0;9.3;11129;420;0.205;34;14;7;6;4;1.28;0.53;0.23;0.26;0.134;14612;1359;10868;2385;551;0.268;0.41;0.917;0;0;0;0;0;444;9;-93;-1;0;6113;6113;4352;0;5001;0;10;59;10270;0;8;27;0;0
Light;ADCARRY;WBG;FNC;Noah;12.10.2024;4;8;v14.18;Worlds_MainEvent_24;3;3;3;3;Blue;00:26:31;Kaisa;Braum;Rakan;Ziggs;Ezreal;Ziggs;Win;12;10;2;1;15;6;0;4;Perfect_KDA;273;13;0;10.3;13353;504;0.246;22;10;5;2;2;0.83;0.38;0.08;0.19;0.087;19584;12360;6744;480;739;0.359;0.38;0.833;0;1;0;1;0;332;-6;-352;0;0;7429;7429;3952;0;5178;0;2;29;8827;0;3;20;0;0
Crisp;SUPPORT;WBG;FNC;Jun;12.10.2024;4;8;v14.18;Worlds_MainEvent_24;3;3;3;3;Blue;00:26:31;Sylas;Rumble;Gnar;Swain;Rakan;Rell;Win;12;10;2;1;11;1;2;7;4;37;0;0;1.4;7307;276;0.135;136;80;20;18;18;5.13;3.02;0.68;0.75;0.535;3245;393;2280;572;122;0.059;0.3;0.667;0;0;0;0;0;550;0;75;0;0;4062;4062;2990;805;11659;2433;13;41;9430;32;20;31;0;0
Oscarinin;TOP;FNC;WBG;Breathe;12.10.2024;4;8;v14.18;Worlds_MainEvent_24;3;3;3;3;Red;00:26:31;Yone;Ivern;Jax;Skarner;Jax;Gnar;Loss;5;1;2;0;13;0;3;1;0.3;177;0;0;6.7;7572;286;0.18;13;11;0;5;4;0.49;0.41;0.19;0;0.068;4989;2287;2618;84;188;0.116;0.04;0.2;0;0;0;0;0;-1575;-31;-1097;-1;0;1868;1868;1257;0;13656;0;7;72;17919;76;6;21;0;0
Razork;JUNGLE;FNC;WBG;Tarzan;12.10.2024;4;8;v14.18;Worlds_MainEvent_24;3;3;3;3;Red;00:26:31;Aurora;Kalista;Rell;Ahri;Vi;Skarner;Loss;5;1;2;0;13;1;2;4;2.5;174;150;0;6.6;8436;318;0.201;37;6;13;5;5;1.4;0.23;0.19;0.49;0.193;6813;6335;0;478;257;0.159;0.19;1;0;0;0;0;0;203;4;-89;0;0;0;0;10766;0;23960;0;16;300;20747;40;6;21;0;0
Humanoid;MID;FNC;WBG;xiaohu;12.10.2024;4;8;v14.18;Worlds_MainEvent_24;3;3;3;3;Red;00:26:31;Orianna;Poppy;Vi;Ezreal;Swain;Ahri;Loss;5;1;2;0;15;1;3;3;1.3;246;0;0;9.3;9872;372;0.235;33;8;17;2;2;1.24;0.3;0.08;0.64;0.172;12980;632;12281;67;490;0.303;0.15;0.8;0;0;0;0;0;-444;-9;93;1;0;532;532;4687;0;10907;0;30;335;17881;61;4;19;350;0
Noah;ADCARRY;FNC;WBG;Light;12.10.2024;4;8;v14.18;Worlds_MainEvent_24;3;3;3;3;Red;00:26:31;Braum;Kaisa;Ziggs;Rakan;Ziggs;Ezreal;Loss;5;1;2;0;14;3;1;2;5;268;3;0;10.1;10513;396;0.25;28;10;13;4;4;1.06;0.38;0.15;0.49;0.146;16290;484;15716;90;614;0.38;0.19;1;0;0;0;0;0;-332;6;352;0;0;2655;2655;135;0;2636;0;10;260;6026;43;6;19;0;0
Jun;SUPPORT;FNC;WBG;Crisp;12.10.2024;4;8;v14.18;Worlds_MainEvent_24;3;3;3;3;Red;00:26:31;Rumble;Sylas;Swain;Gnar;Rell;Rakan;Loss;5;1;2;0;10;0;3;5;1.7;37;0;0;1.4;5587;211;0.133;81;44;18;10;9;3.05;1.66;0.38;0.68;0.422;1783;258;1238;287;67;0.042;0.19;1;0;0;0;0;0;-550;0;-75;0;0;0;0;390;0;12381;858;18;51;10290;74;13;25;0;0
Impact;TOP;TL;GAM;Kiaya;12.10.2024;4;8;v14.18;Worlds_MainEvent_24;1;3;3;4;Blue;00:35:41;Yone;Skarner;Aurora;Jax;Aurora;Jax;Loss;8;4;2;1;15;3;5;3;1.2;193;0;0;5.4;12088;339;0.195;49;17;8;9;9;1.37;0.48;0.25;0.22;0.146;20646;1144;19502;0;579;0.28;0.17;0.75;0;1;0;0;0;-1514;-15;-908;-1;0;2656;2656;3976;0;13557;0;7;215;25057;186;11;29;400;50
UmTi;JUNGLE;TL;GAM;Levi;12.10.2024;4;8;v14.18;Worlds_MainEvent_24;1;3;3;4;Blue;00:35:41;Shyvana;Ziggs;Ezreal;Ashe;Maokai;Vi;Loss;8;4;2;1;15;0;3;6;2;164;144;0;4.6;10131;284;0.164;58;13;14;12;12;1.63;0.36;0.34;0.39;0.173;8702;675;7867;160;244;0.118;0.17;0.75;0;0;0;0;0;-1387;-20;-949;-1;0;304;304;21272;0;42446;833;57;543;33767;60;13;33;0;0
APA;MID;TL;GAM;Emo;12.10.2024;4;8;v14.18;Worlds_MainEvent_24;1;3;3;4;Blue;00:35:41;Nocturne;Kaisa;Rell;Braum;Tristana;Orianna;Loss;8;4;2;1;18;1;6;2;0.5;336;16;0;9.4;14307;401;0.231;63;18;14;6;6;1.77;0.5;0.17;0.39;0.188;13916;12357;1559;0;390;0.189;0.08;0.375;0;0;0;0;0;-686;-8;-526;-1;0;3638;3638;5321;0;13431;0;2;70;24759;195;7;23;0;50
Yeon;ADCARRY;TL;GAM;EasyLove;12.10.2024;4;8;v14.18;Worlds_MainEvent_24;1;3;3;4;Blue;00:35:41;Wukong;KSante;Tristana;Vi;Ezreal;Ashe;Loss;8;4;2;1;18;3;3;3;2;364;22;0;10.2;16407;460;0.265;42;14;12;6;5;1.18;0.39;0.17;0.34;0.125;25651;16461;9122;68;719;0.348;0.17;0.75;0;1;0;0;0;-76;-6;335;0;0;7226;7226;4531;0;13973;0;0;51;14222;65;7;26;600;250
CoreJJ;SUPPORT;TL;GAM;Elio;12.10.2024;4;8;v14.18;Worlds_MainEvent_24;1;3;3;4;Blue;00:35:41;Sylas;Gnar;Maokai;Orianna;Rell;Braum;Loss;8;4;2;1;12;1;4;7;2;33;0;0;0.9;8948;251;0.145;124;53;17;16;16;3.48;1.49;0.45;0.48;0.369;4895;619;3315;961;137;0.066;0.22;1;0;0;0;0;0;319;-5;-746;-1;0;2862;2862;413;0;16184;0;29;60;12749;78;18;30;50;0
Kiaya;TOP;GAM;TL;Impact;12.10.2024;4;8;v14.18;Worlds_MainEvent_24;1;3;3;4;Red;00:35:41;Skarner;Yone;Jax;Aurora;Jax;Aurora;Win;21;9;3;0;18;8;1;5;13;293;7;0;8.2;16030;449;0.234;52;25;11;13;13;1.46;0.7;0.36;0.31;0.154;20957;12569;7976;412;587;0.283;0.36;0.619;2;0;0;0;0;1514;15;908;1;0;15533;15533;6637;0;31944;0;17;698;28801;10;15;37;300;0
Levi;JUNGLE;GAM;TL;UmTi;12.10.2024;4;8;v14.18;Worlds_MainEvent_24;1;3;3;4;Red;00:35:41;Ziggs;Shyvana;Ashe;Ezreal;Vi;Maokai;Win;21;9;3;0;17;5;2;9;7;246;217;0;6.9;14076;394;0.205;60;12;16;11;11;1.68;0.34;0.31;0.45;0.178;17801;16469;106;1226;499;0.24;0.39;0.667;1;0;0;0;0;1387;20;949;1;0;2181;2181;19878;0;51175;0;29;417;37287;96;12;26;0;150
Emo;MID;GAM;TL;APA;12.10.2024;4;8;v14.18;Worlds_MainEvent_24;1;3;3;4;Red;00:35:41;Kaisa;Nocturne;Braum;Rell;Orianna;Tristana;Win;21;9;3;0;18;4;1;8;12;326;20;0;9.1;15384;431;0.224;61;23;9;10;10;1.71;0.64;0.28;0.25;0.18;15396;599;14725;72;431;0.208;0.34;0.571;0;0;0;0;0;686;8;526;1;0;3796;3796;3914;1536;10586;1441;16;476;10002;56;12;32;50;450
EasyLove;ADCARRY;GAM;TL;Yeon;12.10.2024;4;8;v14.18;Worlds_MainEvent_24;1;3;3;4;Red;00:35:41;KSante;Wukong;Vi;Tristana;Ashe;Ezreal;Win;21;9;3;0;16;4;2;5;4.5;320;13;0;9;14743;413;0.215;44;16;10;5;5;1.23;0.45;0.14;0.28;0.13;15354;13565;1623;166;430;0.207;0.25;0.429;1;0;0;0;0;76;6;-335;0;0;6238;6238;5164;0;8823;0;35;1062;16284;93;6;22;0;450
Elio;SUPPORT;GAM;TL;CoreJJ;12.10.2024;4;8;v14.18;Worlds_MainEvent_24;1;3;3;4;Red;00:35:41;Gnar;Sylas;Orianna;Maokai;Braum;Rell;Win;21;9;3;0;13;0;2;10;5;44;0;0;1.2;8309;233;0.121;121;70;11;19;19;3.39;1.96;0.53;0.31;0.358;4592;490;3448;654;129;0.062;0.28;0.476;0;0;0;0;0;-319;5;746;1;0;2341;2341;2715;0;16712;2383;25;150;14611;48;21;38;0;0
Impact;TOP;TL;GAM;Kiaya;12.10.2024;4;8;v14.18;Worlds_MainEvent_24;2;3;3;5;Blue;00:24:22;Yone;Skarner;Nocturne;Orianna;Renekton;Gnar;Win;21;11;3;1;15;2;0;11;Perfect_KDA;208;0;0;8.5;11032;453;0.2;19;7;3;3;3;0.78;0.29;0.12;0.12;0.094;12663;9704;2863;96;520;0.233;0.53;0.619;0;0;0;0;0;1156;14;1069;1;0;7336;7336;7745;0;20358;0;14;113;20235;0;6;24;0;0
UmTi;JUNGLE;TL;GAM;Levi;12.10.2024;4;8;v14.18;Worlds_MainEvent_24;2;3;3;5;Blue;00:24:22;Shyvana;Ziggs;Neeko;Ashe;Nocturne;Vi;Win;21;11;3;1;16;8;0;6;Perfect_KDA;213;171;0;8.7;11594;476;0.21;40;21;4;8;8;1.64;0.86;0.33;0.16;0.197;11635;10321;958;356;477;0.214;0.57;0.667;1;0;0;0;0;1847;26;1418;1;0;3475;3475;21080;0;20195;0;85;435;28271;0;10;24;0;0
APA;MID;TL;GAM;Emo;12.10.2024;4;8;v14.18;Worlds_MainEvent_24;2;3;3;5;Blue;00:24:22;Aurora;Jax;Kaisa;Braum;Neeko;Orianna;Win;21;11;3;1;14;3;2;9;6;197;0;0;8.1;11434;469;0.207;27;8;5;3;3;1.11;0.33;0.12;0.21;0.133;13926;427;13424;75;572;0.256;0.49;0.571;0;0;0;0;0;1315;-2;353;1;0;9913;9913;359;0;5904;0;26;154;9952;62;7;21;0;100
Yeon;ADCARRY;TL;GAM;EasyLove;12.10.2024;4;8;v14.18;Worlds_MainEvent_24;2;3;3;5;Blue;00:24:22;Kindred;Rell;Rakan;Gnar;Kaisa;Ashe;Win;21;11;3;1;15;6;0;7;Perfect_KDA;260;32;0;10.7;13462;552;0.244;23;12;6;4;4;0.94;0.49;0.16;0.25;0.113;12261;6132;6071;58;503;0.225;0.53;0.619;0;2;0;0;0;1383;15;861;1;0;7216;7216;3649;0;5415;0;1;85;8682;0;5;21;0;0
CoreJJ;SUPPORT;TL;GAM;Elio;12.10.2024;4;8;v14.18;Worlds_MainEvent_24;2;3;3;5;Blue;00:24:22;Wukong;Leona;Renekton;Vi;Rakan;Braum;Win;21;11;3;1;11;2;0;15;Perfect_KDA;17;0;0;0.7;7664;315;0.139;94;48;10;9;9;3.86;1.97;0.37;0.41;0.463;3969;944;2719;306;163;0.073;0.7;0.81;0;0;0;0;0;549;-15;-913;-1;0;4024;4024;4378;1668;9508;2063;21;59;7656;0;12;27;0;0
Kiaya;TOP;GAM;TL;Impact;12.10.2024;4;8;v14.18;Worlds_MainEvent_24;2;3;3;5;Red;00:24:22;Skarner;Yone;Orianna;Nocturne;Gnar;Renekton;Loss;2;1;0;0;13;0;4;1;0.3;194;4;0;8;7709;316;0.208;24;10;6;3;3;0.98;0.41;0.12;0.25;0.157;13389;11204;2185;0;549;0.351;0.04;0.5;0;0;0;0;0;-1156;-14;-1069;-1;0;0;0;1348;103;10153;0;19;258;15593;113;4;18;0;0
Levi;JUNGLE;GAM;TL;UmTi;12.10.2024;4;8;v14.18;Worlds_MainEvent_24;2;3;3;5;Red;00:24:22;Ziggs;Shyvana;Ashe;Neeko;Vi;Nocturne;Loss;2;1;0;0;11;0;6;0;0;136;112;0;5.6;6734;276;0.182;35;4;16;4;3;1.44;0.16;0.16;0.66;0.229;5613;5268;109;236;230;0.147;0;0;0;0;0;0;0;-1847;-26;-1418;-1;0;0;0;6543;0;19190;0;14;254;20028;120;5;20;0;0
Emo;MID;GAM;TL;APA;12.10.2024;4;8;v14.18;Worlds_MainEvent_24;2;3;3;5;Red;00:24:22;Jax;Aurora;Braum;Kaisa;Orianna;Neeko;Loss;2;1;0;0;14;2;4;0;0.5;221;0;0;9.1;9180;377;0.248;18;7;3;2;1;0.74;0.29;0.08;0.12;0.118;6661;337;6324;0;273;0.175;0.08;1;0;0;0;0;0;-1315;2;-353;-1;0;3344;3344;657;0;8537;394;10;257;11331;89;4;20;100;0
EasyLove;ADCARRY;GAM;TL;Yeon;12.10.2024;4;8;v14.18;Worlds_MainEvent_24;2;3;3;5;Red;00:24:22;Rell;Kindred;Gnar;Rakan;Ashe;Kaisa;Loss;2;1;0;0;12;0;4;2;0.5;221;0;0;9.1;8386;344;0.227;20;8;3;1;1;0.82;0.33;0.04;0.12;0.131;7699;6934;765;0;316;0.202;0.08;1;0;0;0;0;0;-1383;-15;-861;-1;0;482;482;983;0;4587;0;32;583;9607;74;2;20;0;0
Elio;SUPPORT;GAM;TL;CoreJJ;12.10.2024;4;8;v14.18;Worlds_MainEvent_24;2;3;3;5;Red;00:24:22;Leona;Wukong;Vi;Renekton;Braum;Rakan;Loss;2;1;0;0;11;0;3;1;0.3;29;0;0;1.2;5007;205;0.135;56;33;7;8;8;2.3;1.35;0.33;0.29;0.366;4733;394;3855;484;194;0.124;0.04;0.5;0;0;0;0;0;-549;15;913;1;0;0;0;157;0;11904;592;24;155;12814;59;10;21;0;0
Kiaya;TOP;GAM;TL;Impact;12.10.2024;4;8;v14.18;Worlds_MainEvent_24;3;3;3;6;Blue;00:28:35;Skarner;Shyvana;Jax;KSante;Jax;KSante;Loss;6;2;0;0;14;0;4;2;0.5;228;8;0;8;9487;332;0.208;19;11;2;5;3;0.66;0.38;0.17;0.07;0.109;16361;7588;8773;0;572;0.288;0.07;0.333;0;0;0;0;0;-39;9;-376;-1;0;5689;5689;5450;0;28953;0;19;133;34284;124;6;21;0;0
Levi;JUNGLE;GAM;TL;UmTi;12.10.2024;4;8;v14.18;Worlds_MainEvent_24;3;3;3;6;Blue;00:28:35;Ziggs;Aurora;Wukong;Nocturne;Wukong;Nocturne;Loss;6;2;0;0;14;0;5;3;0.6;177;161;0;6.2;8673;303;0.19;26;3;9;2;2;0.91;0.1;0.07;0.31;0.149;8682;7395;865;422;304;0.153;0.1;0.5;0;0;0;0;0;-373;-12;-576;0;0;0;0;15802;0;30362;0;15;191;35377;103;3;17;0;0
Emo;MID;GAM;TL;APA;12.10.2024;4;8;v14.18;Worlds_MainEvent_24;3;3;3;6;Blue;00:28:35;Kaisa;Yone;Akali;Neeko;Akali;Neeko;Loss;6;2;0;0;15;4;4;2;1.5;231;0;0;8.1;10742;376;0.236;31;8;14;6;5;1.08;0.28;0.21;0.49;0.177;12955;520;12435;0;453;0.228;0.21;1;0;1;0;0;0;-296;-14;-95;0;0;253;253;3493;0;13190;0;2;98;25075;103;7;24;300;50
EasyLove;ADCARRY;GAM;TL;Yeon;12.10.2024;4;8;v14.18;Worlds_MainEvent_24;3;3;3;6;Blue;00:28:35;Kalista;Xayah;Jhin;Ezreal;Jhin;Ezreal;Loss;6;2;0;0;14;1;3;2;1;270;0;0;9.4;10433;365;0.229;18;10;8;4;4;0.63;0.35;0.14;0.28;0.103;12892;11340;1496;56;451;0.227;0.1;0.5;0;0;0;0;0;-261;2;-419;-1;0;288;288;1792;0;7996;0;27;108;13339;119;5;22;50;0
Elio;SUPPORT;GAM;TL;CoreJJ;12.10.2024;4;8;v14.18;Worlds_MainEvent_24;3;3;3;6;Blue;00:28:35;Lucian;Miss_Fortune;Poppy;Rakan;Poppy;Rakan;Loss;6;2;0;0;11;1;2;1;1;55;2;0;1.9;6277;220;0.138;81;55;19;10;8;2.83;1.92;0.35;0.66;0.463;5961;4494;765;702;209;0.105;0.07;0.333;0;0;0;0;0;-923;15;37;0;0;0;0;1968;0;22167;1235;26;212;18099;30;14;28;0;0
Impact;TOP;TL;GAM;Kiaya;12.10.2024;4;8;v14.18;Worlds_MainEvent_24;3;3;3;6;Red;00:28:35;Shyvana;Skarner;KSante;Jax;KSante;Jax;Win;18;9;4;1;16;5;0;7;Perfect_KDA;202;0;0;7.1;11187;391;0.196;23;10;2;5;3;0.8;0.35;0.17;0.07;0.081;21064;17608;2281;1175;737;0.215;0.42;0.667;0;0;0;0;0;39;-9;376;1;0;6359;6359;5684;0;34944;734;38;1938;22705;0;8;25;50;0
UmTi;JUNGLE;TL;GAM;Levi;12.10.2024;4;8;v14.18;Worlds_MainEvent_24;3;3;3;6;Red;00:28:35;Aurora;Ziggs;Nocturne;Wukong;Nocturne;Wukong;Win;18;9;4;1;15;3;1;12;15;187;170;0;6.5;11346;397;0.199;58;21;12;7;7;2.03;0.73;0.24;0.42;0.205;13215;11684;1189;342;462;0.135;0.52;0.833;0;0;0;0;0;373;12;576;0;0;5246;5246;22998;0;28421;0;133;503;37452;42;8;23;0;100
APA;MID;TL;GAM;Emo;12.10.2024;4;8;v14.18;Worlds_MainEvent_24;3;3;3;6;Red;00:28:35;Yone;Kaisa;Neeko;Akali;Neeko;Akali;Win;18;9;4;1;17;5;2;4;4.5;274;2;0;9.6;13164;461;0.231;35;17;3;6;6;1.22;0.59;0.21;0.1;0.124;22390;2146;19852;392;783;0.229;0.31;0.5;1;0;0;0;0;296;14;95;0;0;9175;9175;3063;1116;8250;0;42;289;13687;58;9;27;0;50
Yeon;ADCARRY;TL;GAM;EasyLove;12.10.2024;4;8;v14.18;Worlds_MainEvent_24;3;3;3;6;Red;00:28:35;Xayah;Kalista;Ezreal;Jhin;Ezreal;Jhin;Win;18;9;4;1;16;2;1;11;13;278;12;0;9.7;12446;435;0.218;35;12;17;5;5;1.22;0.42;0.17;0.59;0.124;32785;22877;9400;508;1147;0.335;0.45;0.722;0;0;0;0;0;261;-2;419;1;0;2671;2671;4296;0;11273;0;2;75;13035;35;7;24;0;100
CoreJJ;SUPPORT;TL;GAM;Elio;12.10.2024;4;8;v14.18;Worlds_MainEvent_24;3;3;3;6;Red;00:28:35;Miss_Fortune;Lucian;Rakan;Poppy;Rakan;Poppy;Win;18;9;4;1;13;3;2;13;8;32;0;0;1.1;8850;310;0.155;132;64;20;12;10;4.62;2.24;0.42;0.7;0.466;8492;1564;5978;950;297;0.087;0.56;0.889;0;0;0;0;0;923;-15;-37;0;0;1223;1223;6250;3234;21924;3048;37;131;10717;42;15;29;0;100
kingen;TOP;DK;WBG;Breathe;13.10.2024;5;9;v14.18;Worlds_MainEvent_24;1;3;3;1;Blue;00:43:04;Ashe;Vi;Kalista;Orianna;Rumble;Jax;Win;20;10;4;2;18;4;2;12;8;299;28;0;6.9;16752;389;0.211;44;21;3;13;13;1.02;0.49;0.3;0.07;0.096;30128;418;29710;0;700;0.301;0.37;0.8;0;0;0;0;0;-831;10;-111;0;0;5735;5735;7021;3342;30045;0;13;328;21783;89;16;35;0;0
Lucid;JUNGLE;DK;WBG;Tarzan;13.10.2024;5;9;v14.18;Worlds_MainEvent_24;1;3;3;1;Blue;00:43:04;Skarner;Gnar;LeBlanc;Nocturne;Lee_Sin;Nocturne;Win;20;10;4;2;17;3;4;10;3.3;228;195;0;5.3;14149;329;0.178;76;36;18;23;21;1.76;0.84;0.53;0.42;0.165;15566;13018;1910;638;361;0.156;0.3;0.65;0;0;0;0;0;417;14;909;1;0;1688;1688;33300;0;66103;957;21;551;56026;92;25;47;300;100
ShowMaker;MID;DK;WBG;xiaohu;13.10.2024;5;9;v14.18;Worlds_MainEvent_24;1;3;3;1;Blue;00:43:04;Aurora;Yone;Renata_Glasc;Jax;LeBlanc;Orianna;Win;20;10;4;2;18;5;5;4;1.8;285;6;0;6.6;16445;382;0.207;80;31;19;15;13;1.86;0.72;0.35;0.44;0.174;26033;666;22423;2944;604;0.26;0.21;0.45;1;0;0;0;0;586;0;487;1;0;3269;3269;2171;0;18650;0;5;62;30607;248;19;41;650;100
Aiming;ADCARRY;DK;WBG;Light;13.10.2024;5;9;v14.18;Worlds_MainEvent_24;1;3;3;1;Blue;00:43:04;Rell;KSante;Lee_Sin;Caitlyn;Kalista;Caitlyn;Win;20;10;4;2;18;8;2;8;8;407;29;0;9.5;20374;473;0.257;49;16;17;2;2;1.14;0.37;0.05;0.39;0.107;22741;14041;3214;5486;528;0.228;0.37;0.8;0;1;1;0;0;-898;-22;-365;-1;0;8585;8585;6135;0;25314;0;18;559;25691;115;6;30;200;850
Moham;SUPPORT;DK;WBG;Crisp;13.10.2024;5;9;v14.18;Worlds_MainEvent_24;1;3;3;1;Blue;00:43:04;Rakan;Gragas;Rumble;Lux;Renata_Glasc;Lux;Win;20;10;4;2;16;0;3;19;6.3;54;0;0;1.3;11683;271;0.147;211;131;36;23;23;4.9;3.04;0.53;0.84;0.459;5475;944;3318;1213;127;0.055;0.44;0.95;0;0;0;0;0;-182;-6;-220;-1;0;3178;3178;5529;1663;30080;5071;15;240;26787;103;27;48;0;0
Breathe;TOP;WBG;DK;kingen;13.10.2024;5;9;v14.18;Worlds_MainEvent_24;1;3;3;1;Red;00:43:04;Vi;Ashe;Orianna;Kalista;Jax;Rumble;Loss;16;6;3;0;18;6;3;1;2.3;310;39;0;7.2;17383;404;0.238;68;21;16;5;5;1.58;0.49;0.12;0.37;0.143;25451;11325;13044;1082;591;0.233;0.16;0.438;0;1;0;0;0;831;-10;111;0;0;8942;8942;8223;0;38844;0;19;288;35377;115;6;26;650;350
Tarzan;JUNGLE;WBG;DK;Lucid;13.10.2024;5;9;v14.18;Worlds_MainEvent_24;1;3;3;1;Red;00:43:04;Gnar;Skarner;Nocturne;LeBlanc;Nocturne;Lee_Sin;Loss;16;6;3;0;16;1;6;10;1.8;206;168;0;4.8;11869;276;0.162;124;57;33;17;16;2.88;1.32;0.39;0.77;0.261;11056;8396;869;1791;257;0.101;0.26;0.688;0;0;0;0;0;-417;-14;-909;-1;0;0;0;21359;0;31409;0;181;645;45588;263;18;41;0;0
xiaohu;MID;WBG;DK;ShowMaker;13.10.2024;5;9;v14.18;Worlds_MainEvent_24;1;3;3;1;Red;00:43:04;Yone;Aurora;Jax;Renata_Glasc;Orianna;LeBlanc;Loss;16;6;3;0;18;2;4;9;2.8;309;10;0;7.2;14160;329;0.194;50;21;20;8;7;1.16;0.49;0.19;0.46;0.105;22907;767;21722;418;532;0.209;0.26;0.688;0;0;0;0;0;-586;0;-487;-1;1;1580;1580;1357;0;17837;3015;25;392;18642;118;10;37;100;0
Light;ADCARRY;WBG;DK;Aiming;13.10.2024;5;9;v14.18;Worlds_MainEvent_24;1;3;3;1;Red;00:43:04;KSante;Rell;Caitlyn;Lee_Sin;Caitlyn;Kalista;Loss;16;6;3;0;18;6;2;6;6;448;33;0;10.4;19458;452;0.266;80;15;33;4;4;1.86;0.35;0.09;0.77;0.168;32455;31013;576;866;754;0.297;0.28;0.75;0;1;0;0;0;898;22;365;1;0;6966;6966;7835;0;13521;0;22;178;16670;54;6;26;300;800
Crisp;SUPPORT;WBG;DK;Moham;13.10.2024;5;9;v14.18;Worlds_MainEvent_24;1;3;3;1;Red;00:43:04;Gragas;Rakan;Lux;Rumble;Lux;Renata_Glasc;Loss;16;6;3;0;14;1;5;15;3.2;55;0;0;1.3;10295;239;0.141;154;84;28;28;24;3.58;1.95;0.65;0.65;0.324;17587;995;14475;2117;408;0.161;0.37;1;0;0;0;0;0;182;6;220;1;0;679;679;3696;1552;7806;2254;51;255;19403;143;31;51;0;0
Breathe;TOP;WBG;DK;kingen;13.10.2024;5;9;v14.18;Worlds_MainEvent_24;2;3;3;2;Blue;00:29:54;Vi;Ashe;Yone;Aurora;Gnar;Camille;Win;15;10;4;1;16;4;0;8;Perfect_KDA;241;6;0;8.1;12729;426;0.219;56;18;10;7;7;1.87;0.6;0.23;0.33;0.2;14721;12666;1825;230;492;0.245;0.4;0.8;0;0;0;0;0;949;5;809;1;0;8957;8957;2684;0;12491;0;18;275;14576;0;8;27;0;0
Tarzan;JUNGLE;WBG;DK;Lucid;13.10.2024;5;9;v14.18;Worlds_MainEvent_24;2;3;3;2;Blue;00:29:54;Kalista;Skarner;Ezreal;Nocturne;Brand;Nocturne;Win;15;10;4;1;15;1;1;11;12;203;183;0;6.8;11062;370;0.191;50;14;13;9;9;1.67;0.47;0.3;0.43;0.179;12534;639;11373;522;419;0.208;0.4;0.8;0;0;0;0;0;1116;17;838;1;1;3177;3177;14979;0;11753;0;12;365;23462;32;9;24;0;0
xiaohu;MID;WBG;DK;ShowMaker;13.10.2024;5;9;v14.18;Worlds_MainEvent_24;2;3;3;2;Blue;00:29:54;LeBlanc;Sejuani;Gnar;Kaisa;Yone;Aurora;Win;15;10;4;1;16;6;1;6;12;254;28;0;8.5;13372;447;0.23;46;15;13;8;7;1.54;0.5;0.27;0.43;0.164;11668;8107;2226;1335;390;0.194;0.4;0.8;0;2;0;0;0;312;0;353;1;0;7945;7945;9486;0;22306;0;12;181;22477;35;11;28;100;0
Light;ADCARRY;WBG;DK;Aiming;13.10.2024;5;9;v14.18;Worlds_MainEvent_24;2;3;3;2;Blue;00:29:54;Jax;Leona;Brand;Camille;Ezreal;Kaisa;Win;15;10;4;1;16;4;0;4;Perfect_KDA;289;14;0;9.7;13386;448;0.231;32;15;7;5;5;1.07;0.5;0.17;0.23;0.114;18033;11479;5900;654;603;0.3;0.27;0.533;0;2;0;0;0;25;-12;-615;0;0;3509;3509;2560;0;4657;0;2;92;6465;0;6;26;0;0
Crisp;SUPPORT;WBG;DK;Moham;13.10.2024;5;9;v14.18;Worlds_MainEvent_24;2;3;3;2;Blue;00:29:54;Rell;Maokai;Alistar;Nautilus;Alistar;Nautilus;Win;15;10;4;1;12;0;2;12;6;32;0;0;1.1;7515;251;0.129;96;50;10;15;15;3.21;1.67;0.5;0.33;0.343;3200;245;2355;600;107;0.053;0.4;0.8;0;0;0;0;0;273;1;610;0;0;2946;2946;7611;4143;17939;1436;22;40;14349;36;17;31;0;0
kingen;TOP;DK;WBG;Breathe;13.10.2024;5;9;v14.18;Worlds_MainEvent_24;2;3;3;2;Red;00:29:54;Ashe;Vi;Aurora;Yone;Camille;Gnar;Loss;4;2;0;0;15;0;3;0;0;250;0;0;8.4;10414;348;0.221;25;7;6;5;4;0.84;0.23;0.17;0.2;0.099;6930;5032;416;1482;232;0.158;0;0;0;0;0;0;0;-949;-5;-809;-1;0;6121;6121;2948;0;20405;0;11;248;21993;66;6;21;0;0
Lucid;JUNGLE;DK;WBG;Tarzan;13.10.2024;5;9;v14.18;Worlds_MainEvent_24;2;3;3;2;Red;00:29:54;Skarner;Kalista;Nocturne;Ezreal;Nocturne;Brand;Loss;4;2;0;0;13;0;5;2;0.4;160;146;0;5.4;8345;279;0.177;50;24;9;15;14;1.67;0.8;0.5;0.3;0.198;5802;4274;322;1206;194;0.133;0.07;0.5;0;0;0;0;0;-1116;-17;-838;-1;0;0;0;16397;0;19108;0;94;468;33958;121;16;35;0;0
ShowMaker;MID;DK;WBG;xiaohu;13.10.2024;5;9;v14.18;Worlds_MainEvent_24;2;3;3;2;Red;00:29:54;Sejuani;LeBlanc;Kaisa;Gnar;Aurora;Yone;Loss;4;2;0;0;14;1;3;2;1;206;9;0;6.9;9380;314;0.199;39;17;7;8;6;1.3;0.57;0.27;0.23;0.154;14155;1014;12365;776;473;0.324;0.1;0.75;0;0;0;0;0;-312;0;-353;-1;0;0;0;1432;0;7537;0;8;239;13791;112;11;23;0;0
Aiming;ADCARRY;DK;WBG;Light;13.10.2024;5;9;v14.18;Worlds_MainEvent_24;2;3;3;2;Red;00:29:54;Leona;Jax;Camille;Brand;Kaisa;Ezreal;Loss;4;2;0;0;16;3;1;1;4;342;16;0;11.4;12905;432;0.273;38;13;11;4;4;1.27;0.43;0.13;0.37;0.15;12770;5112;7572;86;427;0.292;0.13;1;0;1;0;0;0;-25;12;615;0;0;955;955;2743;0;7021;0;0;90;9797;0;6;24;0;100
Moham;SUPPORT;DK;WBG;Crisp;13.10.2024;5;9;v14.18;Worlds_MainEvent_24;2;3;3;2;Red;00:29:54;Maokai;Rell;Nautilus;Alistar;Nautilus;Alistar;Loss;4;2;0;0;9;0;3;3;1;31;0;0;1;6156;206;0.13;101;59;11;16;14;3.38;1.97;0.54;0.37;0.399;4093;751;2656;686;137;0.094;0.1;0.75;0;0;0;0;0;-273;-1;-610;0;0;0;0;1176;0;14325;645;28;157;11208;63;18;30;0;0
kingen;TOP;DK;WBG;Breathe;13.10.2024;5;9;v14.18;Worlds_MainEvent_24;3;3;3;3;Blue;00:35:05;Skarner;LeBlanc;Yone;Ezreal;Gragas;Gnar;Loss;8;2;2;1;17;1;3;0;0.3;267;4;0;7.6;11292;322;0.197;24;10;3;6;6;0.68;0.29;0.17;0.09;0.086;9386;44;9342;0;268;0.189;0.03;0.125;0;0;0;0;0;-466;2;-34;0;0;1842;1842;7640;0;16001;0;15;480;19297;100;8;30;0;0
Lucid;JUNGLE;DK;WBG;Tarzan;13.10.2024;5;9;v14.18;Worlds_MainEvent_24;3;3;3;3;Blue;00:35:05;Orianna;Kalista;Vi;Aurora;Vi;Morgana;Loss;8;2;2;1;15;2;5;2;0.8;191;176;0;5.4;10352;295;0.18;44;17;8;17;15;1.25;0.48;0.48;0.23;0.158;8012;7426;0;586;228;0.161;0.11;0.5;0;0;0;0;0;-633;-13;-1061;-1;1;0;0;14474;0;36323;0;14;221;35209;161;18;36;0;0
ShowMaker;MID;DK;WBG;xiaohu;13.10.2024;5;9;v14.18;Worlds_MainEvent_24;3;3;3;3;Blue;00:35:05;Renekton;Ziggs;Rell;Gnar;Yone;Aurora;Loss;8;2;2;1;17;0;3;6;2;315;16;0;9;12811;365;0.223;30;14;12;12;12;0.86;0.4;0.34;0.34;0.108;11080;7456;2436;1188;316;0.223;0.17;0.75;0;0;0;0;0;-615;14;-212;0;0;3035;3035;8277;0;24986;0;17;217;24146;52;15;34;0;50
Aiming;ADCARRY;DK;WBG;Light;13.10.2024;5;9;v14.18;Worlds_MainEvent_24;3;3;3;3;Blue;00:35:05;Poppy;Kaisa;Miss_Fortune;Morgana;Miss_Fortune;Ezreal;Loss;8;2;2;1;17;3;2;3;3;353;26;0;10.1;14610;416;0.255;46;14;19;4;4;1.31;0.4;0.11;0.54;0.165;17885;16405;1096;384;510;0.36;0.17;0.75;0;0;0;0;0;-893;0;290;0;0;18;18;6445;0;19864;0;8;221;13673;50;5;21;450;150
Moham;SUPPORT;DK;WBG;Crisp;13.10.2024;5;9;v14.18;Worlds_MainEvent_24;3;3;3;3;Blue;00:35:05;Leona;Rumble;Gragas;Braum;Rell;Braum;Loss;8;2;2;1;12;2;7;4;0.9;39;0;0;1.1;8337;238;0.145;135;78;21;26;24;3.85;2.22;0.74;0.6;0.484;3267;285;2332;650;93;0.066;0.17;0.75;0;1;0;0;0;-802;4;-981;-1;0;0;0;202;0;24959;0;20;47;21230;170;28;41;200;0
Breathe;TOP;WBG;DK;kingen;13.10.2024;5;9;v14.18;Worlds_MainEvent_24;3;3;3;3;Red;00:35:05;LeBlanc;Skarner;Ezreal;Yone;Gnar;Gragas;Win;20;10;3;1;18;9;1;5;14;297;16;0;8.5;17180;490;0.255;45;11;13;6;6;1.28;0.31;0.17;0.37;0.13;18537;13886;3955;696;528;0.213;0.4;0.7;0;2;0;0;0;466;-2;34;0;0;11313;11313;1451;0;21308;0;17;539;18460;32;7;30;150;0
Tarzan;JUNGLE;WBG;DK;Lucid;13.10.2024;5;9;v14.18;Worlds_MainEvent_24;3;3;3;3;Red;00:35:05;Kalista;Orianna;Aurora;Vi;Morgana;Vi;Win;20;10;3;1;15;1;2;14;7.5;202;186;0;5.8;11333;323;0.168;57;12;15;10;10;1.62;0.34;0.29;0.43;0.165;14188;1199;11475;1514;404;0.163;0.43;0.75;0;0;0;0;0;633;13;1061;1;0;567;567;16063;0;17346;146;32;354;25051;44;11;22;0;0
xiaohu;MID;WBG;DK;ShowMaker;13.10.2024;5;9;v14.18;Worlds_MainEvent_24;3;3;3;3;Red;00:35:05;Ziggs;Renekton;Gnar;Rell;Aurora;Yone;Win;20;10;3;1;16;4;2;10;7;221;17;0;6.3;12965;370;0.192;70;35;16;6;5;2;1;0.17;0.46;0.203;23126;2388;20360;378;659;0.265;0.4;0.7;0;1;0;0;0;615;-14;212;0;0;5030;5030;4072;0;10654;0;10;258;17839;55;8;26;0;200
Light;ADCARRY;WBG;DK;Aiming;13.10.2024;5;9;v14.18;Worlds_MainEvent_24;3;3;3;3;Red;00:35:05;Kaisa;Poppy;Morgana;Miss_Fortune;Ezreal;Miss_Fortune;Win;20;10;3;1;18;6;1;11;17;359;10;0;10.2;16889;481;0.25;38;13;10;5;5;1.08;0.37;0.14;0.29;0.11;27323;18487;8090;746;779;0.313;0.48;0.85;0;0;0;0;0;893;0;-290;0;0;5473;5473;6682;0;14002;0;3;88;12247;53;6;24;50;450
Crisp;SUPPORT;WBG;DK;Moham;13.10.2024;5;9;v14.18;Worlds_MainEvent_24;3;3;3;3;Red;00:35:05;Rumble;Leona;Braum;Gragas;Braum;Rell;Win;20;10;3;1;13;0;2;16;8;34;0;0;1;9081;259;0.135;135;75;18;21;21;3.85;2.14;0.6;0.51;0.391;4057;775;3226;56;116;0.047;0.46;0.8;0;0;0;0;0;802;-4;981;1;0;2108;2108;2698;636;18553;1727;31;158;17435;56;24;41;0;0
Brokenblade;TOP;G2;BLG;Bin;13.10.2024;5;9;v14.18;Worlds_MainEvent_24;1;3;3;4;Blue;00:34:58;Ahri;Yone;Orianna;Jax;Gnar;Jax;Loss;7;3;2;0;17;3;2;0;1.5;288;12;0;8.2;14350;410;0.246;42;13;9;4;4;1.2;0.37;0.11;0.26;0.138;12014;9247;2508;259;344;0.231;0.09;0.429;0;0;0;0;0;267;15;895;0;0;7207;7207;2335;0;20971;0;13;439;18838;32;5;27;300;50
Yike;JUNGLE;G2;BLG;XUN;13.10.2024;5;9;v14.18;Worlds_MainEvent_24;1;3;3;4;Blue;00:34:58;Ashe;Aurora;Nocturne;Skarner;Nocturne;Skarner;Loss;7;3;2;0;15;1;3;5;2;213;189;0;6.1;10818;309;0.186;67;31;15;8;8;1.92;0.89;0.23;0.43;0.22;8095;6211;613;1271;232;0.155;0.17;0.857;0;0;0;0;0;-201;-9;-490;-1;0;0;0;21217;0;26665;0;106;404;35669;80;8;30;100;0
Caps;MID;G2;BLG;Knight;13.10.2024;5;9;v14.18;Worlds_MainEvent_24;1;3;3;4;Blue;00:34:58;Neeko;Kalista;Gnar;LeBlanc;Orianna;LeBlanc;Loss;7;3;2;0;16;1;4;4;1.3;277;0;0;7.9;11819;338;0.203;19;6;4;3;2;0.54;0.17;0.09;0.11;0.063;14067;895;13153;19;402;0.27;0.14;0.714;0;0;0;0;0;-378;-10;-681;-1;0;2038;2038;1150;0;13212;2407;24;346;17199;111;5;21;0;0
Hans Sama;ADCARRY;G2;BLG;Elk;13.10.2024;5;9;v14.18;Worlds_MainEvent_24;1;3;3;4;Blue;00:34:58;Xayah;Draven;Miss_Fortune;Kaisa;Miss_Fortune;Kaisa;Loss;7;3;2;0;16;2;5;3;1;324;15;0;9.3;13673;391;0.234;37;11;16;3;3;1.06;0.31;0.09;0.46;0.122;13075;12296;677;102;374;0.251;0.14;0.714;0;1;0;0;0;-726;-4;349;0;0;2133;2133;1706;0;19899;0;6;85;13893;161;4;19;0;0
Mikyx;SUPPORT;G2;BLG;ON;13.10.2024;5;9;v14.18;Worlds_MainEvent_24;1;3;3;4;Blue;00:34:58;Ezreal;Poppy;Rell;Alistar;Rell;Alistar;Loss;7;3;2;0;12;0;7;6;0.9;32;0;0;0.9;7654;219;0.131;139;76;14;20;18;3.98;2.17;0.57;0.4;0.457;4835;886;3007;942;138;0.093;0.17;0.857;0;0;0;0;0;8;-3;-905;-1;0;986;986;709;0;24609;0;37;78;19541;137;23;38;0;0
Bin;TOP;BLG;G2;Brokenblade;13.10.2024;5;9;v14.18;Worlds_MainEvent_24;1;3;3;4;Red;00:34:58;Yone;Ahri;Jax;Orianna;Jax;Gnar;Win;21;9;3;2;18;6;0;3;Perfect_KDA;281;24;0;8;15026;430;0.215;43;17;7;4;4;1.23;0.49;0.11;0.2;0.114;13357;6588;6515;254;382;0.183;0.26;0.429;0;1;0;0;0;-267;-15;-895;0;0;10756;10756;3547;0;17735;0;15;197;16647;0;5;27;0;0
XUN;JUNGLE;BLG;G2;Yike;13.10.2024;5;9;v14.18;Worlds_MainEvent_24;1;3;3;4;Red;00:34:58;Aurora;Ashe;Skarner;Nocturne;Skarner;Nocturne;Win;21;9;3;2;17;2;0;15;Perfect_KDA;212;186;0;6.1;12581;360;0.18;62;14;11;14;13;1.77;0.4;0.4;0.31;0.164;11313;7655;3218;440;324;0.155;0.49;0.81;0;0;0;0;0;201;9;490;1;0;2313;2313;14395;0;57224;0;22;695;26715;0;15;34;0;0
Knight;MID;BLG;G2;Caps;13.10.2024;5;9;v14.18;Worlds_MainEvent_24;1;3;3;4;Red;00:34:58;Kalista;Neeko;LeBlanc;Gnar;LeBlanc;Orianna;Win;21;9;3;2;18;7;1;8;15;304;0;0;8.7;16057;459;0.23;71;23;23;4;4;2.03;0.66;0.11;0.66;0.188;22099;1221;19282;1596;632;0.302;0.43;0.714;0;1;0;0;0;378;10;681;1;0;6880;6880;3383;0;10585;0;12;76;15640;35;6;23;50;100
Elk;ADCARRY;BLG;G2;Hans Sama;13.10.2024;5;9;v14.18;Worlds_MainEvent_24;1;3;3;4;Red;00:34:58;Draven;Xayah;Kaisa;Miss_Fortune;Kaisa;Miss_Fortune;Win;21;9;3;2;17;4;5;10;2.8;348;28;0;10;16715;478;0.239;57;13;19;5;4;1.63;0.37;0.14;0.54;0.151;20547;7281;12934;332;588;0.281;0.4;0.667;0;1;0;0;0;726;4;-349;0;0;4030;4030;2381;0;14617;0;2;130;17434;162;6;29;0;300
ON;SUPPORT;BLG;G2;Mikyx;13.10.2024;5;9;v14.18;Worlds_MainEvent_24;1;3;3;4;Red;00:34:58;Poppy;Ezreal;Alistar;Rell;Alistar;Rell;Win;21;9;3;2;13;2;1;12;14;40;0;0;1.1;9468;271;0.136;145;84;19;23;23;4.15;2.4;0.66;0.54;0.384;5810;758;4174;878;166;0.079;0.4;0.667;0;0;0;0;0;-8;3;905;1;0;1086;1086;7767;3542;24019;322;35;84;15423;34;26;40;0;0
Brokenblade;TOP;G2;BLG;Bin;13.10.2024;5;9;v14.18;Worlds_MainEvent_24;2;3;3;5;Blue;00:29:56;Ahri;Yone;Skarner;Gnar;Yasuo;Gnar;Win;17;9;3;1;17;3;2;11;7;268;12;0;9;12929;432;0.216;24;9;6;3;2;0.8;0.3;0.1;0.2;0.083;20514;17213;2981;320;685;0.266;0.47;0.824;0;1;0;0;0;37;-8;-231;0;0;5912;5912;6210;0;27241;0;30;180;24037;94;4;20;50;250
Yike;JUNGLE;G2;BLG;XUN;13.10.2024;5;9;v14.18;Worlds_MainEvent_24;2;3;3;5;Blue;00:29:56;Jax;Aurora;Yasuo;Neeko;Skarner;Xin_Zhao;Win;17;9;3;1;15;3;1;10;13;193;167;0;6.4;11095;371;0.186;35;7;10;6;6;1.17;0.23;0.2;0.33;0.121;7549;4657;2568;324;252;0.098;0.43;0.765;0;0;0;0;0;274;8;936;1;0;2012;2012;12563;0;45200;0;20;697;23292;46;6;21;0;100
Caps;MID;G2;BLG;Knight;13.10.2024;5;9;v14.18;Worlds_MainEvent_24;2;3;3;5;Blue;00:29:56;Ashe;Kalista;Sylas;Xin_Zhao;Sylas;Neeko;Win;17;9;3;1;17;4;1;5;9;268;14;0;9;13034;435;0.218;24;11;5;6;5;0.8;0.37;0.2;0.17;0.083;17492;1347;15380;765;584;0.227;0.3;0.529;0;0;0;0;0;676;24;1069;1;0;7481;7481;8594;0;24235;0;23;494;26973;28;7;26;50;0
Hans Sama;ADCARRY;G2;BLG;Elk;13.10.2024;5;9;v14.18;Worlds_MainEvent_24;2;3;3;5;Blue;00:29:56;Poppy;Draven;Ezreal;Xayah;Ezreal;Xayah;Win;17;9;3;1;16;6;0;3;Perfect_KDA;286;4;0;9.6;14146;473;0.237;37;14;5;3;3;1.24;0.47;0.1;0.17;0.128;26766;17136;8941;689;894;0.347;0.3;0.529;0;1;0;0;0;1204;-2;826;1;0;7319;7319;5828;0;7778;0;2;48;12913;0;4;22;0;0
Mikyx;SUPPORT;G2;BLG;ON;13.10.2024;5;9;v14.18;Worlds_MainEvent_24;2;3;3;5;Blue;00:29:56;Kaisa;Varus;Rakan;Renata_Glasc;Rakan;Renata_Glasc;Win;17;9;3;1;12;1;1;11;12;48;0;0;1.6;8582;287;0.144;170;89;35;15;15;5.68;2.97;0.5;1.17;0.586;4844;947;3631;266;162;0.063;0.4;0.706;0;0;0;0;0;80;-3;-381;0;0;4214;4214;9309;3016;16203;3287;21;56;12020;12;17;31;0;0
Bin;TOP;BLG;G2;Brokenblade;13.10.2024;5;9;v14.18;Worlds_MainEvent_24;2;3;3;5;Red;00:29:56;Yone;Ahri;Gnar;Skarner;Gnar;Yasuo;Loss;5;2;1;0;16;1;5;2;0.6;267;2;0;8.9;11283;377;0.232;27;12;7;2;2;0.9;0.4;0.07;0.23;0.109;18041;12615;4804;622;603;0.285;0.1;0.6;0;0;0;0;0;-37;8;231;0;0;4595;4595;705;0;22176;0;22;506;21436;166;3;22;250;0
XUN;JUNGLE;BLG;G2;Yike;13.10.2024;5;9;v14.18;Worlds_MainEvent_24;2;3;3;5;Red;00:29:56;Aurora;Jax;Neeko;Yasuo;Xin_Zhao;Skarner;Loss;5;2;1;0;14;1;5;2;0.6;184;159;0;6.1;9207;308;0.19;39;11;16;9;9;1.3;0.37;0.3;0.53;0.157;9152;8316;436;400;306;0.145;0.1;0.6;0;0;0;0;0;-274;-8;-936;-1;0;0;0;20776;0;26234;0;16;548;37953;137;10;28;0;0
Knight;MID;BLG;G2;Caps;13.10.2024;5;9;v14.18;Worlds_MainEvent_24;2;3;3;5;Red;00:29:56;Kalista;Ashe;Xin_Zhao;Sylas;Neeko;Sylas;Loss;5;2;1;0;14;1;1;2;3;214;8;0;7.1;9644;322;0.199;21;4;8;2;2;0.7;0.13;0.07;0.27;0.085;18044;1448;14580;2016;603;0.285;0.1;0.6;0;0;0;0;0;-676;-24;-1069;-1;0;837;837;2104;0;9783;0;28;258;18213;0;5;23;0;0
Elk;ADCARRY;BLG;G2;Hans Sama;13.10.2024;5;9;v14.18;Worlds_MainEvent_24;2;3;3;5;Red;00:29:56;Draven;Poppy;Xayah;Ezreal;Xayah;Ezreal;Loss;5;2;1;0;15;2;3;1;1;323;6;0;10.8;11971;400;0.247;26;14;11;5;4;0.87;0.47;0.17;0.37;0.105;13353;12978;0;375;446;0.211;0.1;0.6;0;0;0;0;0;-1204;2;-826;-1;0;1345;1345;5269;0;11065;0;13;94;16601;67;7;23;100;100
ON;SUPPORT;BLG;G2;Mikyx;13.10.2024;5;9;v14.18;Worlds_MainEvent_24;2;3;3;5;Red;00:29:56;Varus;Kaisa;Renata_Glasc;Rakan;Renata_Glasc;Rakan;Loss;5;2;1;0;11;0;3;2;0.7;42;0;0;1.4;6449;215;0.133;135;85;23;20;18;4.51;2.84;0.67;0.77;0.544;4638;813;2626;1199;155;0.073;0.07;0.4;0;0;0;0;0;-80;3;381;0;0;501;501;2824;907;12698;1628;24;194;12844;45;22;36;0;0
Bin;TOP;BLG;G2;Brokenblade;13.10.2024;5;9;v14.18;Worlds_MainEvent_24;3;3;3;6;Blue;00:34:38;Poppy;Jax;Skarner;Xin_Zhao;Rumble;Renekton;Win;23;10;3;2;18;5;6;13;3;297;35;0;8.6;15737;454;0.217;39;12;7;10;8;1.13;0.35;0.29;0.2;0.113;33629;1044;32188;397;971;0.297;0.52;0.783;0;0;0;0;0;-207;9;-406;0;0;3184;3184;6149;0;36803;0;17;417;30446;179;14;29;250;50
XUN;JUNGLE;BLG;G2;Yike;13.10.2024;5;9;v14.18;Worlds_MainEvent_24;3;3;3;6;Blue;00:34:38;Gnar;Ahri;Rumble;Renekton;Skarner;Xin_Zhao;Win;23;10;3;2;17;3;2;13;8;206;180;0;5.9;12911;373;0.178;57;15;13;15;12;1.65;0.43;0.43;0.38;0.166;14050;9619;4149;282;406;0.124;0.46;0.696;0;0;0;0;0;-300;9;538;0;0;2419;2419;15631;0;66048;0;30;760;38265;94;17;32;0;100
Knight;MID;BLG;G2;Caps;13.10.2024;5;9;v14.18;Worlds_MainEvent_24;3;3;3;6;Blue;00:34:38;Yone;Aurora;Rell;Kalista;Sylas;Ryze;Win;23;10;3;2;18;5;5;14;3.8;288;16;0;8.3;15195;439;0.21;59;6;18;4;4;1.7;0.17;0.12;0.52;0.172;21595;1902;19205;488;624;0.191;0.55;0.826;0;1;0;0;0;13;-3;-538;-1;0;2291;2291;10226;977;29646;0;21;565;32546;194;6;27;350;250
Elk;ADCARRY;BLG;G2;Hans Sama;13.10.2024;5;9;v14.18;Worlds_MainEvent_24;3;3;3;6;Blue;00:34:38;Renata_Glasc;Ashe;Sylas;Taric;Ezreal;Kalista;Win;23;10;3;2;18;8;2;9;8.5;349;29;0;10.1;18039;521;0.249;53;12;15;5;4;1.53;0.35;0.14;0.43;0.154;39176;26983;9497;2696;1131;0.346;0.49;0.739;0;2;0;0;0;567;2;70;0;0;14865;14865;4895;0;9852;0;13;226;15337;78;6;27;100;400
ON;SUPPORT;BLG;G2;Mikyx;13.10.2024;5;9;v14.18;Worlds_MainEvent_24;3;3;3;6;Blue;00:34:38;Neeko;Miss_Fortune;Ezreal;Ryze;Rell;Taric;Win;23;10;3;2;14;2;4;16;4.5;35;0;0;1;10535;304;0.145;136;77;19;23;22;3.93;2.22;0.66;0.55;0.395;4889;621;3530;738;141;0.043;0.52;0.783;0;0;0;0;0;876;-4;-106;0;0;2547;2547;1732;0;30161;878;31;65;16013;123;26;40;0;0
Brokenblade;TOP;G2;BLG;Bin;13.10.2024;5;9;v14.18;Worlds_MainEvent_24;3;3;3;6;Red;00:34:38;Jax;Poppy;Xin_Zhao;Skarner;Renekton;Rumble;Loss;19;3;2;0;17;4;6;5;1.5;271;4;0;7.8;13166;380;0.208;37;12;7;6;6;1.07;0.35;0.17;0.2;0.117;19229;14391;4748;90;555;0.211;0.26;0.474;0;0;0;0;0;207;-9;406;0;0;3765;3765;7822;0;42962;0;16;191;39095;201;7;30;350;0
Yike;JUNGLE;G2;BLG;XUN;13.10.2024;5;9;v14.18;Worlds_MainEvent_24;3;3;3;6;Red;00:34:38;Ahri;Gnar;Renekton;Rumble;Xin_Zhao;Skarner;Loss;19;3;2;0;15;5;5;11;3.2;181;144;0;5.2;12313;356;0.194;64;7;19;7;5;1.85;0.2;0.2;0.55;0.202;19888;18365;1191;332;574;0.218;0.46;0.842;1;0;0;0;0;300;-9;-538;0;0;0;0;25884;0;28833;0;32;617;44678;132;7;27;400;100
Caps;MID;G2;BLG;Knight;13.10.2024;5;9;v14.18;Worlds_MainEvent_24;3;3;3;6;Red;00:34:38;Aurora;Yone;Kalista;Rell;Ryze;Sylas;Loss;19;3;2;0;18;1;3;12;4.3;329;20;0;9.5;13758;397;0.217;34;16;5;8;7;0.98;0.46;0.23;0.14;0.107;26792;656;26136;0;774;0.294;0.38;0.684;0;0;0;0;0;-13;3;538;1;0;2826;2826;4071;0;19982;0;21;62;23014;96;8;24;0;150
Hans Sama;ADCARRY;G2;BLG;Elk;13.10.2024;5;9;v14.18;Worlds_MainEvent_24;3;3;3;6;Red;00:34:38;Ashe;Renata_Glasc;Taric;Sylas;Kalista;Ezreal;Loss;19;3;2;0;17;7;3;5;4;338;20;0;9.8;15970;461;0.252;53;10;17;3;2;1.53;0.29;0.09;0.49;0.167;22389;18530;3643;216;646;0.246;0.35;0.632;0;1;0;0;0;-567;-2;-70;0;0;2144;2144;6460;0;16540;0;16;495;20280;100;5;24;50;450
Mikyx;SUPPORT;G2;BLG;ON;13.10.2024;5;9;v14.18;Worlds_MainEvent_24;3;3;3;6;Red;00:34:38;Miss_Fortune;Neeko;Ryze;Ezreal;Taric;Rell;Loss;19;3;2;0;13;2;6;12;2.3;40;0;0;1.2;8217;237;0.13;129;78;14;22;21;3.72;2.25;0.64;0.4;0.407;2778;709;2069;0;80;0.031;0.4;0.737;0;0;0;0;0;-876;4;106;0;0;0;0;6774;3701;20006;4910;22;82;19169;162;26;37;0;0
Bwipo;TOP;FLY;TL;Impact;13.10.2024;5;9;v14.18;Worlds_MainEvent_24;1;3;3;7;Blue;00:38:08;Ziggs;Ivern;Skarner;Xin_Zhao;KSante;Jax;Win;18;10;2;1;18;3;2;7;5;320;4;0;8.4;15678;411;0.222;35;16;4;7;6;0.92;0.42;0.18;0.1;0.108;25630;21658;2090;1882;672;0.248;0.26;0.556;0;0;0;0;0;-134;9;-245;-1;0;9698;9698;5855;0;62336;543;46;3335;29477;40;8;28;0;0
Inspired;JUNGLE;FLY;TL;UmTi;13.10.2024;5;9;v14.18;Worlds_MainEvent_24;1;3;3;7;Blue;00:38:08;Kaisa;Renekton;Orianna;Jax;Skarner;Xin_Zhao;Win;18;10;2;1;18;0;0;12;Perfect_KDA;246;222;0;6.5;12706;333;0.18;46;9;11;8;7;1.21;0.24;0.21;0.29;0.142;18286;12912;4648;726;480;0.177;0.31;0.667;0;0;0;0;0;-293;-12;84;0;0;1537;1537;18591;0;65818;0;24;849;37644;0;10;29;0;0
Quad;MID;FLY;TL;APA;13.10.2024;5;9;v14.18;Worlds_MainEvent_24;1;3;3;7;Blue;00:38:08;Neeko;Leona;Ashe;Syndra;Orianna;Syndra;Win;18;10;2;1;18;10;0;7;Perfect_KDA;291;10;0;7.6;15934;418;0.225;57;23;13;10;8;1.49;0.6;0.26;0.34;0.176;28932;1590;27274;68;759;0.28;0.45;0.944;0;0;0;0;0;944;19;1155;1;0;4688;4688;5161;1718;20054;5271;22;416;15930;0;12;36;0;0
Massu;ADCARRY;FLY;TL;Yeon;13.10.2024;5;9;v14.18;Worlds_MainEvent_24;1;3;3;7;Blue;00:38:08;Lucian;Renata_Glasc;KSante;Jhin;Ashe;Jhin;Win;18;10;2;1;18;3;1;7;10;369;24;0;9.7;16668;437;0.236;56;13;13;3;3;1.47;0.34;0.08;0.34;0.173;23070;20178;2388;504;605;0.223;0.26;0.556;0;0;0;0;0;-1709;-25;123;0;0;9188;9188;4096;0;12722;0;42;996;14205;16;4;29;150;0
Busio;SUPPORT;FLY;TL;CoreJJ;13.10.2024;5;9;v14.18;Worlds_MainEvent_24;1;3;3;7;Blue;00:38:08;Rell;Urgot;Lulu;Tahm_Kench;Lulu;Tahm_Kench;Win;18;10;2;1;14;2;1;10;12;31;0;0;0.8;9680;254;0.137;130;64;17;15;14;3.41;1.68;0.39;0.45;0.401;7343;1029;4735;1579;193;0.071;0.31;0.667;1;0;0;0;0;-771;-1;-274;-1;0;562;562;6689;3497;7886;5307;27;207;14826;30;18;36;0;0
Impact;TOP;TL;FLY;Bwipo;13.10.2024;5;9;v14.18;Worlds_MainEvent_24;1;3;3;7;Red;00:38:08;Ivern;Ziggs;Xin_Zhao;Skarner;Jax;KSante;Loss;4;5;3;0;18;1;3;1;0.7;280;4;0;7.3;14041;368;0.225;43;21;4;6;6;1.13;0.55;0.16;0.1;0.126;10909;5423;4914;572;286;0.136;0.05;0.5;1;0;0;0;0;134;-9;245;1;0;7499;7499;3969;0;25565;0;11;189;28700;92;7;27;0;0
UmTi;JUNGLE;TL;FLY;Inspired;13.10.2024;5;9;v14.18;Worlds_MainEvent_24;1;3;3;7;Red;00:38:08;Renekton;Kaisa;Jax;Orianna;Xin_Zhao;Skarner;Loss;4;5;3;0;15;1;5;1;0.4;234;212;0;6.1;11077;290;0.177;60;12;16;13;10;1.57;0.31;0.34;0.42;0.176;13090;11914;284;892;343;0.164;0.05;0.5;0;0;0;0;0;293;12;-84;0;0;0;0;38123;0;42255;0;21;655;59539;235;14;33;0;0
APA;MID;TL;FLY;Quad;13.10.2024;5;9;v14.18;Worlds_MainEvent_24;1;3;3;7;Red;00:38:08;Leona;Neeko;Syndra;Ashe;Syndra;Orianna;Loss;4;5;3;0;17;0;5;0;0;323;1;0;8.5;12801;336;0.205;57;22;11;7;7;1.49;0.58;0.18;0.29;0.168;22878;208;21287;1383;600;0.286;0;0;0;0;0;0;0;-944;-19;-1155;-1;0;630;630;717;0;9568;0;44;574;17914;143;10;28;0;0
Yeon;ADCARRY;TL;FLY;Massu;13.10.2024;5;9;v14.18;Worlds_MainEvent_24;1;3;3;7;Red;00:38:08;Renata_Glasc;Lucian;Jhin;KSante;Jhin;Ashe;Loss;4;5;3;0;17;1;1;1;2;395;20;0;10.4;16069;421;0.257;55;16;13;6;5;1.44;0.42;0.16;0.34;0.162;25491;20306;4501;684;668;0.318;0.05;0.5;0;0;0;0;0;1709;25;-123;0;0;4130;4130;7345;0;12685;0;61;330;18869;0;8;29;0;150
CoreJJ;SUPPORT;TL;FLY;Busio;13.10.2024;5;9;v14.18;Worlds_MainEvent_24;1;3;3;7;Red;00:38:08;Urgot;Rell;Tahm_Kench;Lulu;Tahm_Kench;Lulu;Loss;4;5;3;0;13;1;4;1;0.5;26;0;0;0.7;8541;224;0.137;125;61;12;16;14;3.28;1.6;0.42;0.31;0.368;7686;764;6086;836;202;0.096;0.05;0.5;0;0;0;0;0;771;1;274;1;0;1170;1170;8437;361;26408;2259;23;121;30991;139;21;35;0;0
Impact;TOP;TL;FLY;Bwipo;13.10.2024;5;9;v14.18;Worlds_MainEvent_24;2;3;3;8;Blue;00:32:35;Renekton;Ziggs;Nocturne;KSante;Rumble;KSante;Win;23;11;4;2;17;6;3;11;5.7;216;4;0;6.6;14463;444;0.212;33;10;6;4;4;1.01;0.31;0.12;0.18;0.102;33151;822;31401;928;1017;0.341;0.52;0.739;1;0;0;0;0;1472;19;504;0;0;1798;1798;4588;1615;26221;0;20;314;21614;115;7;30;0;100
UmTi;JUNGLE;TL;FLY;Inspired;13.10.2024;5;9;v14.18;Worlds_MainEvent_24;2;3;3;8;Blue;00:32:35;Ivern;Neeko;Tristana;Ahri;Nocturne;Vi;Win;23;11;4;2;17;5;1;9;14;237;188;0;7.3;13685;420;0.2;59;22;6;10;10;1.81;0.68;0.31;0.18;0.182;14632;12054;1102;1476;449;0.15;0.43;0.609;0;1;0;0;0;693;4;414;1;0;2435;2435;23772;0;36446;0;176;739;39498;35;12;39;0;100
APA;MID;TL;FLY;Quad;13.10.2024;5;9;v14.18;Worlds_MainEvent_24;2;3;3;8;Blue;00:32:35;Orianna;Skarner;Rumble;Kalista;Tristana;Ahri;Win;23;11;4;2;18;4;2;7;5.5;312;21;0;9.6;16347;502;0.239;68;19;18;7;7;2.09;0.58;0.21;0.55;0.21;21728;19320;2054;354;667;0.223;0.34;0.478;0;0;0;0;0;704;7;197;0;0;17338;17338;5564;0;12749;0;6;65;18643;88;11;35;0;350
Yeon;ADCARRY;TL;FLY;Massu;13.10.2024;5;9;v14.18;Worlds_MainEvent_24;2;3;3;8;Blue;00:32:35;Renata_Glasc;Ashe;Xayah;Vi;Xayah;Kalista;Win;23;11;4;2;16;7;3;8;5;269;34;0;8.3;14170;435;0.207;35;17;4;7;7;1.07;0.52;0.21;0.12;0.108;22026;21671;0;355;676;0.226;0.46;0.652;0;0;0;0;0;404;-12;2;0;0;2164;2164;3921;0;12392;0;26;114;18163;125;9;28;0;300
CoreJJ;SUPPORT;TL;FLY;Busio;13.10.2024;5;9;v14.18;Worlds_MainEvent_24;2;3;3;8;Blue;00:32:35;Leona;Kaisa;Rakan;Senna;Rakan;Senna;Win;23;11;4;2;13;1;0;18;Perfect_KDA;39;1;0;1.2;9645;296;0.141;129;50;20;14;14;3.96;1.53;0.43;0.61;0.398;5725;1083;3572;1070;176;0.059;0.58;0.826;0;0;0;0;0;-125;-12;-1067;-1;0;339;339;8350;3181;17784;2367;29;188;14025;0;17;32;0;0
Bwipo;TOP;FLY;TL;Impact;13.10.2024;5;9;v14.18;Worlds_MainEvent_24;2;3;3;8;Red;00:32:35;Ziggs;Renekton;KSante;Nocturne;KSante;Rumble;Loss;9;2;1;0;15;2;9;2;0.4;193;0;0;5.9;9287;285;0.173;18;13;4;4;3;0.55;0.4;0.12;0.12;0.069;10868;8523;1174;1171;334;0.16;0.12;0.444;0;0;0;0;0;-1472;-19;-504;0;0;0;0;2763;0;41303;155;29;1712;36786;254;6;28;50;0
Inspired;JUNGLE;FLY;TL;UmTi;13.10.2024;5;9;v14.18;Worlds_MainEvent_24;2;3;3;8;Red;00:32:35;Neeko;Ivern;Ahri;Tristana;Vi;Nocturne;Loss;9;2;1;0;14;1;6;3;0.7;191;173;0;5.9;9591;294;0.179;48;11;13;11;9;1.47;0.34;0.34;0.4;0.185;6645;6047;0;598;204;0.098;0.12;0.444;0;0;0;0;0;-693;-4;-414;-1;0;0;0;11677;0;37702;0;20;348;32025;177;12;33;0;0
Quad;MID;FLY;TL;APA;13.10.2024;5;9;v14.18;Worlds_MainEvent_24;2;3;3;8;Red;00:32:35;Skarner;Orianna;Kalista;Rumble;Ahri;Tristana;Loss;9;2;1;0;16;3;1;3;6;278;0;0;8.5;13238;406;0.247;48;20;8;8;8;1.47;0.61;0.25;0.25;0.185;21407;1474;14232;5701;657;0.316;0.18;0.667;0;0;0;0;0;-704;-7;-197;0;0;3327;3327;3204;0;11878;0;26;124;17755;42;10;29;450;0
Massu;ADCARRY;FLY;TL;Yeon;13.10.2024;5;9;v14.18;Worlds_MainEvent_24;2;3;3;8;Red;00:32:35;Ashe;Renata_Glasc;Vi;Xayah;Kalista;Xayah;Loss;9;2;1;0;15;0;5;4;0.8;303;4;0;9.3;12101;371;0.226;37;15;8;7;7;1.14;0.46;0.21;0.25;0.143;17225;12573;4324;328;529;0.254;0.12;0.444;0;0;0;0;0;-404;12;-2;0;0;1378;1378;5742;0;15669;0;17;467;24560;132;8;24;0;0
Busio;SUPPORT;FLY;TL;CoreJJ;13.10.2024;5;9;v14.18;Worlds_MainEvent_24;2;3;3;8;Red;00:32:35;Kaisa;Leona;Senna;Rakan;Senna;Rakan;Loss;9;2;1;0;13;3;2;5;4;49;0;0;1.5;9350;287;0.175;108;59;20;6;5;3.31;1.81;0.18;0.61;0.417;11603;9538;1421;644;356;0.171;0.25;0.889;0;0;0;0;0;125;12;1067;1;0;402;402;17440;12139;6245;5825;40;258;11500;12;8;26;350;0
Bwipo;TOP;FLY;TL;Impact;13.10.2024;5;9;v14.18;Worlds_MainEvent_24;3;3;3;9;Blue;00:29:06;Neeko;Renekton;Skarner;Sejuani;Galio;Rumble;Win;17;11;3;1;16;2;2;10;6;238;0;0;8.2;11880;408;0.199;45;12;8;6;5;1.55;0.41;0.21;0.27;0.158;17613;460;17089;64;605;0.296;0.41;0.706;0;0;0;0;0;442;20;1156;1;0;8347;8347;1233;0;25498;1979;39;104;19196;63;8;24;0;0
Inspired;JUNGLE;FLY;TL;UmTi;13.10.2024;5;9;v14.18;Worlds_MainEvent_24;3;3;3;9;Blue;00:29:06;Ziggs;Ivern;Galio;Rumble;Skarner;Sejuani;Win;17;11;3;1;14;2;0;13;Perfect_KDA;170;152;0;5.8;10530;362;0.176;53;9;15;6;6;1.82;0.31;0.21;0.52;0.187;12654;8639;3547;468;435;0.213;0.52;0.882;0;0;0;0;0;1333;12;1055;1;0;2709;2709;10751;0;31537;0;29;697;20630;0;7;21;0;0
Quad;MID;FLY;TL;APA;13.10.2024;5;9;v14.18;Worlds_MainEvent_24;3;3;3;9;Blue;00:29:06;Jax;Orianna;Yone;Kled;Yone;Kled;Win;17;11;3;1;16;7;0;4;Perfect_KDA;265;12;0;9.1;13657;469;0.228;45;9;14;4;4;1.55;0.31;0.14;0.48;0.158;17031;12165;3581;1285;585;0.286;0.38;0.647;0;1;1;0;0;995;7;-1;0;0;5571;5571;5847;0;17094;0;20;195;14674;0;5;18;0;0
Massu;ADCARRY;FLY;TL;Yeon;13.10.2024;5;9;v14.18;Worlds_MainEvent_24;3;3;3;9;Blue;00:29:06;Rakan;Renata_Glasc;Xayah;Kaisa;Xayah;Kaisa;Win;17;11;3;1;16;5;1;5;10;312;45;0;10.7;15313;526;0.256;32;11;3;6;6;1.1;0.38;0.21;0.1;0.113;10121;9933;0;188;348;0.17;0.34;0.588;0;0;0;0;0;1807;-10;-583;-1;0;11273;11273;5920;0;5888;0;6;105;11437;0;7;25;0;700
Busio;SUPPORT;FLY;TL;CoreJJ;13.10.2024;5;9;v14.18;Worlds_MainEvent_24;3;3;3;9;Blue;00:29:06;Kalista;Ashe;Rell;Alistar;Rell;Alistar;Win;17;11;3;1;11;1;0;11;Perfect_KDA;32;0;0;1.1;8400;289;0.141;109;48;15;10;10;3.75;1.65;0.34;0.52;0.384;2043;609;1140;294;70;0.034;0.41;0.706;0;0;0;0;0;371;-1;-216;-1;0;2932;2932;144;0;6120;465;12;39;4541;0;12;27;0;0
Impact;TOP;TL;FLY;Bwipo;13.10.2024;5;9;v14.18;Worlds_MainEvent_24;3;3;3;9;Red;00:29:06;Renekton;Neeko;Sejuani;Skarner;Rumble;Galio;Loss;3;1;1;0;14;2;5;0;0.4;212;0;0;7.3;10367;356;0.23;21;12;2;7;6;0.72;0.41;0.24;0.07;0.091;8696;689;8007;0;299;0.218;0.07;0.667;0;0;0;0;0;-442;-20;-1156;-1;0;564;564;2045;0;14732;0;8;232;18046;112;9;32;700;0
UmTi;JUNGLE;TL;FLY;Inspired;13.10.2024;5;9;v14.18;Worlds_MainEvent_24;3;3;3;9;Red;00:29:06;Ivern;Ziggs;Rumble;Galio;Sejuani;Skarner;Loss;3;1;1;0;12;0;4;2;0.5;134;120;0;4.6;7535;259;0.167;39;10;9;11;9;1.34;0.34;0.38;0.31;0.168;7163;4375;2091;697;246;0.179;0.07;0.667;0;0;0;0;0;-1333;-12;-1055;-1;0;0;0;10570;87;26681;0;18;337;23950;54;12;27;0;0
APA;MID;TL;FLY;Quad;13.10.2024;5;9;v14.18;Worlds_MainEvent_24;3;3;3;9;Red;00:29:06;Orianna;Jax;Kled;Yone;Kled;Yone;Loss;3;1;1;0;15;1;3;2;1;247;0;0;8.5;10013;344;0.222;30;17;6;7;7;1.03;0.58;0.24;0.21;0.129;12511;12511;0;0;430;0.313;0.1;1;0;0;0;0;0;-995;-7;1;0;0;4173;4173;4583;0;18672;0;4;77;21643;61;8;26;0;0
Yeon;ADCARRY;TL;FLY;Massu;13.10.2024;5;9;v14.18;Worlds_MainEvent_24;3;3;3;9;Red;00:29:06;Renata_Glasc;Rakan;Kaisa;Xayah;Kaisa;Xayah;Loss;3;1;1;0;16;0;1;2;2;311;16;0;10.7;11391;391;0.252;51;11;15;6;4;1.75;0.38;0.21;0.52;0.22;10087;4945;4962;180;347;0.252;0.07;0.667;0;0;0;0;0;-1807;10;583;1;0;77;77;2844;0;6085;0;1;123;8999;0;8;23;0;0
CoreJJ;SUPPORT;TL;FLY;Busio;13.10.2024;5;9;v14.18;Worlds_MainEvent_24;3;3;3;9;Red;00:29:06;Ashe;Kalista;Alistar;Rell;Alistar;Rell;Loss;3;1;1;0;9;0;4;2;0.5;31;0;0;1.1;5844;201;0.129;91;47;12;13;12;3.13;1.62;0.45;0.41;0.392;1506;202;968;336;52;0.038;0.07;0.667;0;0;0;0;0;-371;1;216;1;0;0;0;2877;1629;14905;0;26;53;10356;52;15;27;0;0
Breathe;TOP;WBG;LNG;Zika;17.10.2024;QUATERFINALS;10;v14.18;Worlds_MainEvent_24;1;4;5;1;Blue;00:31:32;Rumble;Yone;Skarner;Ahri;Gnar;Renekton;Win;13;8;3;1;17;3;1;2;5;264;11;0;8.4;13676;434;0.232;35;12;7;7;7;1.11;0.38;0.22;0.22;0.11;18984;12975;4827;1182;602;0.295;0.16;0.385;1;0;0;0;0;726;29;1784;1;0;10469;10469;4341;0;15372;0;17;432;15306;14;8;25;150;0
Tarzan;JUNGLE;WBG;LNG;WeiWei;17.10.2024;QUATERFINALS;10;v14.18;Worlds_MainEvent_24;1;4;5;1;Blue;00:31:32;Neeko;Aurora;Ashe;Renekton;Skarner;Nocturne;Win;13;8;3;1;14;5;4;6;2.8;179;157;0;5.7;11085;352;0.188;54;14;13;12;12;1.71;0.44;0.38;0.41;0.169;14098;9524;3864;710;447;0.219;0.35;0.846;0;0;0;0;0;161;-5;503;0;0;293;293;10306;0;50856;0;31;574;27642;106;13;33;0;150
xiaohu;MID;WBG;LNG;Scout;17.10.2024;QUATERFINALS;10;v14.18;Worlds_MainEvent_24;1;4;5;1;Blue;00:31:32;Sylas;Ezreal;Orianna;Nocturne;Orianna;Ahri;Win;13;8;3;1;16;1;2;6;3.5;280;16;0;8.9;12384;393;0.21;39;14;9;6;6;1.24;0.44;0.19;0.29;0.122;15771;804;14798;169;500;0.245;0.22;0.538;0;0;0;0;0;-502;3;-367;-1;0;2427;2427;793;0;9902;1785;19;364;11099;67;8;26;150;100
Light;ADCARRY;WBG;LNG;GALA;17.10.2024;QUATERFINALS;10;v14.18;Worlds_MainEvent_24;1;4;5;1;Blue;00:31:32;Kaisa;Braum;Gnar;Jhin;Ashe;Jhin;Win;13;8;3;1;16;4;3;4;2.7;307;4;0;9.7;14111;447;0.239;41;8;15;4;3;1.3;0.25;0.13;0.48;0.129;12333;11363;757;213;391;0.192;0.25;0.615;0;0;1;0;0;219;22;730;1;0;5530;5530;3287;0;7138;0;24;784;11308;100;5;19;250;150
Crisp;SUPPORT;WBG;LNG;Hang;17.10.2024;QUATERFINALS;10;v14.18;Worlds_MainEvent_24;1;4;5;1;Blue;00:31:32;Ziggs;Jax;Rakan;Rell;Rakan;Rell;Win;13;8;3;1;13;0;2;10;5;38;0;0;1.2;7763;246;0.132;150;89;16;17;17;4.76;2.82;0.54;0.51;0.47;3175;930;2114;131;101;0.049;0.32;0.769;0;0;0;0;0;-329;0;-331;-1;0;911;911;4319;1309;12801;3443;15;42;11404;40;20;34;0;0
Zika;TOP;LNG;WBG;Breathe;17.10.2024;QUATERFINALS;10;v14.18;Worlds_MainEvent_24;1;4;5;1;Red;00:31:32;Yone;Rumble;Ahri;Skarner;Renekton;Gnar;Loss;12;2;1;0;15;4;4;4;2;234;10;0;7.4;12200;387;0.225;37;17;9;6;6;1.17;0.54;0.19;0.29;0.135;8105;6662;1187;256;257;0.174;0.25;0.667;0;0;0;0;0;-726;-29;-1784;-1;0;4863;4863;6927;0;29026;0;13;161;30117;36;8;28;150;150
WeiWei;JUNGLE;LNG;WBG;Tarzan;17.10.2024;QUATERFINALS;10;v14.18;Worlds_MainEvent_24;1;4;5;1;Red;00:31:32;Aurora;Neeko;Renekton;Ashe;Nocturne;Skarner;Loss;12;2;1;0;14;1;3;9;3.3;194;180;0;6.2;10209;324;0.188;54;21;9;6;5;1.71;0.67;0.19;0.29;0.197;8165;6949;542;674;259;0.175;0.32;0.833;0;0;0;0;0;-161;5;-503;0;0;0;0;18262;0;21543;0;98;509;31941;80;7;21;0;0
Scout;MID;LNG;WBG;xiaohu;17.10.2024;QUATERFINALS;10;v14.18;Worlds_MainEvent_24;1;4;5;1;Red;00:31:32;Ezreal;Sylas;Nocturne;Orianna;Ahri;Orianna;Loss;12;2;1;0;16;4;1;4;8;274;4;0;8.7;11999;381;0.221;43;16;14;4;4;1.36;0.51;0.13;0.44;0.157;13476;679;10145;2652;427;0.289;0.25;0.667;0;1;0;0;0;502;-3;367;1;0;912;912;5216;0;10881;0;14;80;15528;0;6;24;200;250
GALA;ADCARRY;LNG;WBG;Light;17.10.2024;QUATERFINALS;10;v14.18;Worlds_MainEvent_24;1;4;5;1;Red;00:31:32;Braum;Kaisa;Jhin;Gnar;Jhin;Ashe;Loss;12;2;1;0;15;2;2;5;3.5;304;4;0;9.6;12312;390;0.227;29;10;8;1;1;0.92;0.32;0.03;0.25;0.106;12883;11169;1466;248;409;0.276;0.22;0.583;0;0;0;0;0;-219;-22;-730;-1;0;687;687;3333;0;4733;0;21;176;8262;10;2;20;50;150
Hang;SUPPORT;LNG;WBG;Crisp;17.10.2024;QUATERFINALS;10;v14.18;Worlds_MainEvent_24;1;4;5;1;Red;00:31:32;Jax;Ziggs;Rell;Rakan;Rell;Rakan;Loss;12;2;1;0;11;1;3;10;3.7;45;0;0;1.4;7526;239;0.139;111;58;22;19;17;3.52;1.84;0.6;0.7;0.405;4005;666;2218;1121;127;0.086;0.35;0.917;0;0;0;0;0;329;0;331;1;0;695;695;808;0;13035;0;26;100;12392;82;21;36;0;0
Zika;TOP;LNG;WBG;Breathe;17.10.2024;QUATERFINALS;10;v14.18;Worlds_MainEvent_24;2;4;5;2;Blue;00:43:25;Kalista;Rumble;Yone;Aurora;Jax;KSante;Win;21;11;4;1;18;7;2;9;8;415;36;0;9.6;20677;476;0.24;54;26;8;8;8;1.24;0.6;0.18;0.18;0.144;22997;9407;12426;1164;530;0.194;0.37;0.762;1;0;0;0;0;1800;9;-130;-1;0;5403;5403;11268;0;60722;0;21;433;39400;98;10;31;350;500
WeiWei;JUNGLE;LNG;WBG;Tarzan;17.10.2024;QUATERFINALS;10;v14.18;Worlds_MainEvent_24;2;4;5;2;Blue;00:43:25;Skarner;Neeko;Sejuani;Ashe;Sejuani;Amumu;Win;21;11;4;1;18;6;4;11;4.3;248;224;0;5.7;15281;352;0.178;69;17;20;16;16;1.59;0.39;0.37;0.46;0.184;15452;5810;7225;2417;356;0.13;0.39;0.81;0;0;1;0;0;462;7;400;0;0;2723;2723;19976;803;72192;0;34;524;43157;112;19;41;400;300
Scout;MID;LNG;WBG;xiaohu;17.10.2024;QUATERFINALS;10;v14.18;Worlds_MainEvent_24;2;4;5;2;Blue;00:43:25;Renekton;Ziggs;Jax;KSante;Yone;Aurora;Win;21;11;4;1;18;2;0;11;Perfect_KDA;437;48;0;10.1;19697;454;0.229;30;5;8;7;4;0.69;0.12;0.16;0.18;0.08;17329;10993;3382;2954;399;0.146;0.3;0.619;0;0;0;0;0;158;-4;-415;-1;0;7724;7724;15591;0;44825;0;17;337;31006;0;9;32;0;0
GALA;ADCARRY;LNG;WBG;Light;17.10.2024;QUATERFINALS;10;v14.18;Worlds_MainEvent_24;2;4;5;2;Blue;00:43:25;Braum;Kaisa;Ezreal;Amumu;Ezreal;Ashe;Win;21;11;4;1;18;5;2;8;6.5;446;13;0;10.3;20011;461;0.233;48;12;18;6;4;1.11;0.28;0.14;0.41;0.128;57571;34749;20087;2735;1326;0.485;0.3;0.619;1;0;0;0;0;605;0;395;0;0;8729;8729;6132;0;18016;0;14;250;19420;106;8;31;0;450
Hang;SUPPORT;LNG;WBG;Crisp;17.10.2024;QUATERFINALS;10;v14.18;Worlds_MainEvent_24;2;4;5;2;Blue;00:43:25;Poppy;Rakan;Leona;Renata_Glasc;Leona;Renata_Glasc;Win;21;11;4;1;14;1;5;14;3;56;0;0;1.3;10402;240;0.121;173;90;31;24;24;3.98;2.07;0.55;0.71;0.463;5371;1324;2345;1702;124;0.045;0.35;0.714;0;0;0;0;0;-206;-1;-673;0;0;59;59;1481;0;29793;1091;19;58;18297;145;27;45;0;0
Breathe;TOP;WBG;LNG;Zika;17.10.2024;QUATERFINALS;10;v14.18;Worlds_MainEvent_24;2;4;5;2;Red;00:43:25;Rumble;Kalista;Aurora;Yone;KSante;Jax;Loss;13;7;2;1;18;5;3;2;2.3;381;3;0;8.8;18308;422;0.233;42;17;7;7;6;0.97;0.39;0.16;0.16;0.092;27425;17993;5928;3504;632;0.256;0.16;0.538;0;0;0;0;0;-1800;-9;130;1;0;4275;4275;10331;0;104947;542;39;4491;41497;109;9;32;600;300
Tarzan;JUNGLE;WBG;LNG;WeiWei;17.10.2024;QUATERFINALS;10;v14.18;Worlds_MainEvent_24;2;4;5;2;Red;00:43:25;Neeko;Skarner;Ashe;Sejuani;Amumu;Sejuani;Loss;13;7;2;1;16;2;7;8;1.4;220;186;0;5.1;12987;299;0.165;87;23;18;24;20;2;0.53;0.55;0.41;0.19;12971;434;10931;1606;299;0.121;0.23;0.769;0;0;0;0;0;-462;-7;-400;0;0;0;0;16521;0;51353;0;32;220;40617;201;26;46;0;0
xiaohu;MID;WBG;LNG;Scout;17.10.2024;QUATERFINALS;10;v14.18;Worlds_MainEvent_24;2;4;5;2;Red;00:43:25;Ziggs;Renekton;KSante;Jax;Aurora;Yone;Loss;13;7;2;1;18;4;3;7;3.7;407;20;0;9.4;18850;434;0.24;72;23;16;6;5;1.66;0.53;0.14;0.37;0.158;38129;2442;34456;1231;878;0.355;0.25;0.846;0;0;0;0;0;-158;4;415;1;0;2917;2917;10151;337;18141;0;9;396;24672;70;10;33;450;250
Light;ADCARRY;WBG;LNG;GALA;17.10.2024;QUATERFINALS;10;v14.18;Worlds_MainEvent_24;2;4;5;2;Red;00:43:25;Kaisa;Braum;Amumu;Ezreal;Ashe;Ezreal;Loss;13;7;2;1;18;1;4;10;2.8;414;36;0;9.5;18025;415;0.229;49;12;12;1;1;1.13;0.28;0.02;0.28;0.107;22677;20240;1349;1088;522;0.211;0.25;0.846;0;0;0;0;0;-605;0;-395;0;0;8420;8420;5436;0;21970;0;39;1073;23509;157;3;27;200;200
Crisp;SUPPORT;WBG;LNG;Hang;17.10.2024;QUATERFINALS;10;v14.18;Worlds_MainEvent_24;2;4;5;2;Red;00:43:25;Rakan;Poppy;Renata_Glasc;Leona;Renata_Glasc;Leona;Loss;13;7;2;1;15;1;4;11;3;52;4;0;1.2;10423;240;0.133;207;123;20;30;28;4.77;2.83;0.69;0.46;0.453;6066;795;2874;2397;140;0.057;0.28;0.923;0;0;0;0;0;206;1;673;0;0;1591;1591;4492;2225;17955;6835;16;388;22139;94;33;51;0;0
Breathe;TOP;WBG;LNG;Zika;17.10.2024;QUATERFINALS;10;v14.18;Worlds_MainEvent_24;3;4;5;3;Blue;00:37:45;Rumble;Aurora;Ashe;Nocturne;Gnar;Jax;Win;20;7;3;1;18;6;2;8;7;328;26;0;8.7;17711;469;0.243;55;11;16;4;3;1.46;0.29;0.11;0.42;0.164;24166;19094;4892;180;640;0.295;0.37;0.7;0;1;0;0;0;-501;0;-58;0;0;8424;8424;4557;0;26882;0;33;526;23571;81;7;26;750;200
Tarzan;JUNGLE;WBG;LNG;WeiWei;17.10.2024;QUATERFINALS;10;v14.18;Worlds_MainEvent_24;3;4;5;3;Blue;00:37:45;Neeko;Yone;Gnar;Ahri;Maokai;Nocturne;Win;20;7;3;1;15;0;3;13;4.3;157;150;0;4.2;10316;273;0.142;43;14;6;11;11;1.14;0.37;0.29;0.16;0.128;13457;1329;10727;1401;356;0.164;0.34;0.65;0;0;0;0;0;-638;-15;-330;0;0;379;379;19278;0;30701;1100;53;501;30746;72;12;27;0;0
xiaohu;MID;WBG;LNG;Scout;17.10.2024;QUATERFINALS;10;v14.18;Worlds_MainEvent_24;3;4;5;3;Blue;00:37:45;Sylas;Skarner;Braum;Jax;Orianna;Ahri;Win;20;7;3;1;18;8;0;8;Perfect_KDA;369;10;0;9.8;17491;463;0.24;41;14;14;9;9;1.09;0.37;0.24;0.37;0.122;22743;1672;21071;0;602;0.277;0.42;0.8;1;1;0;0;0;1236;-1;413;0;0;2242;2242;2514;0;14661;838;26;612;9143;0;11;33;200;0
Light;ADCARRY;WBG;LNG;GALA;17.10.2024;QUATERFINALS;10;v14.18;Worlds_MainEvent_24;3;4;5;3;Blue;00:37:45;Rakan;LeBlanc;Orianna;Kaisa;Ashe;Kaisa;Win;20;7;3;1;18;5;2;6;5.5;441;30;0;11.7;17911;474;0.246;51;9;16;3;3;1.35;0.24;0.08;0.42;0.152;15916;14703;1213;0;422;0.194;0.29;0.55;0;1;0;0;0;676;32;1475;1;0;4447;4447;4859;0;9985;0;27;1043;14054;84;4;21;100;250
Crisp;SUPPORT;WBG;LNG;Hang;17.10.2024;QUATERFINALS;10;v14.18;Worlds_MainEvent_24;3;4;5;3;Blue;00:37:45;Ezreal;Brand;Maokai;Alistar;Braum;Alistar;Win;20;7;3;1;15;1;3;15;5.3;39;0;0;1;9373;248;0.129;146;86;15;27;27;3.87;2.28;0.72;0.4;0.435;5721;1211;4454;56;152;0.07;0.42;0.8;0;0;0;0;0;705;0;320;0;0;3305;3305;4448;558;19718;800;29;140;19139;69;29;43;0;0
Zika;TOP;LNG;WBG;Breathe;17.10.2024;QUATERFINALS;10;v14.18;Worlds_MainEvent_24;3;4;5;3;Red;00:37:45;Aurora;Rumble;Nocturne;Ashe;Jax;Gnar;Loss;10;7;3;2;18;4;5;4;1.6;336;20;0;8.9;17979;476;0.255;45;22;5;8;7;1.19;0.58;0.21;0.13;0.13;18396;8327;9465;604;487;0.286;0.21;0.8;0;1;0;0;0;501;0;58;0;0;13057;13057;6648;0;45015;0;21;211;36254;136;10;33;100;300
WeiWei;JUNGLE;LNG;WBG;Tarzan;17.10.2024;QUATERFINALS;10;v14.18;Worlds_MainEvent_24;3;4;5;3;Red;00:37:45;Yone;Neeko;Ahri;Gnar;Nocturne;Maokai;Loss;10;7;3;2;16;3;4;7;2.5;235;227;0;6.2;13058;346;0.185;72;27;8;10;9;1.91;0.72;0.26;0.21;0.207;9625;7983;606;1036;255;0.15;0.26;1;0;0;0;0;0;638;15;330;0;0;0;0;21819;0;27263;0;102;647;37667;74;11;32;0;100
Scout;MID;LNG;WBG;xiaohu;17.10.2024;QUATERFINALS;10;v14.18;Worlds_MainEvent_24;3;4;5;3;Red;00:37:45;Skarner;Sylas;Jax;Braum;Ahri;Orianna;Loss;10;7;3;2;18;0;3;6;2;307;6;0;8.1;14083;373;0.2;66;24;12;11;9;1.75;0.64;0.29;0.32;0.19;12177;942;8332;2903;323;0.19;0.16;0.6;0;0;0;0;0;-1236;1;-413;0;0;3434;3434;3575;0;10736;0;19;99;15105;77;13;31;0;0
GALA;ADCARRY;LNG;WBG;Light;17.10.2024;QUATERFINALS;10;v14.18;Worlds_MainEvent_24;3;4;5;3;Red;00:37:45;LeBlanc;Rakan;Kaisa;Orianna;Kaisa;Ashe;Loss;10;7;3;2;18;3;1;2;5;400;16;0;10.6;17133;454;0.243;39;7;17;1;1;1.03;0.19;0.03;0.45;0.112;20819;5942;14667;210;551;0.324;0.13;0.5;0;0;0;0;0;-676;-32;-1475;-1;0;3447;3447;4280;0;9675;0;1;123;11891;0;2;24;350;650
Hang;SUPPORT;LNG;WBG;Crisp;17.10.2024;QUATERFINALS;10;v14.18;Worlds_MainEvent_24;3;4;5;3;Red;00:37:45;Brand;Ezreal;Alistar;Maokai;Alistar;Braum;Loss;10;7;3;2;12;0;7;3;0.4;34;0;0;0.9;8322;220;0.118;125;78;10;21;20;3.31;2.07;0.56;0.26;0.36;3240;413;2001;826;86;0.05;0.08;0.3;0;0;0;0;0;-705;0;-320;0;0;0;0;3938;1425;36623;739;22;78;22913;174;23;41;0;0
Zika;TOP;LNG;WBG;Breathe;17.10.2024;QUATERFINALS;10;v14.18;Worlds_MainEvent_24;4;4;5;4;Blue;00:30:37;Kalista;Rumble;Yone;Jax;Renekton;Jax;Loss;8;1;1;0;15;1;5;5;1.2;232;8;0;7.6;10063;329;0.201;32;17;8;7;6;1.05;0.56;0.23;0.26;0.142;18970;14772;4045;153;620;0.302;0.2;0.75;0;0;0;0;0;-555;-14;-267;0;0;375;375;7475;0;29586;0;19;54;33765;123;9;27;0;0
WeiWei;JUNGLE;LNG;WBG;Tarzan;17.10.2024;QUATERFINALS;10;v14.18;Worlds_MainEvent_24;4;4;5;4;Blue;00:30:37;Skarner;Sylas;Renekton;Aurora;Sejuani;Maokai;Loss;8;1;1;0;13;0;7;6;0.9;158;146;0;5.2;8280;270;0.165;38;9;9;9;7;1.24;0.29;0.29;0.29;0.169;7164;3336;3085;743;234;0.114;0.2;0.75;0;0;0;0;0;-284;5;341;1;0;0;0;11763;248;37151;0;27;347;32155;185;10;24;0;0
Scout;MID;LNG;WBG;xiaohu;17.10.2024;QUATERFINALS;10;v14.18;Worlds_MainEvent_24;4;4;5;4;Blue;00:30:37;Gnar;Ziggs;Sejuani;Ezreal;Yone;Aurora;Loss;8;1;1;0;16;5;2;1;3;290;12;0;9.5;13456;439;0.269;39;6;13;5;3;1.27;0.2;0.16;0.42;0.173;14668;9500;3533;1635;479;0.234;0.2;0.75;0;0;1;0;0;-584;16;590;0;0;1869;1869;7599;0;20514;0;22;211;22108;49;6;23;800;50
GALA;ADCARRY;LNG;WBG;Light;17.10.2024;QUATERFINALS;10;v14.18;Worlds_MainEvent_24;4;4;5;4;Blue;00:30:37;Braum;Kaisa;Jhin;Ezreal;Jhin;Ezreal;Loss;8;1;1;0;15;2;3;4;2;311;12;0;10.2;11811;386;0.236;24;8;14;0;0;0.78;0.26;0;0.46;0.107;17153;15032;2029;92;560;0.273;0.2;0.75;0;0;0;0;0;-93;2;-825;-1;0;459;459;4103;0;7325;0;21;176;12972;80;1;20;50;50
Hang;SUPPORT;LNG;WBG;Crisp;17.10.2024;QUATERFINALS;10;v14.18;Worlds_MainEvent_24;4;4;5;4;Blue;00:30:37;Leona;Ashe;Nautilus;Maokai;Nautilus;Rakan;Loss;8;1;1;0;11;0;6;6;1;32;0;0;1;6479;212;0.129;92;56;13;16;14;3;1.83;0.52;0.42;0.409;4809;985;3014;810;157;0.077;0.2;0.75;0;0;0;0;0;-566;-6;319;1;0;717;717;454;0;25025;1946;40;252;15607;159;18;35;0;0
Breathe;TOP;WBG;LNG;Zika;17.10.2024;QUATERFINALS;10;v14.18;Worlds_MainEvent_24;4;4;5;4;Red;00:30:37;Rumble;Kalista;Jax;Yone;Jax;Renekton;Win;22;9;3;1;17;5;3;7;4;281;8;0;9.2;14696;480;0.237;27;14;2;2;2;0.88;0.46;0.07;0.07;0.093;18169;8445;9148;576;593;0.203;0.39;0.545;0;0;1;0;0;555;14;267;0;0;14781;14781;3768;0;27456;0;16;446;24164;114;3;25;50;150
Tarzan;JUNGLE;WBG;LNG;WeiWei;17.10.2024;QUATERFINALS;10;v14.18;Worlds_MainEvent_24;4;4;5;4;Red;00:30:37;Sylas;Skarner;Aurora;Renekton;Maokai;Sejuani;Win;22;9;3;1;14;3;3;16;6.3;147;138;0;4.8;10436;341;0.168;37;8;7;8;6;1.21;0.26;0.26;0.23;0.128;11069;914;9703;452;362;0.124;0.62;0.864;0;0;0;0;0;284;-5;-341;-1;0;121;121;18235;0;47081;702;50;496;31103;97;9;23;0;0
xiaohu;MID;WBG;LNG;Scout;17.10.2024;QUATERFINALS;10;v14.18;Worlds_MainEvent_24;4;4;5;4;Red;00:30:37;Ziggs;Gnar;Ezreal;Sejuani;Aurora;Yone;Win;22;9;3;1;16;6;0;14;Perfect_KDA;240;28;0;7.8;13249;433;0.214;49;19;11;6;6;1.6;0.62;0.2;0.36;0.169;27052;2068;24777;207;884;0.302;0.65;0.909;0;0;0;0;0;584;-16;-590;0;0;3265;3265;6716;0;10088;0;12;251;15038;0;8;26;0;0
Light;ADCARRY;WBG;LNG;GALA;17.10.2024;QUATERFINALS;10;v14.18;Worlds_MainEvent_24;4;4;5;4;Red;00:30:37;Kaisa;Braum;Ezreal;Jhin;Ezreal;Jhin;Win;22;9;3;1;17;7;1;7;14;293;11;0;9.6;14940;488;0.241;25;9;7;2;2;0.82;0.29;0.07;0.23;0.086;28105;18252;8949;904;918;0.314;0.46;0.636;0;1;0;0;0;93;-2;825;1;0;8826;8826;4598;0;8247;0;5;89;13654;52;3;23;50;700
Crisp;SUPPORT;WBG;LNG;Hang;17.10.2024;QUATERFINALS;10;v14.18;Worlds_MainEvent_24;4;4;5;4;Red;00:30:37;Ashe;Leona;Maokai;Nautilus;Rakan;Nautilus;Win;22;9;3;1;13;1;1;17;18;39;0;0;1.3;8722;285;0.141;152;86;16;21;18;4.96;2.81;0.69;0.52;0.524;5225;1551;3564;110;171;0.058;0.59;0.818;0;0;0;0;0;566;6;-319;-1;0;1362;1362;5895;1933;15873;2753;25;98;12865;41;23;42;0;0
Doran;TOP;HLE;BLG;Bin;18.10.2024;QUATERFINALS;11;v14.18;Worlds_MainEvent_24;1;4;5;1;Blue;00:34:52;Kalista;Aurora;Sylas;Ahri;Gnar;Rumble;Win;21;8;4;1;17;4;4;13;4.3;273;12;0;7.8;13953;400;0.208;51;20;7;16;15;1.46;0.57;0.46;0.2;0.154;14518;10760;3212;546;416;0.186;0.49;0.81;0;1;0;0;0;383;-9;-707;0;0;5692;5692;7932;0;29892;0;16;480;27277;99;17;39;0;0
Peanut;JUNGLE;HLE;BLG;XUN;18.10.2024;QUATERFINALS;11;v14.18;Worlds_MainEvent_24;1;4;5;1;Blue;00:34:52;Renekton;Yone;Gnar;Vi;Poppy;Vi;Win;21;8;4;1;16;1;2;18;9.5;220;191;0;6.3;11968;343;0.178;65;13;18;13;12;1.86;0.37;0.37;0.52;0.196;6629;5079;1164;386;190;0.085;0.54;0.905;0;0;0;0;0;-146;-14;-344;-1;0;2356;2356;16315;0;50959;1100;21;863;30546;84;14;31;0;0
Zeka;MID;HLE;BLG;Knight;18.10.2024;QUATERFINALS;11;v14.18;Worlds_MainEvent_24;1;4;5;1;Blue;00:34:52;Skarner;Jax;Poppy;Rumble;Sylas;Ahri;Win;21;8;4;1;18;6;1;12;18;286;4;0;8.2;14905;427;0.222;39;15;8;13;13;1.12;0.43;0.37;0.23;0.117;16730;268;15932;530;480;0.215;0.52;0.857;0;1;0;0;0;671;4;632;1;0;4924;4924;6900;0;16330;0;15;525;24819;53;15;35;100;200
Viper;ADCARRY;HLE;BLG;Elk;18.10.2024;QUATERFINALS;11;v14.18;Worlds_MainEvent_24;1;4;5;1;Blue;00:34:52;Kaisa;Xayah;Ezreal;Rell;Ezreal;Miss_Fortune;Win;21;8;4;1;18;7;0;10;Perfect_KDA;356;22;0;10.2;17098;490;0.254;49;17;11;8;7;1.41;0.49;0.23;0.32;0.148;35733;18900;15797;1036;1025;0.458;0.49;0.81;0;2;0;0;0;-227;-2;153;0;0;9401;9401;6134;0;7425;0;5;173;12224;0;10;29;300;0
Delight;SUPPORT;HLE;BLG;ON;18.10.2024;QUATERFINALS;11;v14.18;Worlds_MainEvent_24;1;4;5;1;Blue;00:34:52;Ashe;Sejuani;Alistar;Miss_Fortune;Alistar;Rell;Win;21;8;4;1;14;3;2;17;10;44;0;0;1.3;9273;266;0.138;128;66;14;16;16;3.67;1.89;0.46;0.4;0.386;4360;564;3021;775;125;0.056;0.57;0.952;0;0;0;0;0;592;-4;383;0;0;0;0;9823;5463;26552;632;22;55;14301;81;19;38;0;0
Bin;TOP;BLG;HLE;Doran;18.10.2024;QUATERFINALS;11;v14.18;Worlds_MainEvent_24;1;4;5;1;Red;00:34:52;Aurora;Kalista;Ahri;Sylas;Rumble;Gnar;Loss;9;3;1;0;17;3;3;1;1.3;300;15;0;8.6;12783;367;0.218;37;15;4;6;6;1.06;0.43;0.17;0.11;0.119;15228;283;14945;0;437;0.217;0.11;0.444;0;1;0;0;0;-383;9;707;0;0;301;301;1171;0;19239;0;10;408;15563;66;8;29;0;100
XUN;JUNGLE;BLG;HLE;Peanut;18.10.2024;QUATERFINALS;11;v14.18;Worlds_MainEvent_24;1;4;5;1;Red;00:34:52;Yone;Renekton;Vi;Gnar;Vi;Poppy;Loss;9;3;1;0;16;2;4;5;1.8;242;211;0;6.9;11996;344;0.204;60;14;17;14;12;1.72;0.4;0.4;0.49;0.194;8481;8135;0;346;243;0.121;0.2;0.778;0;0;0;0;0;146;14;344;1;0;2868;2868;13671;0;40072;0;17;411;31558;126;15;31;0;0
Knight;MID;BLG;HLE;Zeka;18.10.2024;QUATERFINALS;11;v14.18;Worlds_MainEvent_24;1;4;5;1;Red;00:34:52;Jax;Skarner;Rumble;Poppy;Ahri;Sylas;Loss;9;3;1;0;16;2;4;3;1.3;279;0;0;8;12588;361;0.215;52;19;9;5;4;1.49;0.54;0.14;0.26;0.168;15092;1674;9935;3483;433;0.215;0.14;0.556;1;0;0;0;0;-671;-4;-632;-1;0;3457;3457;3510;0;9494;0;18;108;17490;129;7;24;200;0
Elk;ADCARRY;BLG;HLE;Viper;18.10.2024;QUATERFINALS;11;v14.18;Worlds_MainEvent_24;1;4;5;1;Red;00:34:52;Xayah;Kaisa;Rell;Ezreal;Miss_Fortune;Ezreal;Loss;9;3;1;0;17;2;4;5;1.8;340;4;0;9.8;13987;401;0.238;32;11;5;1;1;0.92;0.32;0.03;0.14;0.103;28928;27217;1082;629;830;0.412;0.2;0.778;0;0;0;0;0;227;2;-153;0;0;1112;1112;4042;0;15715;0;10;144;14636;132;2;20;0;300
ON;SUPPORT;BLG;HLE;Delight;18.10.2024;QUATERFINALS;11;v14.18;Worlds_MainEvent_24;1;4;5;1;Red;00:34:52;Sejuani;Ashe;Miss_Fortune;Alistar;Rell;Alistar;Loss;9;3;1;0;12;0;6;7;1.2;45;0;0;1.3;7329;210;0.125;129;78;16;26;24;3.7;2.24;0.75;0.46;0.416;2530;129;1778;623;73;0.036;0.2;0.778;0;0;0;0;0;-592;4;-383;0;0;0;0;815;0;24101;429;20;39;17497;132;28;43;0;0
Bin;TOP;BLG;HLE;Doran;18.10.2024;QUATERFINALS;11;v14.18;Worlds_MainEvent_24;2;4;5;2;Blue;00:26:54;Poppy;Aurora;Yone;Skarner;Rumble;Gnar;Win;17;9;3;1;15;6;2;5;5.5;174;6;0;6.5;10960;407;0.21;18;9;1;4;4;0.67;0.33;0.15;0.04;0.073;18210;474;17736;0;677;0.274;0.41;0.647;1;0;0;0;0;813;5;404;0;0;4292;4292;1976;0;16249;0;10;244;13915;79;6;23;0;250
XUN;JUNGLE;BLG;HLE;Peanut;18.10.2024;QUATERFINALS;11;v14.18;Worlds_MainEvent_24;2;4;5;2;Blue;00:26:54;Sylas;Renekton;Sejuani;Gnar;Sejuani;Skarner;Win;17;9;3;1;13;1;1;12;13;154;141;0;5.7;9462;352;0.182;40;8;9;7;6;1.49;0.3;0.26;0.33;0.163;8634;4224;3878;532;321;0.13;0.48;0.765;0;0;0;0;0;751;10;577;0;0;2410;2410;14312;118;32696;1461;17;297;25634;0;8;19;0;0
Knight;MID;BLG;HLE;Zeka;18.10.2024;QUATERFINALS;11;v14.18;Worlds_MainEvent_24;2;4;5;2;Blue;00:26:54;Jax;Vi;Rumble;Ahri;Yone;Ahri;Win;17;9;3;1;16;5;2;4;4.5;249;24;0;9.3;12037;447;0.231;28;6;7;5;4;1.04;0.22;0.19;0.26;0.114;15746;11242;2444;2060;585;0.237;0.33;0.529;0;1;0;0;0;1290;14;961;1;0;8128;8128;7244;0;17534;0;22;218;19082;86;6;20;0;650
Elk;ADCARRY;BLG;HLE;Viper;18.10.2024;QUATERFINALS;11;v14.18;Worlds_MainEvent_24;2;4;5;2;Blue;00:26:54;Kalista;Ashe;Xayah;Kaisa;Xayah;Kaisa;Win;17;9;3;1;14;4;2;7;5.5;236;18;0;8.8;11788;438;0.226;25;10;6;4;4;0.93;0.37;0.15;0.22;0.102;18907;18907;0;0;703;0.285;0.41;0.647;0;0;0;0;0;927;16;1564;1;0;9332;9332;5264;0;6776;0;13;40;14166;74;5;20;0;150
ON;SUPPORT;BLG;HLE;Delight;18.10.2024;QUATERFINALS;11;v14.18;Worlds_MainEvent_24;2;4;5;2;Blue;00:26:54;Ezreal;Rell;Rakan;Alistar;Rakan;Alistar;Win;17;9;3;1;11;1;1;12;13;32;0;0;1.2;7855;292;0.151;134;78;18;19;17;4.98;2.9;0.71;0.67;0.547;4871;1051;3760;60;181;0.073;0.48;0.765;0;0;0;0;0;397;-6;173;0;0;2299;2299;8037;3499;16085;1794;22;46;10800;35;21;38;50;0
Doran;TOP;HLE;BLG;Bin;18.10.2024;QUATERFINALS;11;v14.18;Worlds_MainEvent_24;2;4;5;2;Red;00:26:54;Aurora;Poppy;Skarner;Yone;Gnar;Rumble;Loss;8;1;1;0;13;2;6;4;1;154;5;0;5.7;8877;330;0.208;25;9;5;3;3;0.93;0.33;0.11;0.19;0.116;10385;9305;980;100;386;0.178;0.22;0.75;0;0;0;0;0;-813;-5;-404;0;0;200;200;1846;0;17820;0;21;308;21109;184;4;22;850;0
Peanut;JUNGLE;HLE;BLG;XUN;18.10.2024;QUATERFINALS;11;v14.18;Worlds_MainEvent_24;2;4;5;2;Red;00:26:54;Renekton;Sylas;Gnar;Sejuani;Skarner;Sejuani;Loss;8;1;1;0;12;0;2;5;2.5;155;134;0;5.8;7692;286;0.18;41;8;21;6;6;1.52;0.3;0.22;0.78;0.19;8860;5672;2928;260;329;0.152;0.19;0.625;0;0;0;0;0;-751;-10;-577;0;0;0;0;10210;0;31807;0;31;606;23667;20;7;22;0;0
Zeka;MID;HLE;BLG;Knight;18.10.2024;QUATERFINALS;11;v14.18;Worlds_MainEvent_24;2;4;5;2;Red;00:26:54;Vi;Jax;Ahri;Rumble;Ahri;Yone;Loss;8;1;1;0;14;1;3;4;1.7;231;0;0;8.6;9368;348;0.22;47;19;14;6;5;1.75;0.71;0.22;0.52;0.218;15941;1940;10174;3827;593;0.273;0.19;0.625;0;0;0;0;0;-1290;-14;-961;-1;0;2402;2402;3523;0;6765;0;15;80;14156;114;9;26;50;0
Viper;ADCARRY;HLE;BLG;Elk;18.10.2024;QUATERFINALS;11;v14.18;Worlds_MainEvent_24;2;4;5;2;Red;00:26:54;Ashe;Kalista;Kaisa;Xayah;Kaisa;Xayah;Loss;8;1;1;0;14;5;4;0;1.3;243;8;0;9;10706;398;0.251;24;10;9;2;2;0.89;0.37;0.07;0.33;0.111;18820;8789;9487;544;700;0.322;0.19;0.625;0;0;0;0;0;-927;-16;-1564;-1;0;122;122;2446;0;9339;0;4;104;15312;89;3;22;150;50
Delight;SUPPORT;HLE;BLG;ON;18.10.2024;QUATERFINALS;11;v14.18;Worlds_MainEvent_24;2;4;5;2;Red;00:26:54;Rell;Ezreal;Alistar;Rakan;Alistar;Rakan;Loss;8;1;1;0;11;0;2;6;3;35;0;0;1.3;6000;223;0.141;79;45;12;13;13;2.94;1.67;0.48;0.45;0.366;4455;562;2896;997;166;0.076;0.22;0.75;0;0;0;0;0;-397;6;-173;0;0;0;0;5580;2349;27123;473;31;68;15044;45;15;28;0;0
Doran;TOP;HLE;BLG;Bin;18.10.2024;QUATERFINALS;11;v14.18;Worlds_MainEvent_24;3;4;5;3;Blue;00:36:59;Kalista;Aurora;Jax;Sylas;Jax;Gnar;Loss;9;3;2;0;17;3;4;1;1;304;20;0;8.2;13341;361;0.214;36;18;3;5;4;0.97;0.49;0.14;0.08;0.101;12973;6080;6811;82;351;0.175;0.11;0.444;0;1;0;0;0;-1117;-27;-425;0;0;2699;2699;4299;0;31491;0;10;283;29171;125;7;28;0;100
Peanut;JUNGLE;HLE;BLG;XUN;18.10.2024;QUATERFINALS;11;v14.18;Worlds_MainEvent_24;3;4;5;3;Blue;00:36:59;Skarner;Yone;Ahri;Ashe;Nocturne;Wukong;Loss;9;3;2;0;15;2;4;4;1.5;205;176;0;5.5;11634;315;0.186;81;29;22;7;5;2.19;0.78;0.19;0.59;0.226;8144;6710;986;448;220;0.11;0.16;0.667;0;0;0;0;0;170;3;219;0;0;1919;1919;18624;0;30994;0;116;451;37408;133;8;25;300;50
Zeka;MID;HLE;BLG;Knight;18.10.2024;QUATERFINALS;11;v14.18;Worlds_MainEvent_24;3;4;5;3;Blue;00:36:59;Vi;Ezreal;Nocturne;Gnar;Ahri;Sylas;Loss;9;3;2;0;17;3;3;5;2.7;307;4;0;8.3;14075;381;0.226;64;22;19;7;7;1.73;0.59;0.19;0.51;0.179;25850;1447;18535;5868;699;0.349;0.22;0.889;0;0;0;0;0;507;4;-28;0;0;1971;1971;4370;0;9291;0;18;109;16417;88;9;28;300;50
Viper;ADCARRY;HLE;BLG;Elk;18.10.2024;QUATERFINALS;11;v14.18;Worlds_MainEvent_24;3;4;5;3;Blue;00:36:59;Sejuani;Kaisa;Zeri;Rakan;Zeri;Ashe;Loss;9;3;2;0;17;1;5;7;1.6;398;47;0;10.8;15254;412;0.244;63;15;30;5;5;1.7;0.41;0.14;0.81;0.176;22975;15531;6688;756;621;0.31;0.22;0.889;0;0;0;0;0;526;8;-436;-1;0;1935;1935;4880;0;11478;0;6;271;19589;159;6;28;0;150
Delight;SUPPORT;HLE;BLG;ON;18.10.2024;QUATERFINALS;11;v14.18;Worlds_MainEvent_24;3;4;5;3;Blue;00:36:59;Renata_Glasc;Twitch;Rell;Wukong;Rell;Rakan;Loss;9;3;2;0;13;0;5;7;1.4;30;0;0;0.8;8088;219;0.13;114;67;10;20;19;3.08;1.81;0.54;0.27;0.318;4120;767;2151;1202;111;0.056;0.19;0.778;0;0;0;0;0;-64;-6;419;1;0;1793;1793;62;0;22418;1054;25;48;15940;167;22;39;0;0
Bin;TOP;BLG;HLE;Doran;18.10.2024;QUATERFINALS;11;v14.18;Worlds_MainEvent_24;3;4;5;3;Red;00:36:59;Aurora;Kalista;Sylas;Jax;Gnar;Jax;Win;21;9;3;1;18;6;0;8;Perfect_KDA;355;23;0;9.6;17645;477;0.243;37;17;10;5;4;1;0.46;0.14;0.27;0.105;19722;16135;3443;144;533;0.231;0.38;0.667;0;1;0;0;0;1117;27;425;0;0;10521;10521;5289;0;24677;0;26;615;19378;0;7;31;150;0
XUN;JUNGLE;BLG;HLE;Peanut;18.10.2024;QUATERFINALS;11;v14.18;Worlds_MainEvent_24;3;4;5;3;Red;00:36:59;Yone;Skarner;Ashe;Ahri;Wukong;Nocturne;Win;21;9;3;1;17;5;0;11;Perfect_KDA;235;189;0;6.4;13842;374;0.191;56;13;21;12;11;1.51;0.35;0.32;0.57;0.158;13569;10362;2669;538;367;0.159;0.43;0.762;0;0;0;0;0;-170;-3;-219;0;0;3727;3727;18929;0;33317;0;13;233;35641;0;13;31;0;0
Knight;MID;BLG;HLE;Zeka;18.10.2024;QUATERFINALS;11;v14.18;Worlds_MainEvent_24;3;4;5;3;Red;00:36:59;Ezreal;Vi;Gnar;Nocturne;Sylas;Ahri;Win;21;9;3;1;18;8;2;11;9.5;331;22;0;8.9;16878;456;0.233;36;9;6;8;8;0.97;0.24;0.22;0.16;0.102;27117;479;26388;250;733;0.318;0.51;0.905;0;1;0;0;0;-507;-4;28;0;0;7005;7005;8281;0;25186;0;61;645;28394;76;11;38;150;200
Elk;ADCARRY;BLG;HLE;Viper;18.10.2024;QUATERFINALS;11;v14.18;Worlds_MainEvent_24;3;4;5;3;Red;00:36:59;Kaisa;Sejuani;Rakan;Zeri;Ashe;Zeri;Win;21;9;3;1;17;2;4;13;3.8;335;12;0;9.1;15207;411;0.21;51;14;19;6;6;1.38;0.38;0.16;0.51;0.144;21114;17228;3714;172;571;0.247;0.41;0.714;0;0;0;0;0;-526;-8;436;1;0;1582;1582;4109;0;11123;0;52;978;16613;115;7;25;50;400
ON;SUPPORT;BLG;HLE;Delight;18.10.2024;QUATERFINALS;11;v14.18;Worlds_MainEvent_24;3;4;5;3;Red;00:36:59;Twitch;Renata_Glasc;Wukong;Rell;Rakan;Rell;Win;21;9;3;1;13;0;3;18;6;42;0;0;1.1;8952;242;0.123;174;121;23;28;25;4.7;3.27;0.76;0.62;0.492;3862;701;3161;0;104;0.045;0.49;0.857;0;0;0;0;0;64;6;-419;-1;0;298;298;7936;2601;21913;4113;22;59;16435;78;30;48;0;0
Doran;TOP;HLE;BLG;Bin;18.10.2024;QUATERFINALS;11;v14.18;Worlds_MainEvent_24;4;4;5;4;Blue;00:40:08;Kalista;Aurora;Sylas;Jax;Gnar;Jax;Loss;18;5;1;1;17;4;4;7;2.8;258;19;0;6.4;13871;346;0.196;42;14;12;9;8;1.05;0.35;0.22;0.3;0.118;18736;15079;3387;270;467;0.188;0.27;0.611;0;0;0;0;0;244;-4;-385;0;0;704;704;6143;0;38550;0;37;565;36999;196;11;34;50;0
Peanut;JUNGLE;HLE;BLG;XUN;18.10.2024;QUATERFINALS;11;v14.18;Worlds_MainEvent_24;4;4;5;4;Blue;00:40:08;Skarner;Yone;Poppy;Rakan;Poppy;Kindred;Loss;18;5;1;1;16;1;3;15;5.3;198;162;0;4.9;11650;290;0.165;72;13;22;11;11;1.79;0.32;0.27;0.55;0.203;8837;7161;1318;358;220;0.089;0.4;0.889;0;0;0;0;0;-419;-15;-700;0;1;1462;1462;14824;0;78211;1513;45;838;37438;133;12;31;50;0
Zeka;MID;HLE;BLG;Knight;18.10.2024;QUATERFINALS;11;v14.18;Worlds_MainEvent_24;4;4;5;4;Blue;00:40:08;Ashe;Sejuani;Gnar;Kaisa;Sylas;Galio;Loss;18;5;1;1;18;6;3;9;5;294;16;0;7.3;16117;402;0.228;44;13;11;16;13;1.1;0.32;0.4;0.27;0.124;29477;305;28819;353;734;0.295;0.37;0.833;0;1;0;0;0;310;12;116;0;0;5334;5334;11670;0;45374;3485;38;613;42551;152;21;42;350;300
Viper;ADCARRY;HLE;BLG;Elk;18.10.2024;QUATERFINALS;11;v14.18;Worlds_MainEvent_24;4;4;5;4;Blue;00:40:08;Wukong;Ezreal;Miss_Fortune;Kindred;Miss_Fortune;Kaisa;Loss;18;5;1;1;18;7;5;11;3.6;395;35;0;9.8;19324;481;0.274;57;20;15;9;9;1.42;0.5;0.22;0.37;0.161;37226;35924;735;567;928;0.373;0.45;1;0;1;0;0;0;803;1;-1036;-1;0;5429;5429;8450;0;35012;0;12;242;22907;223;11;33;500;450
Delight;SUPPORT;HLE;BLG;ON;18.10.2024;QUATERFINALS;11;v14.18;Worlds_MainEvent_24;4;4;5;4;Blue;00:40:08;Vi;Xayah;Rell;Galio;Rell;Rakan;Loss;18;5;1;1;14;0;5;11;2.2;43;0;0;1.1;9681;241;0.137;140;70;22;21;20;3.49;1.74;0.52;0.55;0.394;5536;713;3543;1280;138;0.055;0.27;0.611;0;0;0;0;0;571;8;633;1;0;2425;2425;348;0;31364;592;38;116;21331;182;25;44;0;0
Bin;TOP;BLG;HLE;Doran;18.10.2024;QUATERFINALS;11;v14.18;Worlds_MainEvent_24;4;4;5;4;Red;00:40:08;Aurora;Kalista;Jax;Sylas;Jax;Gnar;Win;20;11;4;1;18;4;3;7;3.7;281;22;0;7;15455;385;0.208;59;23;13;21;8;1.47;0.57;0.52;0.32;0.153;19119;8622;9831;666;476;0.157;0.27;0.55;1;1;0;0;0;-244;4;385;0;0;6825;6825;5869;0;36327;0;24;249;27520;110;9;28;200;100
XUN;JUNGLE;BLG;HLE;Peanut;18.10.2024;QUATERFINALS;11;v14.18;Worlds_MainEvent_24;4;4;5;4;Red;00:40:08;Yone;Skarner;Rakan;Poppy;Kindred;Poppy;Win;20;11;4;1;18;3;4;11;3.5;291;239;0;7.3;15303;381;0.206;57;9;15;9;7;1.42;0.22;0.22;0.37;0.148;28989;21377;4654;2958;722;0.238;0.35;0.7;0;0;0;0;0;419;15;700;0;1;4178;4178;22719;3480;27432;0;13;343;38552;168;10;28;0;50
Knight;MID;BLG;HLE;Zeka;18.10.2024;QUATERFINALS;11;v14.18;Worlds_MainEvent_24;4;4;5;4;Red;00:40:08;Sejuani;Ashe;Kaisa;Gnar;Galio;Sylas;Win;20;11;4;1;18;3;3;14;5.7;286;4;0;7.1;14696;366;0.198;25;4;7;2;2;0.62;0.1;0.05;0.17;0.065;25025;860;22532;1633;624;0.206;0.42;0.85;0;0;0;0;0;-310;-12;-116;0;0;2236;2236;4639;0;70730;3144;40;188;31495;153;5;26;200;50
Elk;ADCARRY;BLG;HLE;Viper;18.10.2024;QUATERFINALS;11;v14.18;Worlds_MainEvent_24;4;4;5;4;Red;00:40:08;Ezreal;Wukong;Kindred;Miss_Fortune;Kaisa;Miss_Fortune;Win;20;11;4;1;18;10;3;5;5;358;28;0;8.9;19029;474;0.256;38;14;13;3;3;0.95;0.35;0.07;0.32;0.099;44492;14885;28943;664;1109;0.366;0.37;0.75;0;2;1;0;0;-803;-1;1036;1;0;7328;7328;4429;0;17943;0;4;133;19301;160;5;25;350;750
ON;SUPPORT;BLG;HLE;Delight;18.10.2024;QUATERFINALS;11;v14.18;Worlds_MainEvent_24;4;4;5;4;Red;00:40:08;Xayah;Vi;Galio;Rell;Rakan;Rell;Win;20;11;4;1;14;0;5;11;2.2;34;0;0;0.8;9771;243;0.132;206;131;22;30;30;5.13;3.26;0.75;0.55;0.535;3998;733;3205;60;100;0.033;0.27;0.55;0;0;0;0;0;-571;-8;-633;-1;0;365;365;5377;1695;31559;2820;33;105;20327;146;32;49;0;0
369;TOP;TES;T1;Zeus;19.10.2024;QUATERFINALS;12;v14.18;Worlds_MainEvent_24;1;3;5;1;Blue;00:31:57;Gnar;Yone;Rumble;Sylas;Rumble;Camille;Loss;5;3;1;0;15;3;3;1;1.3;231;7;0;7.2;11120;348;0.214;25;14;0;4;4;0.78;0.44;0.13;0;0.082;25247;605;24260;382;790;0.368;0.13;0.8;1;0;0;0;0;391;2;841;1;0;1568;1568;1281;0;24360;0;14;298;20578;100;7;22;50;0
Tian;JUNGLE;TES;T1;Oner;19.10.2024;QUATERFINALS;12;v14.18;Worlds_MainEvent_24;1;3;5;1;Blue;00:31:57;Kalista;Aurora;Ivern;Sejuani;Ivern;Sejuani;Loss;5;3;1;0;15;0;3;4;1.3;178;164;0;5.6;9812;307;0.189;77;35;13;12;10;2.41;1.1;0.38;0.41;0.252;4571;910;2845;816;143;0.067;0.13;0.8;0;0;0;0;0;257;-9;-12;0;0;182;182;11334;6532;8328;13199;40;269;12404;104;13;28;0;0
Creme;MID;TES;T1;Faker;19.10.2024;QUATERFINALS;12;v14.18;Worlds_MainEvent_24;1;3;5;1;Blue;00:31:57;Vi;Skarner;Tristana;Camille;Tristana;Sylas;Loss;5;3;1;0;15;2;2;1;1.5;251;8;0;7.9;11834;370;0.228;41;9;17;1;1;1.28;0.28;0.03;0.53;0.134;20102;18533;1277;292;629;0.293;0.09;0.6;0;0;0;0;0;-353;-25;-543;0;0;1850;1850;3028;0;9731;0;7;120;16431;97;4;25;0;50
JackeyLove;ADCARRY;TES;T1;Gumayusi;19.10.2024;QUATERFINALS;12;v14.18;Worlds_MainEvent_24;1;3;5;1;Blue;00:31:57;Ashe;Ezreal;Leona;Caitlyn;Miss_Fortune;Caitlyn;Loss;5;3;1;0;15;0;2;2;1;331;0;0;10.4;12408;388;0.239;45;10;18;3;3;1.41;0.31;0.09;0.56;0.147;13825;13012;675;138;433;0.201;0.06;0.4;0;0;0;0;0;269;3;-200;0;0;2535;2535;2940;0;14526;0;6;98;11343;94;4;22;0;100
meiko;SUPPORT;TES;T1;Keria;19.10.2024;QUATERFINALS;12;v14.18;Worlds_MainEvent_24;1;3;5;1;Blue;00:31:57;Rakan;Poppy;Miss_Fortune;Bard;Leona;Bard;Loss;5;3;1;0;11;0;3;3;1;42;0;0;1.3;6715;210;0.129;118;58;19;19;18;3.69;1.82;0.59;0.59;0.386;4950;793;3058;1099;155;0.072;0.09;0.6;0;0;0;0;0;-511;-10;-790;-1;0;1775;1775;1412;0;24791;1704;20;51;16953;98;21;34;0;0
Zeus;TOP;T1;TES;369;19.10.2024;QUATERFINALS;12;v14.18;Worlds_MainEvent_24;1;3;5;1;Red;00:31:57;Yone;Gnar;Sylas;Rumble;Camille;Rumble;Win;13;11;4;1;17;3;0;8;Perfect_KDA;264;4;0;8.3;14337;449;0.234;38;10;12;5;5;1.19;0.31;0.16;0.38;0.14;13274;5771;546;6957;415;0.21;0.34;0.846;0;0;0;0;0;-391;-2;-841;-1;0;13324;13324;3859;0;22804;0;17;303;23386;0;9;35;0;0
Oner;JUNGLE;T1;TES;Tian;19.10.2024;QUATERFINALS;12;v14.18;Worlds_MainEvent_24;1;3;5;1;Red;00:31:57;Aurora;Kalista;Sejuani;Ivern;Sejuani;Ivern;Win;13;11;4;1;15;1;2;12;6.5;196;159;0;6.1;10753;337;0.175;34;12;10;10;10;1.06;0.38;0.31;0.31;0.125;9962;4642;4263;1057;312;0.158;0.41;1;0;0;0;0;0;-257;9;12;0;1;1350;1350;18081;0;52148;1212;36;439;35898;56;11;29;0;0
Faker;MID;T1;TES;Creme;19.10.2024;QUATERFINALS;12;v14.18;Worlds_MainEvent_24;1;3;5;1;Red;00:31:57;Skarner;Vi;Camille;Tristana;Sylas;Tristana;Win;13;11;4;1;16;3;3;7;3.3;254;12;0;7.9;12367;387;0.202;31;6;16;5;4;0.97;0.19;0.16;0.5;0.114;12245;503;11316;426;383;0.194;0.31;0.769;0;0;0;0;0;353;25;543;0;0;4296;4296;2540;0;17366;0;20;473;22729;123;7;25;100;50
Gumayusi;ADCARRY;T1;TES;JackeyLove;19.10.2024;QUATERFINALS;12;v14.18;Worlds_MainEvent_24;1;3;5;1;Red;00:31:57;Ezreal;Ashe;Caitlyn;Leona;Caitlyn;Miss_Fortune;Win;13;11;4;1;16;6;0;5;Perfect_KDA;320;29;0;10;15315;479;0.25;36;14;13;5;5;1.13;0.44;0.16;0.41;0.133;22771;21974;338;459;713;0.361;0.34;0.846;0;2;0;0;0;-269;-3;200;0;0;10870;10870;5329;0;6935;0;13;137;11493;0;8;23;50;0
Keria;SUPPORT;T1;TES;meiko;19.10.2024;QUATERFINALS;12;v14.18;Worlds_MainEvent_24;1;3;5;1;Red;00:31:57;Poppy;Rakan;Bard;Miss_Fortune;Bard;Leona;Win;13;11;4;1;13;0;0;13;Perfect_KDA;58;0;0;1.8;8502;266;0.139;132;86;18;21;21;4.13;2.69;0.66;0.56;0.487;4862;818;3793;251;152;0.077;0.41;1;0;0;0;0;0;511;10;790;1;0;4336;4336;5935;3063;10511;2663;50;285;9620;0;23;38;0;0
369;TOP;TES;T1;Zeus;19.10.2024;QUATERFINALS;12;v14.18;Worlds_MainEvent_24;2;3;5;2;Blue;00:33:45;Gnar;Yone;Sylas;Rumble;Galio;Rumble;Loss;0;2;2;0;16;0;3;0;0;237;0;0;7;10243;303;0.199;28;12;3;2;2;0.83;0.36;0.06;0.09;0.092;7215;0;7178;37;214;0.13;0;0;0;0;0;0;0;-77;-13;163;0;0;2042;2042;1551;0;28278;385;13;96;20290;89;5;18;0;0
Tian;JUNGLE;TES;T1;Oner;19.10.2024;QUATERFINALS;12;v14.18;Worlds_MainEvent_24;2;3;5;2;Blue;00:33:45;Kalista;Aurora;Ezreal;Rakan;Viego;Xin_Zhao;Loss;0;2;2;0;15;0;3;0;0;241;220;0;7.1;10313;306;0.201;54;10;19;8;7;1.6;0.3;0.24;0.56;0.177;4144;3735;131;278;123;0.074;0;0;0;0;0;0;0;-249;11;378;1;1;206;206;22726;0;24678;0;7;310;38130;68;9;26;0;0
Creme;MID;TES;T1;Faker;19.10.2024;QUATERFINALS;12;v14.18;Worlds_MainEvent_24;2;3;5;2;Blue;00:33:45;Sejuani;Skarner;Rell;Xayah;Sylas;Ahri;Loss;0;2;2;0;16;0;2;0;0;266;0;0;7.9;11531;342;0.225;47;6;19;7;6;1.39;0.18;0.21;0.56;0.154;16503;929;15276;298;489;0.296;0;0;0;0;0;0;0;-1178;6;-186;0;0;2106;2106;5913;0;17281;0;23;476;27936;50;9;30;0;0
JackeyLove;ADCARRY;TES;T1;Gumayusi;19.10.2024;QUATERFINALS;12;v14.18;Worlds_MainEvent_24;2;3;5;2;Blue;00:33:45;Orianna;Renekton;Galio;Xin_Zhao;Ezreal;Xayah;Loss;0;2;2;0;15;0;3;0;0;332;0;0;9.8;12418;368;0.242;55;15;14;6;6;1.63;0.44;0.18;0.41;0.18;24353;16872;6741;740;722;0.437;0;0;0;0;0;0;0;-292;-20;-529;-1;0;867;867;3564;0;6345;0;2;96;12980;75;7;23;0;100
meiko;SUPPORT;TES;T1;Keria;19.10.2024;QUATERFINALS;12;v14.18;Worlds_MainEvent_24;2;3;5;2;Blue;00:33:45;Tristana;KSante;Viego;Ahri;Rell;Rakan;Loss;0;2;2;0;10;0;4;0;0;44;0;0;1.3;6852;203;0.133;121;57;24;18;16;3.59;1.69;0.53;0.71;0.397;3466;446;2360;660;103;0.062;0;0;0;0;0;0;0;-278;-1;-140;0;0;0;0;2006;0;14945;0;21;69;15862;116;20;33;0;0
Zeus;TOP;T1;TES;369;19.10.2024;QUATERFINALS;12;v14.18;Worlds_MainEvent_24;2;3;5;2;Red;00:33:45;Yone;Gnar;Rumble;Sylas;Rumble;Galio;Win;15;8;3;1;17;3;0;9;Perfect_KDA;279;8;0;8.3;12787;379;0.203;28;12;1;7;7;0.83;0.36;0.21;0.03;0.084;14262;365;13772;125;423;0.176;0.36;0.8;0;0;0;0;0;77;13;-163;0;0;1494;1494;4843;366;15951;0;9;313;11938;0;9;27;0;0
Oner;JUNGLE;T1;TES;Tian;19.10.2024;QUATERFINALS;12;v14.18;Worlds_MainEvent_24;2;3;5;2;Red;00:33:45;Aurora;Kalista;Rakan;Ezreal;Xin_Zhao;Viego;Win;15;8;3;1;16;2;0;8;Perfect_KDA;213;186;0;6.3;11733;348;0.186;49;10;11;8;8;1.45;0.3;0.24;0.33;0.147;16522;15446;602;474;490;0.203;0.3;0.667;0;0;0;0;0;249;-11;-378;-1;0;636;636;30205;0;26958;0;14;607;38268;0;9;28;0;0
Faker;MID;T1;TES;Creme;19.10.2024;QUATERFINALS;12;v14.18;Worlds_MainEvent_24;2;3;5;2;Red;00:33:45;Skarner;Sejuani;Xayah;Rell;Ahri;Sylas;Win;15;8;3;1;17;6;0;6;Perfect_KDA;257;2;0;7.6;13809;409;0.219;48;16;8;4;4;1.42;0.47;0.12;0.24;0.144;20486;1801;14276;4409;607;0.252;0.36;0.8;2;2;0;0;0;1178;-6;186;0;0;5874;5874;7929;0;9163;0;13;85;15890;0;6;24;100;0
Gumayusi;ADCARRY;T1;TES;JackeyLove;19.10.2024;QUATERFINALS;12;v14.18;Worlds_MainEvent_24;2;3;5;2;Red;00:33:45;Renekton;Orianna;Xin_Zhao;Galio;Xayah;Ezreal;Win;15;8;3;1;17;4;0;6;Perfect_KDA;392;36;0;11.6;16075;476;0.255;52;14;21;7;6;1.54;0.41;0.21;0.62;0.156;25306;25144;0;162;750;0.312;0.3;0.667;0;1;0;0;0;292;20;529;1;0;7791;7791;6457;0;6727;0;13;124;12280;0;9;28;0;0
Keria;SUPPORT;T1;TES;meiko;19.10.2024;QUATERFINALS;12;v14.18;Worlds_MainEvent_24;2;3;5;2;Red;00:33:45;KSante;Tristana;Ahri;Viego;Rakan;Rell;Win;15;8;3;1;13;0;0;13;Perfect_KDA;40;0;0;1.2;8634;256;0.137;156;105;19;23;23;4.62;3.11;0.68;0.56;0.468;4615;832;3723;60;137;0.057;0.39;0.867;0;0;0;0;0;278;1;140;0;0;1936;1936;11761;3567;22573;2672;21;87;16014;0;25;36;0;0
369;TOP;TES;T1;Zeus;19.10.2024;QUATERFINALS;12;v14.18;Worlds_MainEvent_24;3;3;5;3;Blue;00:37:28;Rakan;Yone;Sylas;Gnar;Kennen;Gnar;Loss;7;4;3;0;18;0;3;4;1.3;325;32;0;8.7;13651;364;0.22;38;15;5;6;5;1.01;0.4;0.16;0.13;0.104;14717;8829;5719;169;393;0.257;0.11;0.571;0;0;0;0;0;-1128;-16;-949;0;0;5746;5746;5727;0;18251;0;13;232;17424;75;7;32;0;50
Tian;JUNGLE;TES;T1;Oner;19.10.2024;QUATERFINALS;12;v14.18;Worlds_MainEvent_24;3;3;5;3;Blue;00:37:28;Kalista;Aurora;Xin_Zhao;Galio;Xin_Zhao;Poppy;Loss;7;4;3;0;16;2;1;2;4;221;190;0;5.9;11356;303;0.183;58;14;21;15;13;1.55;0.37;0.4;0.56;0.159;11836;11183;214;439;316;0.206;0.11;0.571;0;0;0;0;0;-383;9;79;1;0;815;815;28339;0;31672;0;17;622;42602;0;16;33;0;0
Creme;MID;TES;T1;Faker;19.10.2024;QUATERFINALS;12;v14.18;Worlds_MainEvent_24;3;3;5;3;Blue;00:37:28;Rumble;Skarner;Kaisa;Xayah;Sylas;Galio;Loss;7;4;3;0;17;1;4;4;1.3;299;0;0;8;12788;341;0.206;43;16;9;10;9;1.15;0.43;0.27;0.24;0.118;8114;1630;6454;30;217;0.141;0.13;0.714;0;0;0;0;0;-1809;-15;-210;0;0;1705;1705;5976;0;25118;764;16;534;30700;79;12;31;0;0
JackeyLove;ADCARRY;TES;T1;Gumayusi;19.10.2024;QUATERFINALS;12;v14.18;Worlds_MainEvent_24;3;3;5;3;Blue;00:37:28;Renata_Glasc;Jax;Kennen;Poppy;Kaisa;Xayah;Loss;7;4;3;0;17;4;3;1;1.7;369;9;0;9.8;15587;416;0.251;72;15;32;7;7;1.92;0.4;0.19;0.85;0.197;18383;10182;7752;449;491;0.321;0.13;0.714;0;0;0;0;0;-1304;-25;-800;-1;0;2304;2304;2076;0;11272;0;2;110;15971;81;8;27;100;100
meiko;SUPPORT;TES;T1;Keria;19.10.2024;QUATERFINALS;12;v14.18;Worlds_MainEvent_24;3;3;5;3;Blue;00:37:28;Vi;Rell;Leona;Pyke;Leona;Pyke;Loss;7;4;3;0;13;0;3;7;2.3;44;0;0;1.2;8708;232;0.14;154;76;27;22;22;4.11;2.03;0.59;0.72;0.422;4301;1168;2099;1034;115;0.075;0.19;1;0;0;0;0;0;-1163;9;-555;-1;0;649;649;1929;197;26200;587;22;55;15478;88;24;42;0;0
Zeus;TOP;T1;TES;369;19.10.2024;QUATERFINALS;12;v14.18;Worlds_MainEvent_24;3;3;5;3;Red;00:37:28;Yone;Rakan;Gnar;Sylas;Gnar;Kennen;Win;14;9;2;2;18;1;1;7;8;316;19;0;8.4;14568;389;0.199;42;13;10;7;7;1.12;0.35;0.19;0.27;0.107;17787;15058;2633;96;475;0.211;0.21;0.571;0;0;0;0;0;1128;16;949;0;0;7479;7479;3461;0;20935;0;22;539;21529;35;10;39;50;0
Oner;JUNGLE;T1;TES;Tian;19.10.2024;QUATERFINALS;12;v14.18;Worlds_MainEvent_24;3;3;5;3;Red;00:37:28;Aurora;Kalista;Galio;Xin_Zhao;Poppy;Xin_Zhao;Win;14;9;2;2;16;1;3;8;3;177;157;0;4.7;11673;312;0.159;61;15;15;14;14;1.63;0.4;0.37;0.4;0.155;6002;4714;948;340;160;0.071;0.24;0.643;0;0;0;0;0;383;-9;-79;-1;0;926;926;11544;0;53958;447;37;725;27221;113;15;37;0;0
Faker;MID;T1;TES;Creme;19.10.2024;QUATERFINALS;12;v14.18;Worlds_MainEvent_24;3;3;5;3;Red;00:37:28;Skarner;Rumble;Xayah;Kaisa;Galio;Sylas;Win;14;9;2;2;17;2;2;7;4.5;273;0;0;7.3;14411;385;0.197;36;7;11;7;7;0.96;0.19;0.19;0.29;0.092;12710;159;12461;90;339;0.151;0.24;0.643;0;1;0;0;0;1809;15;210;0;0;4485;4485;451;0;40087;821;26;92;19671;97;9;27;0;100
Gumayusi;ADCARRY;T1;TES;JackeyLove;19.10.2024;QUATERFINALS;12;v14.18;Worlds_MainEvent_24;3;3;5;3;Red;00:37:28;Jax;Renata_Glasc;Poppy;Kennen;Xayah;Kaisa;Win;14;9;2;2;18;7;0;3;Perfect_KDA;465;65;0;12.4;20444;546;0.279;58;17;15;7;6;1.55;0.45;0.19;0.4;0.148;38461;38327;0;134;1027;0.457;0.27;0.714;0;0;1;0;0;1304;25;800;1;0;6070;6070;10302;0;11491;0;16;100;17079;0;9;31;100;0
Keria;SUPPORT;T1;TES;meiko;19.10.2024;QUATERFINALS;12;v14.18;Worlds_MainEvent_24;3;3;5;3;Red;00:37:28;Rell;Vi;Pyke;Leona;Pyke;Leona;Win;14;9;2;2;14;3;1;5;8;39;0;0;1;12123;324;0.166;196;123;22;26;25;5.23;3.28;0.69;0.59;0.499;9257;7999;0;1258;247;0.11;0.21;0.571;0;0;0;0;0;1163;-9;555;1;0;8690;8690;3264;0;8894;0;23;68;11867;26;29;50;0;0
Kiin;TOP;GEN;FLY;Bwipo;20.10.2024;QUATERFINALS;13;v14.18;Worlds_MainEvent_24;1;5;5;1;Blue;00:31:48;Ivern;Aurora;Skarner;Ashe;Rumble;Galio;Loss;3;3;1;0;16;1;3;1;0.7;263;4;0;8.3;11240;353;0.214;29;15;4;4;4;0.91;0.47;0.13;0.13;0.11;13834;578;13256;0;435;0.293;0.06;0.667;1;0;0;0;0;-943;0;-934;-1;0;1508;1508;1077;0;13404;0;14;311;14902;61;6;23;0;0
Canyon;JUNGLE;GEN;FLY;Inspired;20.10.2024;QUATERFINALS;13;v14.18;Worlds_MainEvent_24;1;5;5;1;Blue;00:31:48;Renekton;Yone;Rumble;Seraphine;Skarner;Xin_Zhao;Loss;3;3;1;0;14;0;3;1;0.3;185;176;0;5.8;9144;288;0.174;38;11;5;10;9;1.19;0.35;0.31;0.16;0.144;4931;4181;590;160;155;0.105;0.03;0.333;0;0;0;0;0;-1160;-23;-881;-1;0;0;0;14724;0;42388;0;17;730;34400;113;11;30;0;0
Chovy;MID;GEN;FLY;Quad;20.10.2024;QUATERFINALS;13;v14.18;Worlds_MainEvent_24;1;5;5;1;Blue;00:31:48;Orianna;Ezreal;Ahri;Galio;Ahri;Seraphine;Loss;3;3;1;0;16;1;2;1;1;304;0;0;9.6;12546;395;0.239;72;28;18;8;6;2.26;0.88;0.25;0.57;0.273;11676;1148;6682;3846;367;0.248;0.06;0.667;0;0;0;0;0;-311;-2;-487;0;0;2374;2374;2876;0;7402;0;16;102;11852;28;12;28;100;50
Peyz;ADCARRY;GEN;FLY;Massu;20.10.2024;QUATERFINALS;13;v14.18;Worlds_MainEvent_24;1;5;5;1;Blue;00:31:48;Cassiopeia;Rell;Jinx;Xin_Zhao;Jinx;Ashe;Loss;3;3;1;0;15;1;1;1;2;325;26;0;10.2;13193;415;0.251;29;12;8;3;3;0.91;0.38;0.09;0.25;0.11;13814;13505;213;96;434;0.293;0.06;0.667;0;0;0;0;0;467;19;294;0;0;1455;1455;4599;0;6160;0;16;133;10370;0;4;20;0;200
Lehends;SUPPORT;GEN;FLY;Busio;20.10.2024;QUATERFINALS;13;v14.18;Worlds_MainEvent_24;1;5;5;1;Blue;00:31:48;Amumu;Rakan;Leona;Alistar;Leona;Alistar;Loss;3;3;1;0;10;0;5;1;0.2;30;0;0;0.9;6459;203;0.123;96;60;7;19;17;3.02;1.89;0.6;0.22;0.364;2885;289;2216;380;91;0.061;0.03;0.333;0;0;0;0;0;-193;-1;-511;0;0;233;233;440;0;17521;849;15;48;13268;89;22;35;0;0
Bwipo;TOP;FLY;GEN;Kiin;20.10.2024;QUATERFINALS;13;v14.18;Worlds_MainEvent_24;1;5;5;1;Red;00:31:48;Aurora;Ivern;Ashe;Skarner;Galio;Rumble;Win;14;8;4;1;17;3;1;8;11;289;1;0;9.1;13314;419;0.224;29;9;10;3;3;0.91;0.28;0.09;0.31;0.091;12476;121;12355;0;392;0.225;0.35;0.786;0;0;0;0;0;943;0;934;1;0;8475;8475;1440;0;35867;1442;28;124;19363;38;6;24;200;100
Inspired;JUNGLE;FLY;GEN;Canyon;20.10.2024;QUATERFINALS;13;v14.18;Worlds_MainEvent_24;1;5;5;1;Red;00:31:48;Yone;Renekton;Seraphine;Rumble;Xin_Zhao;Skarner;Win;14;8;4;1;16;2;0;10;Perfect_KDA;241;207;0;7.6;12554;395;0.211;61;7;18;5;5;1.92;0.22;0.16;0.57;0.191;10551;10107;288;156;332;0.19;0.38;0.857;0;0;0;0;0;1160;23;881;1;0;3117;3117;25319;0;37456;0;12;622;31944;0;6;23;50;0
Quad;MID;FLY;GEN;Chovy;20.10.2024;QUATERFINALS;13;v14.18;Worlds_MainEvent_24;1;5;5;1;Red;00:31:48;Ezreal;Orianna;Galio;Ahri;Seraphine;Ahri;Win;14;8;4;1;16;3;0;11;Perfect_KDA;241;0;0;7.6;11950;376;0.201;57;22;7;11;10;1.79;0.69;0.35;0.22;0.179;15190;1401;13789;0;478;0.274;0.44;1;0;0;0;0;0;311;2;487;0;0;4344;4344;5026;3492;7899;5657;22;257;8298;0;13;32;0;0
Massu;ADCARRY;FLY;GEN;Peyz;20.10.2024;QUATERFINALS;13;v14.18;Worlds_MainEvent_24;1;5;5;1;Red;00:31:48;Rell;Cassiopeia;Xin_Zhao;Jinx;Ashe;Jinx;Win;14;8;4;1;16;6;0;5;Perfect_KDA;297;3;0;9.3;14341;451;0.241;63;14;16;5;4;1.98;0.44;0.16;0.5;0.197;13676;12967;709;0;430;0.246;0.35;0.786;0;1;0;0;0;-467;-19;-294;0;0;7698;7698;2570;0;6933;0;17;761;8472;0;6;24;0;0
Busio;SUPPORT;FLY;GEN;Lehends;20.10.2024;QUATERFINALS;13;v14.18;Worlds_MainEvent_24;1;5;5;1;Red;00:31:48;Rakan;Amumu;Alistar;Leona;Alistar;Leona;Win;14;8;4;1;11;0;2;12;6;38;0;0;1.2;7251;228;0.122;109;52;14;15;13;3.43;1.64;0.47;0.44;0.342;3597;267;2734;596;113;0.065;0.38;0.857;0;0;0;0;0;193;1;511;0;0;649;649;9160;5518;16651;1039;20;58;13611;30;17;30;0;0
Kiin;TOP;GEN;FLY;Bwipo;20.10.2024;QUATERFINALS;13;v14.18;Worlds_MainEvent_24;2;5;5;2;Blue;00:26:35;Seraphine;Aurora;Ashe;Orianna;Jax;Renekton;Win;19;10;2;1;15;2;3;7;3;214;8;0;8.1;11167;420;0.197;22;10;3;4;3;0.83;0.38;0.15;0.11;0.101;19319;9419;9900;0;727;0.243;0.34;0.474;1;0;0;0;0;459;27;623;0;0;8016;8016;1528;0;15669;0;14;135;21570;115;6;25;0;0
Canyon;JUNGLE;GEN;FLY;Inspired;20.10.2024;QUATERFINALS;13;v14.18;Worlds_MainEvent_24;2;5;5;2;Blue;00:26:35;Ivern;Yone;Nidalee;Ezreal;Nidalee;Nunu;Win;19;10;2;1;15;3;0;12;Perfect_KDA;193;171;0;7.3;11295;425;0.199;37;6;14;5;4;1.39;0.23;0.19;0.53;0.17;14184;1071;11785;1328;534;0.178;0.56;0.789;0;0;0;0;0;466;-1;-111;0;0;2836;2836;28032;4859;20382;0;7;120;29294;0;6;19;0;0
Chovy;MID;GEN;FLY;Quad;20.10.2024;QUATERFINALS;13;v14.18;Worlds_MainEvent_24;2;5;5;2;Blue;00:26:35;Skarner;Nocturne;Jax;Rakan;Kassadin;Orianna;Win;19;10;2;1;17;6;0;4;Perfect_KDA;270;16;0;10.2;13426;505;0.237;37;11;10;5;4;1.39;0.41;0.19;0.38;0.17;19910;1353;18369;188;749;0.25;0.38;0.526;1;0;0;0;0;1461;-1;731;0;0;7145;7145;7547;0;21522;0;6;207;23385;0;6;26;0;0
Peyz;ADCARRY;GEN;FLY;Massu;20.10.2024;QUATERFINALS;13;v14.18;Worlds_MainEvent_24;2;5;5;2;Blue;00:26:35;Xin_Zhao;Tristana;Nautilus;Nunu;Ashe;Ezreal;Win;19;10;2;1;15;8;1;5;13;245;8;0;9.2;13432;505;0.237;37;12;5;6;6;1.39;0.45;0.23;0.19;0.17;21341;20016;969;356;803;0.268;0.49;0.684;0;0;2;0;0;710;-2;-547;0;0;4437;4437;1824;0;5115;0;41;781;11149;36;7;24;0;500
Lehends;SUPPORT;GEN;FLY;Busio;20.10.2024;QUATERFINALS;13;v14.18;Worlds_MainEvent_24;2;5;5;2;Blue;00:26:35;Vi;Rell;Kassadin;Renekton;Nautilus;Rakan;Win;19;10;2;1;11;0;2;11;5.5;34;0;0;1.3;7322;275;0.129;85;41;11;13;12;3.2;1.54;0.49;0.41;0.39;4752;1408;2937;407;179;0.06;0.41;0.579;0;0;0;0;0;368;1;-307;0;0;1262;1262;842;0;17258;1072;32;235;10563;45;15;28;0;0
Bwipo;TOP;FLY;GEN;Kiin;20.10.2024;QUATERFINALS;13;v14.18;Worlds_MainEvent_24;2;5;5;2;Red;00:26:35;Aurora;Seraphine;Orianna;Ashe;Renekton;Jax;Loss;6;2;2;0;14;2;5;1;0.6;182;0;0;6.8;9740;366;0.232;21;11;2;5;3;0.79;0.41;0.19;0.08;0.131;12504;9906;2184;414;470;0.234;0.11;0.5;1;0;0;0;0;-459;-27;-623;0;0;2322;2322;6240;0;26513;0;16;101;33374;118;6;27;500;0
Inspired;JUNGLE;FLY;GEN;Canyon;20.10.2024;QUATERFINALS;13;v14.18;Worlds_MainEvent_24;2;5;5;2;Red;00:26:35;Yone;Ivern;Ezreal;Nidalee;Nunu;Nidalee;Loss;6;2;2;0;13;2;5;2;0.8;177;155;0;6.7;8456;318;0.202;22;4;5;3;2;0.83;0.15;0.11;0.19;0.138;5662;312;3645;1705;213;0.106;0.15;0.667;0;0;0;0;0;-466;1;111;0;0;0;0;22201;2516;26513;0;19;399;35163;124;4;17;0;0
Quad;MID;FLY;GEN;Chovy;20.10.2024;QUATERFINALS;13;v14.18;Worlds_MainEvent_24;2;5;5;2;Red;00:26:35;Nocturne;Skarner;Rakan;Jax;Orianna;Kassadin;Loss;6;2;2;0;15;1;1;2;3;246;0;0;9.3;9532;359;0.227;18;8;5;4;2;0.68;0.3;0.15;0.19;0.113;18267;2942;15325;0;687;0.342;0.11;0.5;1;0;0;0;0;-1461;1;-731;0;0;1383;1383;1013;0;10562;1473;33;440;11218;38;6;20;0;0
Massu;ADCARRY;FLY;GEN;Peyz;20.10.2024;QUATERFINALS;13;v14.18;Worlds_MainEvent_24;2;5;5;2;Red;00:26:35;Tristana;Xin_Zhao;Nunu;Nautilus;Ezreal;Ashe;Loss;6;2;2;0;13;1;3;1;0.7;211;4;0;7.9;8605;324;0.205;13;7;3;1;1;0.49;0.26;0.04;0.11;0.081;13904;11097;2677;130;523;0.261;0.08;0.333;0;0;0;0;0;-710;2;547;0;0;0;0;2002;0;8663;0;0;24;16193;108;4;21;0;0
Busio;SUPPORT;FLY;GEN;Lehends;20.10.2024;QUATERFINALS;13;v14.18;Worlds_MainEvent_24;2;5;5;2;Red;00:26:35;Rell;Vi;Renekton;Kassadin;Rakan;Nautilus;Loss;6;2;2;0;9;0;5;2;0.4;34;0;0;1.3;5571;210;0.133;86;52;8;8;7;3.24;1.96;0.3;0.3;0.538;3022;896;2126;0;114;0.057;0.08;0.333;0;0;0;0;0;-368;-1;307;0;0;68;68;2908;1164;16031;1632;21;78;13733;79;10;23;0;0
Bwipo;TOP;FLY;GEN;Kiin;20.10.2024;QUATERFINALS;13;v14.18;Worlds_MainEvent_24;3;5;5;3;Blue;00:42:35;Aurora;Ashe;Skarner;Sejuani;Urgot;Renekton;Win;21;10;3;3;18;3;5;8;2.2;324;8;0;7.6;17546;412;0.207;58;11;14;6;6;1.36;0.26;0.14;0.33;0.122;28019;27086;256;677;658;0.179;0.26;0.524;1;0;0;0;0;-51;-29;-467;0;0;2874;2874;9185;0;68781;0;15;311;40249;207;9;36;50;0
Inspired;JUNGLE;FLY;GEN;Canyon;20.10.2024;QUATERFINALS;13;v14.18;Worlds_MainEvent_24;3;5;5;3;Blue;00:42:35;Jax;Ivern;Kaisa;Ezreal;Skarner;Sejuani;Win;21;10;3;3;18;0;1;13;13;274;235;0;6.4;14441;339;0.17;76;11;21;9;9;1.78;0.26;0.21;0.49;0.16;15842;11203;4239;400;372;0.101;0.31;0.619;0;0;0;0;0;218;17;466;0;0;1535;1535;26602;0;103305;0;23;994;56931;36;12;31;0;0
Quad;MID;FLY;GEN;Chovy;20.10.2024;QUATERFINALS;13;v14.18;Worlds_MainEvent_24;3;5;5;3;Blue;00:42:35;Kalista;Yone;Rakan;Sylas;Zeri;Sylas;Win;21;10;3;3;18;7;1;9;16;400;36;0;9.4;20006;470;0.236;64;20;14;6;6;1.5;0.47;0.14;0.33;0.134;54489;38848;13923;1718;1280;0.348;0.38;0.762;0;0;0;1;0;468;13;-143;0;0;6609;6609;9305;0;17373;0;16;325;24932;60;7;36;200;200
Massu;ADCARRY;FLY;GEN;Peyz;20.10.2024;QUATERFINALS;13;v14.18;Worlds_MainEvent_24;3;5;5;3;Blue;00:42:35;KSante;Olaf;Urgot;Renekton;Kaisa;Ezreal;Win;21;10;3;3;18;11;0;8;Perfect_KDA;380;28;0;8.9;21336;501;0.252;28;14;8;2;2;0.66;0.33;0.05;0.19;0.059;51096;11483;38522;1091;1200;0.326;0.45;0.905;0;1;1;0;0;1038;0;-110;0;0;12509;12509;6063;0;15144;0;3;128;19139;0;8;31;250;0
Busio;SUPPORT;FLY;GEN;Lehends;20.10.2024;QUATERFINALS;13;v14.18;Worlds_MainEvent_24;3;5;5;3;Blue;00:42:35;Rell;Orianna;Zeri;Braum;Rakan;Braum;Win;21;10;3;3;15;0;1;16;16;48;0;0;1.1;11380;267;0.134;250;140;32;24;23;5.87;3.29;0.56;0.75;0.525;7287;762;5465;1060;171;0.046;0.38;0.762;0;0;0;0;0;506;1;145;1;0;720;720;11919;5365;25113;6753;29;73;17699;46;28;45;0;0
Kiin;TOP;GEN;FLY;Bwipo;20.10.2024;QUATERFINALS;13;v14.18;Worlds_MainEvent_24;3;5;5;3;Red;00:42:35;Ashe;Aurora;Sejuani;Skarner;Renekton;Urgot;Loss;8;4;3;0;18;3;6;4;1.2;376;14;0;8.8;16016;376;0.227;50;17;11;13;12;1.17;0.4;0.31;0.26;0.135;26156;20647;5413;96;614;0.229;0.16;0.875;1;0;0;0;0;51;29;467;0;0;2930;2930;12207;0;74288;0;22;203;61742;267;15;33;0;250
Canyon;JUNGLE;GEN;FLY;Inspired;20.10.2024;QUATERFINALS;13;v14.18;Worlds_MainEvent_24;3;5;5;3;Red;00:42:35;Ivern;Jax;Ezreal;Kaisa;Sejuani;Skarner;Loss;8;4;3;0;17;2;2;5;3.5;240;207;0;5.6;12543;295;0.178;63;16;22;18;14;1.48;0.38;0.42;0.52;0.17;12175;6137;5077;961;286;0.107;0.16;0.875;0;0;0;0;0;-218;-17;-466;0;0;0;0;18849;436;65044;2238;27;463;52934;43;20;40;0;0
Chovy;MID;GEN;FLY;Quad;20.10.2024;QUATERFINALS;13;v14.18;Worlds_MainEvent_24;3;5;5;3;Red;00:42:35;Yone;Kalista;Sylas;Rakan;Sylas;Zeri;Loss;8;4;3;0;18;1;3;4;1.7;376;12;0;8.8;16147;379;0.229;43;13;15;11;8;1.01;0.31;0.26;0.35;0.116;18147;287;17135;725;426;0.159;0.12;0.625;0;0;0;0;0;-468;-13;143;0;0;2053;2053;9147;0;34543;0;27;696;40161;107;15;41;0;50
Peyz;ADCARRY;GEN;FLY;Massu;20.10.2024;QUATERFINALS;13;v14.18;Worlds_MainEvent_24;3;5;5;3;Red;00:42:35;Olaf;KSante;Renekton;Urgot;Ezreal;Kaisa;Loss;8;4;3;0;18;2;5;2;0.8;435;50;0;10.2;17231;405;0.244;42;17;14;5;4;0.99;0.4;0.12;0.33;0.113;53046;37826;13524;1696;1246;0.465;0.09;0.5;0;0;0;0;0;-1038;0;110;0;0;1980;1980;8040;0;17337;0;8;258;26664;128;8;27;200;200
Lehends;SUPPORT;GEN;FLY;Busio;20.10.2024;QUATERFINALS;13;v14.18;Worlds_MainEvent_24;3;5;5;3;Red;00:42:35;Orianna;Rell;Braum;Zeri;Braum;Rakan;Loss;8;4;3;0;13;0;5;3;0.6;52;0;0;1.2;8551;201;0.121;173;98;28;29;27;4.06;2.3;0.68;0.66;0.466;4532;183;4349;0;106;0.04;0.07;0.375;0;0;0;0;0;-506;-1;-145;-1;0;3904;3904;3231;828;30230;3230;31;233;25399;118;31;47;0;0
Kiin;TOP;GEN;FLY;Bwipo;20.10.2024;QUATERFINALS;13;v14.18;Worlds_MainEvent_24;4;5;5;4;Blue;00:29:13;Seraphine;Aurora;Ashe;Ezreal;KSante;Renekton;Win;17;10;2;1;16;3;0;11;Perfect_KDA;225;0;0;7.7;12424;425;0.214;32;15;6;6;5;1.1;0.51;0.21;0.21;0.131;22827;17198;3718;1911;781;0.268;0.48;0.824;1;0;0;0;0;718;-15;426;0;0;2970;2970;7448;0;56160;370;41;2133;29848;0;9;28;0;0
Canyon;JUNGLE;GEN;FLY;Inspired;20.10.2024;QUATERFINALS;13;v14.18;Worlds_MainEvent_24;4;5;5;4;Blue;00:29:13;Ivern;Yone;Nidalee;Orianna;Nidalee;Sejuani;Win;17;10;2;1;17;6;0;10;Perfect_KDA;253;240;0;8.7;13077;448;0.225;44;9;8;7;6;1.51;0.31;0.24;0.27;0.18;25484;1137;21817;2530;872;0.299;0.55;0.941;0;0;0;0;0;635;31;1349;2;0;3086;3086;35617;9227;26401;0;9;287;34921;0;8;23;0;0
Chovy;MID;GEN;FLY;Quad;20.10.2024;QUATERFINALS;13;v14.18;Worlds_MainEvent_24;4;5;5;4;Blue;00:29:13;Skarner;Jax;Tristana;Rakan;Tristana;Orianna;Win;17;10;2;1;16;7;2;7;7;269;16;0;9.2;12976;444;0.223;30;10;13;5;4;1.03;0.34;0.17;0.44;0.122;19462;16875;2059;528;666;0.228;0.48;0.824;0;2;0;0;0;-258;-4;-243;0;0;7397;7397;4289;0;13192;0;7;95;18598;60;6;32;0;50
Peyz;ADCARRY;GEN;FLY;Massu;20.10.2024;QUATERFINALS;13;v14.18;Worlds_MainEvent_24;4;5;5;4;Blue;00:29:13;Xin_Zhao;Rell;Maokai;Renekton;Ashe;Ezreal;Win;17;10;2;1;15;1;0;11;Perfect_KDA;247;4;0;8.5;12396;424;0.213;50;13;17;5;4;1.71;0.44;0.17;0.58;0.204;11085;9477;1304;304;379;0.13;0.41;0.706;0;0;0;0;0;200;-24;-1178;-1;0;5720;5720;4254;0;6291;0;26;611;10057;0;6;24;0;0
Lehends;SUPPORT;GEN;FLY;Busio;20.10.2024;QUATERFINALS;13;v14.18;Worlds_MainEvent_24;4;5;5;4;Blue;00:29:13;Vi;Nautilus;KSante;Sejuani;Maokai;Rakan;Win;17;10;2;1;12;0;1;8;8;42;1;0;1.4;7256;248;0.125;89;45;15;14;13;3.05;1.54;0.48;0.51;0.363;6433;271;5682;480;220;0.075;0.27;0.471;0;0;0;0;0;-185;-12;188;0;0;1340;1340;3914;0;17889;930;31;204;15675;25;16;28;0;0
Bwipo;TOP;FLY;GEN;Kiin;20.10.2024;QUATERFINALS;13;v14.18;Worlds_MainEvent_24;4;5;5;4;Red;00:29:13;Aurora;Seraphine;Ezreal;Ashe;Renekton;KSante;Loss;3;0;2;0;13;0;7;0;0;204;0;0;7;8153;279;0.19;23;13;1;5;4;0.79;0.44;0.17;0.03;0.101;10404;8070;2334;0;356;0.169;0;0;0;0;0;0;0;-718;15;-426;0;0;854;854;4791;0;27846;0;10;33;33687;227;7;20;0;0
Inspired;JUNGLE;FLY;GEN;Canyon;20.10.2024;QUATERFINALS;13;v14.18;Worlds_MainEvent_24;4;5;5;4;Red;00:29:13;Yone;Ivern;Orianna;Nidalee;Sejuani;Nidalee;Loss;3;0;2;0;13;2;0;1;Perfect_KDA;174;146;0;6;8792;301;0.205;45;8;13;8;6;1.54;0.27;0.27;0.44;0.197;12088;6983;4777;328;414;0.196;0.1;1;0;0;0;0;0;-635;-31;-1349;-2;0;0;0;16235;367;50262;1202;29;368;30614;0;11;27;50;0
Quad;MID;FLY;GEN;Chovy;20.10.2024;QUATERFINALS;13;v14.18;Worlds_MainEvent_24;4;5;5;4;Red;00:29:13;Jax;Skarner;Rakan;Tristana;Orianna;Tristana;Loss;3;0;2;0;14;1;5;2;0.6;235;1;0;8;9593;328;0.223;30;15;8;6;6;1.03;0.51;0.21;0.27;0.132;15645;440;15205;0;535;0.254;0.1;1;0;0;0;0;0;258;4;243;0;0;169;169;620;0;15165;1367;24;261;17796;170;8;22;0;0
Massu;ADCARRY;FLY;GEN;Peyz;20.10.2024;QUATERFINALS;13;v14.18;Worlds_MainEvent_24;4;5;5;4;Red;00:29:13;Rell;Xin_Zhao;Renekton;Maokai;Ezreal;Ashe;Loss;3;0;2;0;15;0;2;1;0.5;277;4;0;9.5;10387;356;0.242;24;12;4;6;6;0.82;0.41;0.21;0.14;0.105;21749;15589;5872;288;744;0.353;0.03;0.333;0;0;0;0;0;-200;24;1178;1;0;3613;3613;3485;0;8466;0;1;61;14007;62;7;23;0;0
Busio;SUPPORT;FLY;GEN;Lehends;20.10.2024;QUATERFINALS;13;v14.18;Worlds_MainEvent_24;4;5;5;4;Red;00:29:13;Nautilus;Vi;Sejuani;KSante;Rakan;Maokai;Loss;3;0;2;0;9;0;3;0;0;44;0;0;1.5;6063;208;0.141;106;61;13;11;8;3.63;2.09;0.38;0.44;0.465;1756;418;1338;0;60;0.028;0;0;0;0;0;0;0;185;12;-188;0;0;1300;1300;2742;1142;13596;1824;14;59;11010;92;13;25;0;0
Bwipo;TOP;FLY;GEN;Kiin;20.10.2024;QUATERFINALS;13;v14.18;Worlds_MainEvent_24;5;5;5;5;Blue;00:30:12;Aurora;Ivern;Yone;Skarner;Sett;Rumble;Loss;3;3;1;0;16;0;3;2;0.7;264;4;0;8.7;10913;361;0.222;35;12;10;4;3;1.16;0.4;0.13;0.33;0.13;9975;7653;562;1760;330;0.256;0.07;0.667;0;0;0;0;0;-191;-12;616;1;0;2832;2832;2091;0;34090;0;15;330;30826;97;6;27;0;0
Inspired;JUNGLE;FLY;GEN;Canyon;20.10.2024;QUATERFINALS;13;v14.18;Worlds_MainEvent_24;5;5;5;5;Blue;00:30:12;Nidalee;Ashe;Fiddlesticks;Smolder;Fiddlesticks;Skarner;Loss;3;3;1;0;14;0;2;3;1.5;185;169;0;6.1;9376;310;0.191;73;6;6;6;6;2.42;0.2;0.2;0.2;0.271;8659;81;8283;295;287;0.222;0.1;1;0;0;0;0;0;475;5;5;0;0;0;0;20477;0;16833;0;24;1002;29893;39;6;20;0;0
Quad;MID;FLY;GEN;Chovy;20.10.2024;QUATERFINALS;13;v14.18;Worlds_MainEvent_24;5;5;5;5;Blue;00:30:12;Jax;Amumu;Kalista;Rumble;Yone;Smolder;Loss;3;3;1;0;16;1;3;0;0.3;290;4;0;9.6;12014;398;0.244;24;5;6;4;2;0.79;0.17;0.13;0.2;0.089;12188;8337;2539;1312;404;0.312;0.03;0.333;0;0;0;0;0;-41;-26;-233;0;0;3209;3209;5746;0;23228;0;11;205;20427;87;6;25;0;0
Massu;ADCARRY;FLY;GEN;Peyz;20.10.2024;QUATERFINALS;13;v14.18;Worlds_MainEvent_24;5;5;5;5;Blue;00:30:12;Rakan;Galio;Sett;Ziggs;Kalista;Ziggs;Loss;3;3;1;0;14;1;4;0;0.3;248;8;0;8.2;10102;335;0.205;28;10;6;5;5;0.93;0.33;0.17;0.2;0.104;5527;4569;475;483;183;0.142;0.03;0.333;0;0;0;0;0;326;8;198;0;0;265;265;2525;0;6327;0;5;303;13394;119;7;22;50;50
Busio;SUPPORT;FLY;GEN;Lehends;20.10.2024;QUATERFINALS;13;v14.18;Worlds_MainEvent_24;5;5;5;5;Blue;00:30:12;Miss_Fortune;Rell;Alistar;Maokai;Alistar;Maokai;Loss;3;3;1;0;10;1;2;0;0.5;36;0;0;1.2;6762;224;0.138;109;50;18;14;12;3.61;1.66;0.46;0.6;0.405;2685;315;1556;814;89;0.069;0.03;0.333;0;0;0;0;0;0;4;916;1;0;2019;2019;5656;1507;17546;0;16;48;16412;67;17;29;200;0
Kiin;TOP;GEN;FLY;Bwipo;20.10.2024;QUATERFINALS;13;v14.18;Worlds_MainEvent_24;5;5;5;5;Red;00:30:12;Ivern;Aurora;Skarner;Yone;Rumble;Sett;Win;14;10;3;1;16;4;2;5;4.5;228;18;0;7.5;11367;376;0.195;37;16;3;5;5;1.23;0.53;0.17;0.1;0.138;17176;724;16306;146;569;0.22;0.3;0.643;0;1;0;0;0;191;12;-616;-1;0;3418;3418;2014;0;16204;0;10;304;14493;91;8;23;0;50
Canyon;JUNGLE;GEN;FLY;Inspired;20.10.2024;QUATERFINALS;13;v14.18;Worlds_MainEvent_24;5;5;5;5;Red;00:30:12;Ashe;Nidalee;Smolder;Fiddlesticks;Skarner;Fiddlesticks;Win;14;10;3;1;15;1;0;8;Perfect_KDA;202;185;0;6.7;10608;351;0.182;51;12;10;8;8;1.69;0.4;0.26;0.33;0.19;7348;5381;1463;504;243;0.094;0.3;0.643;0;0;0;0;0;-475;-5;-5;0;0;3312;3312;20204;0;44285;0;18;735;34601;0;9;24;0;0
Chovy;MID;GEN;FLY;Quad;20.10.2024;QUATERFINALS;13;v14.18;Worlds_MainEvent_24;5;5;5;5;Red;00:30:12;Amumu;Jax;Rumble;Kalista;Smolder;Yone;Win;14;10;3;1;17;8;1;3;11;312;23;0;10.3;15090;500;0.26;47;16;8;5;5;1.56;0.53;0.17;0.26;0.175;26990;17520;5180;4290;894;0.346;0.36;0.786;0;2;1;0;0;41;26;233;0;0;8600;8600;3944;0;11529;0;12;331;12653;41;6;28;0;200
Peyz;ADCARRY;GEN;FLY;Massu;20.10.2024;QUATERFINALS;13;v14.18;Worlds_MainEvent_24;5;5;5;5;Red;00:30:12;Galio;Rakan;Ziggs;Sett;Ziggs;Kalista;Win;14;10;3;1;17;0;0;9;Perfect_KDA;306;0;0;10.1;12735;422;0.219;27;16;4;6;6;0.89;0.53;0.2;0.13;0.1;18373;517;17652;204;608;0.236;0.3;0.643;0;0;0;0;0;-326;-8;-198;0;0;9082;9082;747;0;3943;0;12;281;5835;0;8;24;0;0
Lehends;SUPPORT;GEN;FLY;Busio;20.10.2024;QUATERFINALS;13;v14.18;Worlds_MainEvent_24;5;5;5;5;Red;00:30:12;Rell;Miss_Fortune;Maokai;Alistar;Maokai;Alistar;Win;14;10;3;1;12;1;0;9;Perfect_KDA;33;0;0;1.1;8350;276;0.144;107;58;9;16;16;3.54;1.92;0.53;0.3;0.398;8108;584;7352;172;268;0.104;0.33;0.714;0;0;0;0;0;0;-4;-916;-1;0;3125;3125;3544;478;8582;1072;47;281;7433;0;18;32;50;0
Breathe;TOP;WBG;BLG;Bin;26.10.2024;SEMIFINALS;14;v14.18;Worlds_MainEvent_24;1;3;5;1;Blue;00:39:17;Sylas;Aurora;Yone;Jax;Poppy;Jax;Loss;9;6;2;2;18;0;2;5;2.5;250;0;0;6.4;13228;337;0.193;38;16;7;13;10;0.97;0.41;0.33;0.18;0.103;13193;11165;1692;336;336;0.168;0.13;0.556;0;0;0;0;0;798;-3;-121;-1;0;7822;7822;9210;0;67103;0;30;1696;39302;116;15;36;0;0
Tarzan;JUNGLE;WBG;BLG;XUN;26.10.2024;SEMIFINALS;14;v14.18;Worlds_MainEvent_24;1;3;5;1;Blue;00:39:17;Rakan;Orianna;Kalista;Skarner;Brand;Skarner;Loss;9;6;2;2;17;2;1;4;6;247;225;0;6.3;13341;340;0.194;52;16;12;16;14;1.32;0.41;0.41;0.31;0.141;18853;290;18326;237;480;0.24;0.15;0.667;1;0;0;0;0;685;17;788;1;0;1011;1011;16460;0;20898;0;26;510;33440;55;18;34;100;100
xiaohu;MID;WBG;BLG;Knight;26.10.2024;SEMIFINALS;14;v14.18;Worlds_MainEvent_24;1;3;5;1;Blue;00:39:17;Ashe;Maokai;Renata_Glasc;Smolder;Yone;Smolder;Loss;9;6;2;2;18;4;3;4;2.7;338;26;0;8.6;15364;391;0.224;48;12;11;4;4;1.22;0.31;0.1;0.28;0.13;28997;18271;4362;6364;738;0.368;0.2;0.889;0;0;0;0;0;-113;8;436;0;0;2137;2137;15306;0;50806;0;28;369;43858;164;5;26;0;450
Light;ADCARRY;WBG;BLG;Elk;26.10.2024;SEMIFINALS;14;v14.18;Worlds_MainEvent_24;1;3;5;1;Blue;00:39:17;Ziggs;KSante;Poppy;Varus;Kalista;Varus;Loss;9;6;2;2;17;3;1;2;5;353;24;0;9;16988;432;0.247;52;15;20;4;4;1.32;0.38;0.1;0.51;0.141;13760;11219;1973;568;350;0.175;0.13;0.556;0;0;0;0;0;-1335;-17;-714;-1;0;4598;4598;9521;0;19619;0;11;443;22080;58;5;27;400;550
Crisp;SUPPORT;WBG;BLG;ON;26.10.2024;SEMIFINALS;14;v14.18;Worlds_MainEvent_24;1;3;5;1;Blue;00:39:17;Kaisa;Gnar;Brand;Neeko;Renata_Glasc;Neeko;Loss;9;6;2;2;14;0;3;8;2.7;54;0;0;1.4;9770;249;0.142;178;107;25;22;20;4.53;2.72;0.56;0.64;0.484;3912;584;2256;1072;100;0.05;0.2;0.889;0;0;0;0;0;-206;3;-129;0;0;1093;1093;8996;4729;19717;5053;19;310;28867;109;25;41;0;0
Bin;TOP;BLG;WBG;Breathe;26.10.2024;SEMIFINALS;14;v14.18;Worlds_MainEvent_24;1;3;5;1;Red;00:39:17;Aurora;Sylas;Jax;Yone;Jax;Poppy;Win;10;10;3;1;18;1;2;2;1.5;307;11;0;7.8;15461;394;0.217;46;21;7;7;6;1.17;0.53;0.18;0.18;0.126;12431;5043;7114;274;316;0.095;0.08;0.3;0;0;0;0;0;-798;3;121;1;0;7563;7563;4734;0;31492;0;10;210;28002;100;8;32;200;100
XUN;JUNGLE;BLG;WBG;Tarzan;26.10.2024;SEMIFINALS;14;v14.18;Worlds_MainEvent_24;1;3;5;1;Red;00:39:17;Orianna;Rakan;Skarner;Kalista;Skarner;Brand;Win;10;10;3;1;16;0;1;8;8;190;168;0;4.8;10847;276;0.152;58;14;16;11;11;1.48;0.36;0.28;0.41;0.158;13786;8598;4984;204;351;0.106;0.2;0.8;0;0;0;0;0;-685;-17;-788;-1;0;314;314;12563;0;60242;0;38;724;32146;52;12;29;0;0
Knight;MID;BLG;WBG;xiaohu;26.10.2024;SEMIFINALS;14;v14.18;Worlds_MainEvent_24;1;3;5;1;Red;00:39:17;Maokai;Ashe;Smolder;Renata_Glasc;Smolder;Yone;Win;10;10;3;1;18;4;1;3;7;412;45;0;10.5;18075;460;0.254;50;18;20;4;4;1.27;0.46;0.1;0.51;0.137;46579;24501;13507;8571;1186;0.358;0.18;0.7;0;1;0;0;0;113;-8;-436;0;0;3993;3993;7776;0;17772;0;13;480;23767;45;6;22;550;200
Elk;ADCARRY;BLG;WBG;Light;26.10.2024;SEMIFINALS;14;v14.18;Worlds_MainEvent_24;1;3;5;1;Red;00:39:17;KSante;Ziggs;Varus;Poppy;Varus;Kalista;Win;10;10;3;1;17;5;2;3;4;317;13;0;8.1;17995;458;0.253;68;36;19;2;2;1.73;0.92;0.05;0.48;0.186;44729;36869;7860;0;1139;0.343;0.2;0.8;1;1;0;0;0;1335;17;714;1;0;12548;12548;4138;0;10163;0;37;387;17107;98;3;27;350;200
ON;SUPPORT;BLG;WBG;Crisp;26.10.2024;SEMIFINALS;14;v14.18;Worlds_MainEvent_24;1;3;5;1;Red;00:39:17;Gnar;Kaisa;Neeko;Brand;Neeko;Renata_Glasc;Win;10;10;3;1;12;0;3;3;1;42;0;0;1.1;8825;225;0.124;144;81;26;27;26;3.67;2.06;0.69;0.66;0.393;12726;320;12296;110;324;0.098;0.08;0.3;0;0;0;0;0;206;-3;129;0;0;2192;2192;2232;932;7485;0;21;111;14690;107;29;44;0;0
Breathe;TOP;WBG;BLG;Bin;26.10.2024;SEMIFINALS;14;v14.18;Worlds_MainEvent_24;2;3;5;2;Blue;00:31:37;Sylas;Aurora;Kalista;Jax;Maokai;Jax;Loss;12;3;3;1;15;2;5;7;1.8;204;4;0;6.5;10559;334;0.192;36;10;7;6;5;1.14;0.32;0.19;0.22;0.114;16486;1325;15161;0;521;0.252;0.28;0.75;0;0;0;0;0;-675;-14;475;1;0;1986;1986;10076;0;35135;0;55;424;32535;179;7;25;0;0
Tarzan;JUNGLE;WBG;BLG;XUN;26.10.2024;SEMIFINALS;14;v14.18;Worlds_MainEvent_24;2;3;5;2;Blue;00:31:37;Rakan;Orianna;Maokai;Skarner;Elise;Skarner;Loss;12;3;3;1;15;0;1;6;6;198;174;0;6.3;9717;307;0.177;79;29;14;11;11;2.5;0.92;0.35;0.44;0.249;9442;842;8250;350;299;0.144;0.19;0.5;0;0;0;0;0;-313;0;258;1;0;0;0;16883;0;14789;0;12;154;26079;0;12;24;0;0
xiaohu;MID;WBG;BLG;Knight;26.10.2024;SEMIFINALS;14;v14.18;Worlds_MainEvent_24;2;3;5;2;Blue;00:31:37;Yone;Ashe;Renata_Glasc;Ziggs;Lucian;Syndra;Loss;12;3;3;1;15;3;5;5;1.6;253;12;0;8;11679;369;0.213;49;12;11;4;4;1.55;0.38;0.13;0.35;0.155;17356;14584;2676;96;549;0.266;0.25;0.667;0;0;0;0;0;-968;-17;-180;0;0;2050;2050;3446;0;9970;0;1;86;18161;123;6;27;50;50
Light;ADCARRY;WBG;BLG;Elk;26.10.2024;SEMIFINALS;14;v14.18;Worlds_MainEvent_24;2;3;5;2;Blue;00:31:37;Smolder;Brand;Lucian;Rell;Kalista;Ziggs;Loss;12;3;3;1;15;6;4;4;2.5;303;20;0;9.6;14404;456;0.262;27;12;6;5;5;0.85;0.38;0.16;0.19;0.085;16767;11869;2455;2443;530;0.257;0.32;0.833;0;1;0;0;0;1958;13;-53;-1;0;5004;5004;4288;0;13645;0;7;346;20876;106;6;24;50;500
Crisp;SUPPORT;WBG;BLG;ON;26.10.2024;SEMIFINALS;14;v14.18;Worlds_MainEvent_24;2;3;5;2;Blue;00:31:37;Cassiopeia;Gnar;Elise;Syndra;Renata_Glasc;Rell;Loss;12;3;3;1;12;1;3;9;3.3;26;0;0;0.8;8532;270;0.155;126;72;14;20;18;3.99;2.28;0.63;0.44;0.397;5307;916;2920;1471;168;0.081;0.32;0.833;0;0;0;0;0;1137;-16;-81;0;0;3004;3004;3164;1085;13916;3969;18;221;17350;76;22;37;0;0
Bin;TOP;BLG;WBG;Breathe;26.10.2024;SEMIFINALS;14;v14.18;Worlds_MainEvent_24;2;3;5;2;Red;00:31:37;Aurora;Sylas;Jax;Kalista;Jax;Maokai;Win;18;8;1;0;16;3;2;7;5;240;8;0;7.6;12006;380;0.206;35;18;7;7;7;1.11;0.57;0.22;0.22;0.138;14394;7436;6209;749;455;0.181;0.32;0.556;0;0;0;0;0;675;14;-475;-1;0;5776;5776;3278;0;18225;0;15;253;20577;60;8;28;0;50
XUN;JUNGLE;BLG;WBG;Tarzan;26.10.2024;SEMIFINALS;14;v14.18;Worlds_MainEvent_24;2;3;5;2;Red;00:31:37;Orianna;Rakan;Skarner;Maokai;Skarner;Elise;Win;18;8;1;0;14;3;2;8;5.5;176;158;0;5.6;11207;354;0.193;53;11;15;11;9;1.68;0.35;0.35;0.47;0.209;9403;6427;2426;550;297;0.118;0.35;0.611;0;0;0;0;0;313;0;-258;-1;0;1250;1250;11121;0;50800;0;27;628;31181;89;12;27;550;50
Knight;MID;BLG;WBG;xiaohu;26.10.2024;SEMIFINALS;14;v14.18;Worlds_MainEvent_24;2;3;5;2;Red;00:31:37;Ashe;Yone;Ziggs;Renata_Glasc;Syndra;Lucian;Win;18;8;1;0;15;7;0;8;Perfect_KDA;254;8;0;8;13980;442;0.24;36;6;18;4;3;1.14;0.19;0.13;0.57;0.142;20143;1320;17909;914;637;0.253;0.47;0.833;0;2;0;0;0;968;17;180;0;0;6319;6319;2356;829;5500;0;30;468;10834;0;6;21;0;0
Elk;ADCARRY;BLG;WBG;Light;26.10.2024;SEMIFINALS;14;v14.18;Worlds_MainEvent_24;2;3;5;2;Red;00:31:37;Brand;Smolder;Rell;Lucian;Ziggs;Kalista;Win;18;8;1;0;16;3;3;10;4.3;291;4;0;9.2;13425;425;0.231;24;9;16;1;1;0.76;0.28;0.03;0.51;0.094;32378;1030;31292;56;1024;0.407;0.41;0.722;1;0;0;0;0;-1958;-13;53;1;0;9471;9471;967;0;4884;0;17;333;10252;59;3;22;0;0
ON;SUPPORT;BLG;WBG;Crisp;26.10.2024;SEMIFINALS;14;v14.18;Worlds_MainEvent_24;2;3;5;2;Red;00:31:37;Gnar;Cassiopeia;Syndra;Elise;Rell;Renata_Glasc;Win;18;8;1;0;12;2;5;10;2.4;36;0;0;1.1;7544;239;0.13;106;57;16;21;17;3.35;1.8;0.66;0.51;0.417;3180;726;2038;416;101;0.04;0.38;0.667;0;0;0;0;0;-1137;16;81;0;0;119;119;178;0;15553;845;19;47;13181;130;23;41;0;0
Breathe;TOP;WBG;BLG;Bin;26.10.2024;SEMIFINALS;14;v14.18;Worlds_MainEvent_24;3;3;5;3;Blue;00:27:45;Sylas;Aurora;Yone;Jax;Rumble;Jax;Loss;8;3;2;0;14;2;6;4;1;213;5;0;7.7;9327;336;0.2;26;13;5;4;3;0.94;0.47;0.14;0.18;0.12;14971;361;14484;126;539;0.229;0.22;0.75;1;0;0;0;0;72;45;1542;1;0;1381;1381;155;0;13649;0;7;205;15752;166;6;21;0;100
Tarzan;JUNGLE;WBG;BLG;XUN;26.10.2024;SEMIFINALS;14;v14.18;Worlds_MainEvent_24;3;3;5;3;Blue;00:27:45;Kalista;Orianna;Ezreal;Skarner;Sejuani;Skarner;Loss;8;3;2;0;13;2;3;4;2;161;150;0;5.8;8866;319;0.19;48;25;9;10;10;1.73;0.9;0.36;0.32;0.222;8077;4834;3125;118;291;0.123;0.22;0.75;0;0;0;0;0;-861;-7;-229;0;0;0;0;12900;242;30567;0;19;383;29821;80;11;26;400;0
xiaohu;MID;WBG;BLG;Knight;26.10.2024;SEMIFINALS;14;v14.18;Worlds_MainEvent_24;3;3;5;3;Blue;00:27:45;Rakan;Ashe;Maokai;Kaisa;Yone;Akali;Loss;8;3;2;0;16;2;4;3;1.3;278;26;0;10;11041;398;0.236;24;9;4;2;1;0.86;0.32;0.07;0.14;0.111;14318;9735;2726;1857;516;0.219;0.18;0.625;0;0;0;0;0;68;13;-58;0;0;1330;1330;4607;0;19985;0;21;295;22086;107;3;21;100;150
Light;ADCARRY;WBG;BLG;Elk;26.10.2024;SEMIFINALS;14;v14.18;Worlds_MainEvent_24;3;3;5;3;Blue;00:27:45;Ahri;Gnar;Rumble;Akali;Ezreal;Kaisa;Loss;8;3;2;0;14;2;3;4;2;262;0;0;9.4;11291;407;0.242;23;8;8;1;0;0.83;0.29;0.04;0.29;0.106;21632;13843;7429;360;780;0.331;0.22;0.75;0;1;0;0;0;602;11;662;1;0;1412;1412;3424;0;6218;0;1;19;14748;88;2;20;50;300
Crisp;SUPPORT;WBG;BLG;ON;26.10.2024;SEMIFINALS;14;v14.18;Worlds_MainEvent_24;3;3;5;3;Blue;00:27:45;Smolder;Brand;Sejuani;Alistar;Maokai;Alistar;Loss;8;3;2;0;10;0;5;6;1.2;24;0;0;0.9;6200;223;0.133;95;46;11;16;14;3.42;1.66;0.58;0.4;0.44;6411;161;6250;0;231;0.098;0.22;0.75;0;0;0;0;0;11;-14;-1057;-1;0;1204;1204;3634;838;11832;1072;38;174;15051;83;18;32;0;0
Bin;TOP;BLG;WBG;Breathe;26.10.2024;SEMIFINALS;14;v14.18;Worlds_MainEvent_24;3;3;5;3;Red;00:27:45;Aurora;Sylas;Jax;Yone;Jax;Rumble;Win;21;8;1;1;16;5;2;9;7;237;24;0;8.5;12379;446;0.221;23;15;3;4;4;0.83;0.54;0.14;0.11;0.106;13085;7664;5319;102;472;0.182;0.5;0.667;0;1;0;0;0;-72;-45;-1542;-1;0;10440;10440;3852;0;13715;0;10;130;17649;47;5;23;50;200
XUN;JUNGLE;BLG;WBG;Tarzan;26.10.2024;SEMIFINALS;14;v14.18;Worlds_MainEvent_24;3;3;5;3;Red;00:27:45;Orianna;Kalista;Skarner;Ezreal;Skarner;Sejuani;Win;21;8;1;1;14;3;2;11;7;153;142;0;5.5;10322;372;0.184;30;8;8;7;7;1.08;0.29;0.25;0.29;0.139;11467;8082;2727;658;413;0.159;0.5;0.667;0;0;0;0;0;861;7;229;0;0;1836;1836;9549;0;47798;0;31;617;25348;16;8;25;0;100
Knight;MID;BLG;WBG;xiaohu;26.10.2024;SEMIFINALS;14;v14.18;Worlds_MainEvent_24;3;3;5;3;Red;00:27:45;Ashe;Rakan;Kaisa;Maokai;Akali;Yone;Win;21;8;1;1;16;8;0;7;Perfect_KDA;222;0;0;8;14037;506;0.25;34;11;7;4;4;1.23;0.4;0.14;0.25;0.157;24657;863;22543;1251;889;0.343;0.54;0.714;2;0;1;0;0;-68;-13;58;0;0;5737;5737;3397;0;12199;0;3;94;20181;0;7;20;450;0
Elk;ADCARRY;BLG;WBG;Light;26.10.2024;SEMIFINALS;14;v14.18;Worlds_MainEvent_24;3;3;5;3;Red;00:27:45;Gnar;Ahri;Akali;Rumble;Kaisa;Ezreal;Win;21;8;1;1;15;5;2;7;6;277;18;0;10;12356;445;0.22;37;11;14;3;3;1.33;0.4;0.11;0.5;0.171;18948;9346;9380;222;683;0.264;0.43;0.571;0;0;0;0;0;-602;-11;-662;-1;0;3405;3405;2246;0;7366;0;2;75;12571;79;4;21;50;250
ON;SUPPORT;BLG;WBG;Crisp;26.10.2024;SEMIFINALS;14;v14.18;Worlds_MainEvent_24;3;3;5;3;Red;00:27:45;Brand;Smolder;Alistar;Sejuani;Alistar;Maokai;Win;21;8;1;1;11;0;2;11;5.5;33;0;0;1.2;7012;253;0.125;92;54;8;16;15;3.32;1.95;0.58;0.29;0.426;3749;447;2796;506;135;0.052;0.4;0.524;0;0;0;0;0;-11;14;1057;1;0;57;57;8209;5257;29388;519;28;73;14914;63;18;35;0;0
Zeus;TOP;T1;GEN;Kiin;27.10.2024;SEMIFINALS;15;v14.18;Worlds_MainEvent_24;1;4;5;1;Blue;00:30:01;Nidalee;Aurora;Yone;Skarner;Gragas;Renekton;Win;11;9;2;1;15;2;0;6;Perfect_KDA;206;14;0;6.9;10908;363;0.19;32;11;4;5;5;1.07;0.37;0.17;0.13;0.111;10852;328;10502;22;362;0.153;0.27;0.727;0;0;0;0;0;-88;12;-114;0;0;6050;6050;7021;0;13459;0;29;474;15187;0;7;24;0;0
Oner;JUNGLE;T1;GEN;Canyon;27.10.2024;SEMIFINALS;15;v14.18;Worlds_MainEvent_24;1;4;5;1;Blue;00:30:01;Smolder;Kalista;Ashe;Renekton;Vi;Skarner;Win;11;9;2;1;15;1;3;6;2.3;208;182;0;6.9;10709;357;0.187;35;8;8;7;6;1.17;0.27;0.23;0.27;0.121;8038;5335;0;2703;268;0.114;0.23;0.636;0;0;0;0;0;-15;8;234;0;0;2668;2668;11646;0;29070;0;11;343;27951;68;8;29;0;0
Faker;MID;T1;GEN;Chovy;27.10.2024;SEMIFINALS;15;v14.18;Worlds_MainEvent_24;1;4;5;1;Blue;00:30:01;Jax;Xayah;Renata_Glasc;Sylas;Yone;Sylas;Win;11;9;2;1;16;2;1;6;8;285;4;0;9.5;13701;456;0.239;37;11;5;5;5;1.23;0.37;0.17;0.17;0.128;25331;15320;5338;4673;844;0.358;0.27;0.727;0;0;0;0;0;-803;-11;-715;-1;0;9588;9588;6653;0;19751;0;21;274;19575;39;6;25;0;100
Gumayusi;ADCARRY;T1;GEN;Peyz;27.10.2024;SEMIFINALS;15;v14.18;Worlds_MainEvent_24;1;4;5;1;Blue;00:30:01;Blitzcrank;Sejuani;Vi;Ziggs;Ashe;Ziggs;Win;11;9;2;1;16;6;0;5;Perfect_KDA;297;8;0;9.9;14326;477;0.25;47;11;12;3;3;1.57;0.37;0.1;0.4;0.163;18839;17350;1235;254;628;0.266;0.37;1;0;0;1;0;0;28;10;269;0;0;4114;4114;4196;0;4842;0;40;816;9642;0;5;26;150;0
Keria;SUPPORT;T1;GEN;Lehends;27.10.2024;SEMIFINALS;15;v14.18;Worlds_MainEvent_24;1;4;5;1;Blue;00:30:01;Ezreal;Rumble;Gragas;Leona;Renata_Glasc;Leona;Win;11;9;2;1;12;0;2;10;5;36;0;0;1.2;7655;255;0.134;138;80;16;18;16;4.6;2.67;0.6;0.53;0.478;7656;1394;4511;1751;255;0.108;0.33;0.909;0;0;0;0;0;668;3;70;0;0;3903;3903;1617;394;9884;2423;19;286;10883;59;20;34;0;0
Kiin;TOP;GEN;T1;Zeus;27.10.2024;SEMIFINALS;15;v14.18;Worlds_MainEvent_24;1;4;5;1;Red;00:30:01;Aurora;Nidalee;Skarner;Yone;Renekton;Gragas;Loss;6;3;3;0;15;3;1;2;5;215;10;0;7.2;10553;352;0.215;31;11;5;6;5;1.03;0.37;0.2;0.17;0.129;8767;6406;1719;642;292;0.174;0.17;0.833;0;0;0;0;0;88;-12;114;0;0;2751;2751;5156;0;21788;0;11;108;22155;50;7;24;0;0
Canyon;JUNGLE;GEN;T1;Oner;27.10.2024;SEMIFINALS;15;v14.18;Worlds_MainEvent_24;1;4;5;1;Red;00:30:01;Kalista;Smolder;Renekton;Ashe;Skarner;Vi;Loss;6;3;3;0;13;1;3;4;1.7;186;168;0;6.2;9301;310;0.19;46;8;18;6;5;1.53;0.27;0.2;0.6;0.192;7955;4571;2598;786;265;0.158;0.17;0.833;0;0;0;0;0;15;-8;-234;0;0;556;556;14888;0;53338;0;24;589;33434;129;7;22;100;0
Chovy;MID;GEN;T1;Faker;27.10.2024;SEMIFINALS;15;v14.18;Worlds_MainEvent_24;1;4;5;1;Red;00:30:01;Xayah;Jax;Sylas;Renata_Glasc;Sylas;Yone;Loss;6;3;3;0;15;1;2;3;2;267;12;0;8.9;11429;381;0.233;35;10;16;7;7;1.17;0.33;0.23;0.53;0.146;10500;193;9885;422;350;0.208;0.13;0.667;0;0;0;0;0;803;11;715;1;0;3356;3356;4128;0;19791;0;13;435;23800;96;9;36;0;100
Peyz;ADCARRY;GEN;T1;Gumayusi;27.10.2024;SEMIFINALS;15;v14.18;Worlds_MainEvent_24;1;4;5;1;Red;00:30:01;Sejuani;Blitzcrank;Ziggs;Vi;Ziggs;Ashe;Loss;6;3;3;0;15;1;1;5;6;301;10;0;10;11569;385;0.236;33;13;7;5;5;1.1;0.43;0.17;0.23;0.138;18908;614;17999;295;630;0.375;0.2;1;0;0;0;0;0;-28;-10;-269;0;0;1134;1134;902;0;2969;0;10;333;6157;0;7;22;0;50
Lehends;SUPPORT;GEN;T1;Keria;27.10.2024;SEMIFINALS;15;v14.18;Worlds_MainEvent_24;1;4;5;1;Red;00:30:01;Rumble;Ezreal;Leona;Gragas;Leona;Renata_Glasc;Loss;6;3;3;0;11;0;4;6;1.5;40;0;0;1.3;6228;207;0.127;95;60;17;22;20;3.16;2;0.73;0.57;0.396;4295;710;2667;918;143;0.085;0.2;1;0;0;0;0;0;-668;-3;-70;0;0;2021;2021;153;0;14940;277;19;55;13498;130;24;38;0;0
Kiin;TOP;GEN;T1;Zeus;27.10.2024;SEMIFINALS;15;v14.18;Worlds_MainEvent_24;2;4;5;2;Blue;00:27:42;Kalista;Yone;Skarner;Caitlyn;Jax;Maokai;Win;12;9;4;1;16;2;0;5;Perfect_KDA;255;12;0;9.2;12018;434;0.217;33;14;5;4;4;1.19;0.51;0.14;0.18;0.133;12718;6173;6357;188;459;0.247;0.25;0.583;0;0;0;0;0;884;12;364;1;0;11393;11393;5366;0;13993;0;9;167;17785;0;6;22;0;0
Canyon;JUNGLE;GEN;T1;Oner;27.10.2024;SEMIFINALS;15;v14.18;Worlds_MainEvent_24;2;4;5;2;Blue;00:27:42;Xayah;Smolder;Jax;Kindred;Skarner;Kindred;Win;12;9;4;1;14;2;0;7;Perfect_KDA;161;147;0;5.8;9943;359;0.18;48;9;10;8;6;1.73;0.32;0.29;0.36;0.193;6251;4248;1250;753;226;0.121;0.32;0.75;0;0;0;0;0;-120;-26;-273;-1;1;1578;1578;11620;0;32970;0;20;498;21082;0;9;22;0;0
Chovy;MID;GEN;T1;Faker;27.10.2024;SEMIFINALS;15;v14.18;Worlds_MainEvent_24;2;4;5;2;Blue;00:27:42;Ashe;Aurora;Ahri;Braum;Ahri;Sylas;Win;12;9;4;1;16;2;0;6;Perfect_KDA;267;0;0;9.6;11659;421;0.211;53;13;14;8;8;1.91;0.47;0.29;0.51;0.213;12313;1750;7675;2888;445;0.239;0.29;0.667;0;0;0;0;0;730;26;140;0;0;2804;2804;2512;0;3314;0;7;62;6298;0;10;24;0;0
Peyz;ADCARRY;GEN;T1;Gumayusi;27.10.2024;SEMIFINALS;15;v14.18;Worlds_MainEvent_24;2;4;5;2;Blue;00:27:42;Galio;Lulu;Kaisa;Maokai;Kaisa;Caitlyn;Win;12;9;4;1;15;5;0;6;Perfect_KDA;297;22;0;10.7;14004;506;0.253;23;9;10;0;0;0.83;0.32;0;0.36;0.092;18591;6785;11259;547;671;0.361;0.4;0.917;0;1;0;0;0;1250;-2;-401;-1;0;4783;4783;3439;0;6459;0;3;71;10487;0;2;21;50;0
Lehends;SUPPORT;GEN;T1;Keria;27.10.2024;SEMIFINALS;15;v14.18;Worlds_MainEvent_24;2;4;5;2;Blue;00:27:42;Orianna;Renata_Glasc;Rell;Sylas;Rell;Braum;Win;12;9;4;1;11;1;1;11;12;27;0;0;1;7678;277;0.139;92;53;10;19;17;3.32;1.91;0.69;0.36;0.369;1684;409;877;398;61;0.033;0.43;1;0;0;0;0;0;219;-7;-159;0;0;423;423;1083;0;9019;516;15;48;8244;20;21;38;0;0
Zeus;TOP;T1;GEN;Kiin;27.10.2024;SEMIFINALS;15;v14.18;Worlds_MainEvent_24;2;4;5;2;Red;00:27:42;Yone;Kalista;Caitlyn;Skarner;Maokai;Jax;Loss;1;1;0;0;15;0;3;0;0;221;5;0;8;8662;313;0.202;29;11;4;7;5;1.05;0.4;0.25;0.14;0.121;8068;1022;7046;0;291;0.246;0;0;0;0;0;0;0;-884;-12;-364;-1;0;873;873;6934;0;20662;0;31;396;20704;56;9;28;0;0
Oner;JUNGLE;T1;GEN;Canyon;27.10.2024;SEMIFINALS;15;v14.18;Worlds_MainEvent_24;2;4;5;2;Red;00:27:42;Smolder;Xayah;Kindred;Jax;Kindred;Skarner;Loss;1;1;0;0;13;1;1;0;1;204;175;0;7.4;9208;332;0.215;55;8;15;5;5;1.99;0.29;0.18;0.54;0.229;9256;5719;1520;2017;334;0.282;0.04;1;0;0;0;0;0;120;26;273;1;0;116;116;15076;2990;10279;0;7;253;19106;0;6;21;0;0
Faker;MID;T1;GEN;Chovy;27.10.2024;SEMIFINALS;15;v14.18;Worlds_MainEvent_24;2;4;5;2;Red;00:27:42;Aurora;Ashe;Braum;Ahri;Sylas;Ahri;Loss;1;1;0;0;14;0;2;1;0.5;230;0;0;8.3;9193;332;0.214;23;6;8;6;6;0.83;0.22;0.22;0.29;0.096;3955;43;3912;0;143;0.12;0.04;1;0;0;0;0;0;-730;-26;-140;0;0;1871;1871;1781;0;10965;0;2;358;16818;62;8;24;0;0
Gumayusi;ADCARRY;T1;GEN;Peyz;27.10.2024;SEMIFINALS;15;v14.18;Worlds_MainEvent_24;2;4;5;2;Red;00:27:42;Lulu;Galio;Maokai;Kaisa;Caitlyn;Kaisa;Loss;1;1;0;0;14;0;2;0;0;281;8;0;10.1;10071;364;0.235;39;13;11;5;5;1.41;0.47;0.18;0.4;0.163;8441;8381;60;0;305;0.257;0;0;0;0;0;0;0;-1250;2;401;1;0;1541;1541;2685;0;5589;0;1;74;9764;46;6;22;0;50
Keria;SUPPORT;T1;GEN;Lehends;27.10.2024;SEMIFINALS;15;v14.18;Worlds_MainEvent_24;2;4;5;2;Red;00:27:42;Renata_Glasc;Orianna;Sylas;Rell;Braum;Rell;Loss;1;1;0;0;8;0;4;1;0.3;29;0;0;1;5772;208;0.135;94;55;10;16;13;3.39;1.99;0.58;0.36;0.392;3143;57;2918;168;113;0.096;0.04;1;0;0;0;0;0;-219;7;159;0;0;1067;1067;241;0;10395;1154;21;141;12238;64;18;30;0;0
Zeus;TOP;T1;GEN;Kiin;27.10.2024;SEMIFINALS;15;v14.18;Worlds_MainEvent_24;3;4;5;3;Blue;00:31:45;Nidalee;Xayah;Ashe;Jax;Gragas;Jax;Win;20;9;3;0;17;3;1;8;11;242;4;0;7.6;11843;373;0.194;32;9;5;5;4;1.01;0.28;0.16;0.16;0.103;14207;1014;13193;0;447;0.206;0.35;0.55;0;0;0;0;0;784;26;1029;1;0;4773;4773;9133;0;15720;0;36;581;15939;10;8;27;50;0
Oner;JUNGLE;T1;GEN;Canyon;27.10.2024;SEMIFINALS;15;v14.18;Worlds_MainEvent_24;3;4;5;3;Blue;00:31:45;Smolder;Kalista;Renata_Glasc;Ahri;Vi;Nocturne;Win;20;9;3;0;16;5;1;11;16;236;209;0;7.4;12878;406;0.211;51;11;12;9;9;1.61;0.35;0.28;0.38;0.165;11767;11519;0;248;371;0.171;0.5;0.8;0;0;0;0;0;1349;-7;205;1;0;5973;5973;15283;0;38117;0;18;311;27022;38;10;31;0;200
Faker;MID;T1;GEN;Chovy;27.10.2024;SEMIFINALS;15;v14.18;Worlds_MainEvent_24;3;4;5;3;Blue;00:31:45;Yone;Aurora;Gragas;Nocturne;Akali;Ahri;Win;20;9;3;0;16;5;0;10;Perfect_KDA;243;0;0;7.7;12407;391;0.203;38;15;8;7;7;1.2;0.47;0.22;0.25;0.123;16838;1307;14436;1095;530;0.244;0.47;0.75;0;0;0;0;0;-21;-18;-678;-1;0;4915;4915;989;0;10353;0;2;98;17944;0;8;25;0;0
Gumayusi;ADCARRY;T1;GEN;Peyz;27.10.2024;SEMIFINALS;15;v14.18;Worlds_MainEvent_24;3;4;5;3;Blue;00:31:45;Kaisa;Kindred;Akali;Ezreal;Ashe;Ezreal;Win;20;9;3;0;16;7;1;9;16;318;30;0;10;15511;489;0.254;53;12;11;5;5;1.67;0.38;0.16;0.35;0.171;21503;20075;1332;96;677;0.312;0.5;0.8;0;1;0;0;0;1161;1;-242;0;0;9414;9414;5414;0;8645;0;29;780;12064;39;6;28;0;450
Keria;SUPPORT;T1;GEN;Lehends;27.10.2024;SEMIFINALS;15;v14.18;Worlds_MainEvent_24;3;4;5;3;Blue;00:31:45;Twitch;Sylas;Vi;Rell;Renata_Glasc;Rell;Win;20;9;3;0;12;0;0;17;Perfect_KDA;31;0;0;1;8365;263;0.137;136;91;13;18;18;4.28;2.87;0.57;0.41;0.439;4587;921;2841;825;144;0.067;0.54;0.85;0;0;0;0;0;1337;-2;1195;2;0;6638;6638;2550;842;11773;3851;14;280;10412;0;20;35;0;0
Kiin;TOP;GEN;T1;Zeus;27.10.2024;SEMIFINALS;15;v14.18;Worlds_MainEvent_24;3;4;5;3;Red;00:31:45;Xayah;Nidalee;Jax;Ashe;Jax;Gragas;Loss;3;3;2;0;15;0;7;3;0.4;230;8;0;7.2;10040;316;0.2;23;14;4;3;3;0.72;0.44;0.09;0.13;0.081;11639;5131;6352;156;367;0.214;0.09;1;0;0;0;0;0;-784;-26;-1029;-1;0;3610;3610;3275;0;24652;0;9;143;30282;191;4;23;0;0
Canyon;JUNGLE;GEN;T1;Oner;27.10.2024;SEMIFINALS;15;v14.18;Worlds_MainEvent_24;3;4;5;3;Red;00:31:45;Kalista;Smolder;Ahri;Renata_Glasc;Nocturne;Vi;Loss;3;3;2;0;13;0;4;3;0.8;193;171;0;6.1;9005;284;0.18;74;24;18;9;7;2.33;0.76;0.28;0.57;0.261;5173;4454;226;493;163;0.095;0.09;1;0;0;0;0;0;-1349;7;-205;-1;0;0;0;17048;0;19500;0;95;349;29932;143;10;28;0;0
Chovy;MID;GEN;T1;Faker;27.10.2024;SEMIFINALS;15;v14.18;Worlds_MainEvent_24;3;4;5;3;Red;00:31:45;Aurora;Yone;Nocturne;Gragas;Ahri;Akali;Loss;3;3;2;0;16;1;1;2;3;302;0;0;9.5;12692;400;0.253;41;7;17;6;4;1.29;0.22;0.19;0.54;0.145;21416;2523;13781;5112;675;0.393;0.09;1;0;0;0;0;0;21;18;678;1;0;5197;5197;3825;0;7807;0;14;93;12546;0;8;26;450;0
Peyz;ADCARRY;GEN;T1;Gumayusi;27.10.2024;SEMIFINALS;15;v14.18;Worlds_MainEvent_24;3;4;5;3;Red;00:31:45;Kindred;Kaisa;Ezreal;Akali;Ezreal;Ashe;Loss;3;3;2;0;15;2;1;0;2;306;9;0;9.6;12243;386;0.244;30;11;9;3;3;0.94;0.35;0.09;0.28;0.106;14182;10332;3446;404;447;0.26;0.06;0.667;0;0;0;0;0;-1161;-1;242;0;0;549;549;2104;0;4709;0;2;126;8279;50;4;19;200;50
Lehends;SUPPORT;GEN;T1;Keria;27.10.2024;SEMIFINALS;15;v14.18;Worlds_MainEvent_24;3;4;5;3;Red;00:31:45;Sylas;Twitch;Rell;Vi;Rell;Renata_Glasc;Loss;3;3;2;0;10;0;7;2;0.3;32;0;0;1;6187;195;0.123;115;77;13;23;22;3.62;2.43;0.72;0.41;0.406;2065;291;1236;538;65;0.038;0.06;0.667;0;0;0;0;0;-1337;2;-1195;-2;0;608;608;708;0;16349;293;14;28;16720;136;25;38;0;0
Kiin;TOP;GEN;T1;Zeus;27.10.2024;SEMIFINALS;15;v14.18;Worlds_MainEvent_24;4;4;5;4;Blue;00:33:31;Kalista;Yone;Ashe;Varus;Poppy;Jax;Loss;9;5;1;1;17;0;2;8;4;277;0;0;8.3;12005;358;0.199;27;13;4;6;5;0.81;0.39;0.18;0.12;0.082;16988;13230;3252;506;507;0.218;0.24;0.889;0;0;0;0;0;-1134;-30;-974;-1;0;3146;3146;4860;0;46966;0;38;883;24323;102;8;28;0;50
Canyon;JUNGLE;GEN;T1;Oner;27.10.2024;SEMIFINALS;15;v14.18;Worlds_MainEvent_24;4;4;5;4;Blue;00:33:31;Xayah;Smolder;Nidalee;Skarner;Nidalee;Skarner;Loss;9;5;1;1;16;4;3;4;2.7;244;214;0;7.3;13359;399;0.222;65;13;22;13;10;1.94;0.39;0.39;0.66;0.197;21152;478;17916;2758;631;0.271;0.24;0.889;0;0;0;0;0;-554;15;399;0;0;207;207;28992;8031;25652;0;9;216;34244;53;15;33;800;150
Chovy;MID;GEN;T1;Faker;27.10.2024;SEMIFINALS;15;v14.18;Worlds_MainEvent_24;4;4;5;4;Blue;00:33:31;Sylas;Aurora;Tristana;Jax;Tristana;Ahri;Loss;9;5;1;1;17;2;1;5;7;316;14;0;9.4;13999;418;0.232;73;20;27;9;9;2.18;0.6;0.27;0.81;0.221;14603;12334;1635;634;436;0.187;0.21;0.778;0;1;0;0;0;-1186;-6;-330;0;0;7481;7481;7622;0;11703;0;8;111;19133;0;10;34;50;200
Peyz;ADCARRY;GEN;T1;Gumayusi;27.10.2024;SEMIFINALS;15;v14.18;Worlds_MainEvent_24;4;4;5;4;Blue;00:33:31;Bard;KSante;Poppy;Ahri;Ashe;Varus;Loss;9;5;1;1;17;3;1;5;8;299;3;0;8.9;13670;408;0.227;62;27;18;4;3;1.85;0.81;0.12;0.54;0.188;17309;14033;2910;366;516;0.222;0.24;0.889;0;0;0;0;0;-1204;-21;308;1;0;1865;1865;2700;0;7010;0;32;762;14508;57;6;27;50;200
Lehends;SUPPORT;GEN;T1;Keria;27.10.2024;SEMIFINALS;15;v14.18;Worlds_MainEvent_24;4;4;5;4;Blue;00:33:31;Orianna;Braum;Maokai;Pyke;Maokai;Pyke;Loss;9;5;1;1;12;0;8;7;0.9;21;0;0;0.6;7191;215;0.119;103;69;6;22;20;3.07;2.06;0.66;0.18;0.312;7936;318;6760;858;237;0.102;0.21;0.778;0;0;0;0;0;-432;-6;-614;-1;0;2210;2210;2258;0;21649;570;36;217;23198;163;25;39;0;0
Zeus;TOP;T1;GEN;Kiin;27.10.2024;SEMIFINALS;15;v14.18;Worlds_MainEvent_24;4;4;5;4;Red;00:33:31;Yone;Kalista;Varus;Ashe;Jax;Poppy;Win;15;8;3;1;18;2;2;6;4;321;15;0;9.6;13763;411;0.212;38;20;3;7;7;1.13;0.6;0.21;0.09;0.116;14076;6498;6954;624;420;0.174;0.24;0.533;0;1;0;0;0;1134;30;974;1;0;9755;9755;5448;0;28931;0;11;240;29069;100;9;28;0;300
Oner;JUNGLE;T1;GEN;Canyon;27.10.2024;SEMIFINALS;15;v14.18;Worlds_MainEvent_24;4;4;5;4;Red;00:33:31;Smolder;Xayah;Skarner;Nidalee;Skarner;Nidalee;Win;15;8;3;1;16;4;1;6;10;228;204;0;6.8;12331;368;0.19;48;12;11;10;10;1.43;0.36;0.3;0.33;0.146;8240;5426;2436;378;246;0.102;0.3;0.667;0;1;0;0;0;554;-15;-399;0;0;1790;1790;16182;0;63805;0;27;688;36596;46;11;29;250;100
Faker;MID;T1;GEN;Chovy;27.10.2024;SEMIFINALS;15;v14.18;Worlds_MainEvent_24;4;4;5;4;Red;00:33:31;Aurora;Sylas;Jax;Tristana;Ahri;Tristana;Win;15;8;3;1;17;3;3;5;2.7;307;0;0;9.2;14511;433;0.223;44;15;17;2;2;1.31;0.45;0.06;0.51;0.134;17549;1106;11361;5082;524;0.216;0.24;0.533;0;0;0;0;0;1186;6;330;0;0;3277;3277;4276;0;9497;0;13;66;18231;145;5;27;0;250
Gumayusi;ADCARRY;T1;GEN;Peyz;27.10.2024;SEMIFINALS;15;v14.18;Worlds_MainEvent_24;4;4;5;4;Red;00:33:31;KSante;Bard;Ahri;Poppy;Varus;Ashe;Win;15;8;3;1;16;6;1;6;12;321;7;0;9.6;16040;479;0.247;45;19;15;4;4;1.34;0.57;0.12;0.45;0.137;35060;29460;4886;714;1046;0.432;0.36;0.8;0;1;0;0;0;1204;21;-308;-1;0;7695;7695;2735;0;7618;0;38;375;13908;49;5;22;350;250
Keria;SUPPORT;T1;GEN;Lehends;27.10.2024;SEMIFINALS;15;v14.18;Worlds_MainEvent_24;4;4;5;4;Red;00:33:31;Braum;Orianna;Pyke;Maokai;Pyke;Maokai;Win;15;8;3;1;12;0;2;10;5;42;0;0;1.3;8322;248;0.128;154;106;13;24;24;4.59;3.16;0.72;0.39;0.468;6147;4787;0;1360;183;0.076;0.3;0.667;0;0;0;0;0;432;6;614;1;0;1535;1535;3067;0;6935;0;17;75;12578;65;26;42;0;0
Zeus;TOP;T1;BLG;Bin;02.11.2024;FINALS;16;v14.18;Worlds_MainEvent_24;1;5;5;1;Blue;00:27:09;Jax;Aurora;Yone;Ashe;Gnar;Rumble;Loss;3;5;1;0;15;2;3;1;1;235;12;0;8.7;12195;449;0.261;25;9;4;3;2;0.92;0.33;0.11;0.15;0.125;9226;7246;1830;150;340;0.269;0.11;1;1;0;0;0;0;-58;-13;-222;0;0;8097;8097;916;0;14264;0;11;367;15732;49;5;21;50;0
Oner;JUNGLE;T1;BLG;XUN;02.11.2024;FINALS;16;v14.18;Worlds_MainEvent_24;1;5;5;1;Blue;00:27:09;Kaisa;Vi;Gnar;Skarner;Sejuani;Skarner;Loss;3;5;1;0;13;0;3;0;0;163;146;0;6;7995;294;0.171;41;8;11;7;7;1.51;0.29;0.26;0.41;0.205;4768;2060;2192;516;176;0.139;0;0;0;0;0;0;0;-212;7;-41;0;0;802;802;12175;0;27708;497;11;336;25156;73;8;24;0;0
Faker;MID;T1;BLG;Knight;02.11.2024;FINALS;16;v14.18;Worlds_MainEvent_24;1;5;5;1;Blue;00:27:09;Kalista;Varus;Sejuani;Sylas;Yone;Sylas;Loss;3;5;1;0;14;1;4;1;0.5;215;8;0;7.9;9294;342;0.199;27;8;6;4;3;0.99;0.29;0.15;0.22;0.135;10983;7395;2475;1113;405;0.321;0.07;0.667;0;0;0;0;0;-203;-21;-462;0;0;2384;2384;3130;0;15499;0;10;142;20524;128;6;23;0;0
Gumayusi;ADCARRY;T1;BLG;Elk;02.11.2024;FINALS;16;v14.18;Worlds_MainEvent_24;1;5;5;1;Blue;00:27:09;Renata_Glasc;Ziggs;Caitlyn;Rumble;Caitlyn;Ashe;Loss;3;5;1;0;14;0;4;1;0.3;282;6;0;10.4;11377;419;0.243;20;10;3;3;3;0.74;0.37;0.11;0.11;0.1;5135;4891;244;0;189;0.15;0.04;0.333;0;0;0;0;0;16;15;107;0;1;5370;5370;1959;0;4020;0;6;67;10551;85;5;24;0;100
Keria;SUPPORT;T1;BLG;ON;02.11.2024;FINALS;16;v14.18;Worlds_MainEvent_24;1;5;5;1;Blue;00:27:09;Rakan;Jhin;Braum;Rell;Braum;Rell;Loss;3;5;1;0;9;0;4;0;0;35;0;0;1.3;5917;218;0.126;87;49;13;17;15;3.2;1.8;0.63;0.48;0.435;4150;143;3527;480;153;0.121;0;0;0;0;0;0;0;-285;4;-140;0;0;590;590;15;0;10419;903;18;166;12970;82;19;33;0;0
Bin;TOP;BLG;T1;Zeus;02.11.2024;FINALS;16;v14.18;Worlds_MainEvent_24;1;5;5;1;Red;00:27:09;Aurora;Jax;Ashe;Yone;Rumble;Gnar;Win;18;11;3;1;16;2;1;7;9;230;13;0;8.5;10972;404;0.196;27;9;6;6;3;0.99;0.33;0.22;0.22;0.12;11566;583;10983;0;426;0.197;0.33;0.5;0;0;0;0;0;58;13;222;0;0;2782;2782;1162;0;14957;0;6;253;9321;38;8;22;0;50
XUN;JUNGLE;BLG;T1;Oner;02.11.2024;FINALS;16;v14.18;Worlds_MainEvent_24;1;5;5;1;Red;00:27:09;Vi;Kaisa;Skarner;Gnar;Skarner;Sejuani;Win;18;11;3;1;13;3;0;9;Perfect_KDA;144;133;0;5.3;9750;359;0.174;32;9;7;9;7;1.18;0.33;0.33;0.26;0.142;7356;5471;1645;240;271;0.125;0.44;0.667;0;0;0;0;0;212;-7;41;0;0;3954;3954;12188;0;35420;0;20;578;20411;0;10;25;0;0
Knight;MID;BLG;T1;Faker;02.11.2024;FINALS;16;v14.18;Worlds_MainEvent_24;1;5;5;1;Red;00:27:09;Varus;Kalista;Sylas;Sejuani;Sylas;Yone;Win;18;11;3;1;16;4;0;11;Perfect_KDA;244;0;0;9;13085;482;0.234;19;5;3;2;2;0.7;0.18;0.07;0.11;0.084;20788;2305;18483;0;766;0.355;0.55;0.833;1;1;0;0;0;203;21;462;0;0;9832;9832;8242;0;14278;0;22;386;20039;0;6;20;50;0
Elk;ADCARRY;BLG;T1;Gumayusi;02.11.2024;FINALS;16;v14.18;Worlds_MainEvent_24;1;5;5;1;Red;00:27:09;Ziggs;Renata_Glasc;Rumble;Caitlyn;Ashe;Caitlyn;Win;18;11;3;1;15;8;1;5;13;273;28;0;10.1;13758;507;0.246;44;12;9;4;4;1.62;0.44;0.15;0.33;0.196;15010;13957;1053;0;553;0.256;0.48;0.722;0;1;1;0;0;-16;-15;-107;0;0;10066;10066;3279;0;4499;0;27;719;9449;25;6;27;50;0
ON;SUPPORT;BLG;T1;Keria;02.11.2024;FINALS;16;v14.18;Worlds_MainEvent_24;1;5;5;1;Red;00:27:09;Jhin;Rakan;Rell;Braum;Rell;Braum;Win;18;11;3;1;12;1;1;14;15;33;0;0;1.2;8329;307;0.149;103;47;17;18;17;3.79;1.73;0.66;0.63;0.458;3917;969;2435;513;144;0.067;0.55;0.833;0;0;0;0;0;285;-4;140;0;0;3612;3612;1004;0;11943;89;21;62;8045;20;20;34;0;0
Zeus;TOP;T1;BLG;Bin;02.11.2024;FINALS;16;v14.18;Worlds_MainEvent_24;2;5;5;2;Blue;00:27:25;Jax;Aurora;Kalista;Ashe;Ornn;Rumble;Win;18;9;2;1;15;2;1;8;10;178;0;0;6.5;10547;385;0.188;23;10;5;5;4;0.84;0.36;0.18;0.18;0.097;8805;2636;5945;224;321;0.15;0.36;0.556;1;0;0;0;0;-563;-22;-272;-1;0;5899;5899;1890;0;18599;0;32;474;12619;10;8;27;0;0
Oner;JUNGLE;T1;BLG;XUN;02.11.2024;FINALS;16;v14.18;Worlds_MainEvent_24;2;5;5;2;Blue;00:27:25;Yone;Skarner;Renata_Glasc;Rumble;Nocturne;Xin_Zhao;Win;18;9;2;1;14;6;0;8;Perfect_KDA;191;156;0;7;11953;436;0.214;59;20;12;7;7;2.15;0.73;0.26;0.44;0.248;13788;12359;611;818;503;0.235;0.51;0.778;0;1;0;0;0;1044;15;64;0;1;3441;3441;19247;0;19027;0;80;447;27116;0;8;21;0;0
Faker;MID;T1;BLG;Knight;02.11.2024;FINALS;16;v14.18;Worlds_MainEvent_24;2;5;5;2;Blue;00:27:25;Varus;Vi;Sylas;Galio;Sylas;Galio;Win;18;9;2;1;15;2;0;10;Perfect_KDA;239;0;0;8.7;10976;400;0.196;17;5;7;2;2;0.62;0.18;0.07;0.26;0.071;13292;635;12423;234;485;0.226;0.44;0.667;0;0;0;0;0;767;12;17;0;0;2799;2799;8045;0;14001;0;20;416;19320;0;4;22;0;0
Gumayusi;ADCARRY;T1;BLG;Elk;02.11.2024;FINALS;16;v14.18;Worlds_MainEvent_24;2;5;5;2;Blue;00:27:25;Kindred;Gnar;Ornn;Xin_Zhao;Kalista;Ashe;Win;18;9;2;1;15;8;2;4;6;285;32;0;10.4;14581;532;0.261;38;10;9;6;5;1.39;0.36;0.22;0.33;0.16;16656;12948;2768;940;608;0.283;0.44;0.667;0;1;1;0;0;1308;20;-393;0;0;4688;4688;3554;0;5544;0;12;344;9362;26;8;24;50;200
Keria;SUPPORT;T1;BLG;ON;02.11.2024;FINALS;16;v14.18;Worlds_MainEvent_24;2;5;5;2;Blue;00:27:25;Wukong;Sejuani;Nocturne;Rakan;Renata_Glasc;Rakan;Win;18;9;2;1;12;0;0;15;Perfect_KDA;32;0;0;1.2;7916;289;0.141;101;63;15;14;14;3.68;2.3;0.51;0.55;0.424;6234;1736;4143;355;227;0.106;0.55;0.833;0;0;0;0;0;410;-5;350;1;0;6149;6149;3277;896;13258;3196;28;230;11518;0;17;29;0;0
Bin;TOP;BLG;T1;Zeus;02.11.2024;FINALS;16;v14.18;Worlds_MainEvent_24;2;5;5;2;Red;00:27:25;Aurora;Jax;Ashe;Kalista;Rumble;Ornn;Loss;3;0;1;0;14;1;2;0;0.5;201;13;0;7.3;8810;321;0.217;14;6;1;2;2;0.51;0.22;0.07;0.04;0.06;10469;595;9526;348;382;0.232;0.04;0.333;0;0;0;0;0;563;22;272;1;0;501;501;1267;0;10953;0;8;305;11459;10;5;24;200;0
XUN;JUNGLE;BLG;T1;Oner;02.11.2024;FINALS;16;v14.18;Worlds_MainEvent_24;2;5;5;2;Red;00:27:25;Skarner;Yone;Rumble;Renata_Glasc;Xin_Zhao;Nocturne;Loss;3;0;1;0;12;0;4;2;0.5;149;134;0;5.4;7529;275;0.185;33;5;8;3;2;1.2;0.18;0.11;0.29;0.141;6739;6056;485;198;246;0.149;0.07;0.667;0;0;0;0;0;-1044;-15;-64;0;0;0;0;17740;0;18100;0;12;457;29743;82;4;16;0;0
Knight;MID;BLG;T1;Faker;02.11.2024;FINALS;16;v14.18;Worlds_MainEvent_24;2;5;5;2;Red;00:27:25;Vi;Varus;Galio;Sylas;Galio;Sylas;Loss;3;0;1;0;13;0;5;1;0.2;204;0;0;7.4;8227;300;0.203;29;4;5;3;2;1.06;0.15;0.11;0.18;0.124;12460;369;11909;182;454;0.276;0.04;0.333;0;0;0;0;0;-767;-12;-17;0;0;470;470;894;0;28701;634;23;82;18945;104;6;18;0;0
Elk;ADCARRY;BLG;T1;Gumayusi;02.11.2024;FINALS;16;v14.18;Worlds_MainEvent_24;2;5;5;2;Red;00:27:25;Gnar;Kindred;Xin_Zhao;Ornn;Ashe;Kalista;Loss;3;0;1;0;13;2;4;0;0.5;252;2;0;9.2;10043;366;0.247;37;8;16;2;2;1.35;0.29;0.07;0.58;0.158;12304;11569;621;114;449;0.273;0.07;0.667;0;0;0;0;0;-1308;-20;393;0;0;521;521;1821;0;7533;0;30;683;12759;100;4;22;0;50
ON;SUPPORT;BLG;T1;Keria;02.11.2024;FINALS;16;v14.18;Worlds_MainEvent_24;2;5;5;2;Red;00:27:25;Sejuani;Wukong;Rakan;Nocturne;Rakan;Renata_Glasc;Loss;3;0;1;0;9;0;3;3;1;38;0;0;1.4;5984;218;0.147;121;75;20;18;17;4.41;2.74;0.66;0.73;0.517;3147;1195;1811;141;115;0.07;0.11;1;0;0;0;0;0;-410;5;-350;-1;0;0;0;4152;1704;13296;2182;14;79;11322;57;20;33;0;0
Bin;TOP;BLG;T1;Zeus;02.11.2024;FINALS;16;v14.18;Worlds_MainEvent_24;3;5;5;3;Blue;00:27:35;Varus;Aurora;Kalista;Jax;Rumble;Jax;Win;17;11;3;1;16;7;0;5;Perfect_KDA;233;20;0;8.4;12970;470;0.223;36;14;6;6;5;1.31;0.51;0.22;0.22;0.139;19184;763;18191;230;695;0.295;0.44;0.706;0;1;0;0;0;1329;16;753;1;0;3696;3696;3321;0;18192;0;10;288;12246;0;9;27;0;0
XUN;JUNGLE;BLG;T1;Oner;02.11.2024;FINALS;16;v14.18;Worlds_MainEvent_24;3;5;5;3;Blue;00:27:35;Ashe;Yone;Rumble;Renata_Glasc;Kindred;Vi;Win;17;11;3;1;15;1;1;14;15;190;157;0;6.9;11466;416;0.197;44;9;14;8;7;1.6;0.33;0.29;0.51;0.17;11656;7778;2663;1215;423;0.179;0.54;0.882;0;0;0;0;0;672;-19;-568;-1;0;6817;6817;13873;259;12497;0;7;326;23020;46;9;28;0;0
Knight;MID;BLG;T1;Faker;02.11.2024;FINALS;16;v14.18;Worlds_MainEvent_24;3;5;5;3;Blue;00:27:35;Skarner;Neeko;Blitzcrank;Sylas;Galio;Sylas;Win;17;11;3;1;17;1;1;13;14;275;5;0;10;11751;426;0.202;26;5;10;3;3;0.94;0.18;0.11;0.36;0.1;15329;242;14627;460;556;0.236;0.51;0.824;1;0;0;0;0;960;25;1686;1;0;4055;4055;2086;0;30243;1866;26;95;15379;38;6;22;0;100
Elk;ADCARRY;BLG;T1;Gumayusi;02.11.2024;FINALS;16;v14.18;Worlds_MainEvent_24;3;5;5;3;Blue;00:27:35;Sejuani;Akali;Kindred;Vi;Kalista;Xayah;Win;17;11;3;1;14;7;0;4;Perfect_KDA;232;8;0;8.4;14046;509;0.242;59;20;10;2;2;2.14;0.73;0.07;0.36;0.228;14776;12930;758;1088;536;0.227;0.4;0.647;0;1;1;0;0;887;-17;-303;0;0;12015;12015;2204;0;4789;0;10;306;7502;0;4;20;0;0
ON;SUPPORT;BLG;T1;Keria;02.11.2024;FINALS;16;v14.18;Worlds_MainEvent_24;3;5;5;3;Blue;00:27:35;Draven;Wukong;Galio;Xayah;Blitzcrank;Renata_Glasc;Win;17;11;3;1;12;1;1;9;10;44;4;0;1.6;7831;284;0.135;94;50;17;16;15;3.41;1.81;0.58;0.62;0.363;4008;947;2172;889;145;0.062;0.36;0.588;0;0;0;0;0;765;5;108;0;0;1313;1313;1478;0;9830;0;15;159;10259;38;19;30;0;0
Zeus;TOP;T1;BLG;Bin;02.11.2024;FINALS;16;v14.18;Worlds_MainEvent_24;3;5;5;3;Red;00:27:35;Aurora;Varus;Jax;Kalista;Jax;Rumble;Loss;3;2;1;0;15;0;4;3;0.8;209;0;0;7.6;8944;324;0.203;17;11;0;4;2;0.62;0.4;0.15;0;0.091;5215;2183;2766;266;189;0.146;0.11;1;0;0;0;0;0;-1329;-16;-753;-1;0;4773;4773;1003;0;14738;0;4;127;16534;113;6;21;0;0
Oner;JUNGLE;T1;BLG;XUN;02.11.2024;FINALS;16;v14.18;Worlds_MainEvent_24;3;5;5;3;Red;00:27:35;Yone;Ashe;Renata_Glasc;Rumble;Vi;Kindred;Loss;3;2;1;0;13;1;3;1;0.7;182;163;0;6.6;8531;309;0.194;37;9;5;7;7;1.34;0.33;0.25;0.18;0.198;7426;7102;0;324;269;0.207;0.07;0.667;0;0;0;0;0;-672;19;568;1;0;1064;1064;12460;0;25345;0;16;341;24821;45;8;26;0;0
Faker;MID;T1;BLG;Knight;02.11.2024;FINALS;16;v14.18;Worlds_MainEvent_24;3;5;5;3;Red;00:27:35;Neeko;Skarner;Sylas;Blitzcrank;Sylas;Galio;Loss;3;2;1;0;15;0;4;2;0.5;226;0;0;8.2;9297;337;0.211;25;8;7;5;5;0.91;0.29;0.18;0.25;0.134;5182;49;5133;0;188;0.145;0.07;0.667;0;0;0;0;0;-960;-25;-1686;-1;0;1482;1482;3118;0;14590;1339;14;439;20622;125;7;24;0;0
Gumayusi;ADCARRY;T1;BLG;Elk;02.11.2024;FINALS;16;v14.18;Worlds_MainEvent_24;3;5;5;3;Red;00:27:35;Akali;Sejuani;Vi;Kindred;Xayah;Kalista;Loss;3;2;1;0;15;2;2;0;1;307;17;0;11.1;11613;421;0.264;20;11;6;4;4;0.73;0.4;0.15;0.22;0.107;14152;13780;0;372;513;0.395;0.07;0.667;0;0;0;0;0;-887;17;303;0;0;2127;2127;4214;0;7428;0;13;96;12648;39;5;24;100;0
Keria;SUPPORT;T1;BLG;ON;02.11.2024;FINALS;16;v14.18;Worlds_MainEvent_24;3;5;5;3;Red;00:27:35;Wukong;Draven;Xayah;Galio;Renata_Glasc;Blitzcrank;Loss;3;2;1;0;11;0;4;2;0.5;39;0;0;1.4;5592;203;0.127;88;61;10;14;11;3.19;2.21;0.51;0.36;0.471;3861;629;2303;929;140;0.108;0.07;0.667;0;0;0;0;0;-765;-5;-108;0;0;112;112;1089;577;8043;2423;11;224;11186;80;16;30;0;0
Zeus;TOP;T1;BLG;Bin;02.11.2024;FINALS;16;v14.18;Worlds_MainEvent_24;4;5;5;4;Blue;00:31:42;Jax;Aurora;Ashe;Gnar;Rumble;Gnar;Win;14;9;4;2;17;2;4;7;2.3;255;22;0;8;13180;416;0.218;34;13;7;7;7;1.07;0.41;0.22;0.22;0.127;16034;215;15681;138;506;0.219;0.28;0.643;0;0;0;0;0;927;30;1210;1;0;8858;8858;1932;0;20123;0;10;286;15265;78;10;30;0;100
Oner;JUNGLE;T1;BLG;XUN;02.11.2024;FINALS;16;v14.18;Worlds_MainEvent_24;4;5;5;4;Blue;00:31:42;Yone;Skarner;Renata_Glasc;Ziggs;Poppy;Sejuani;Win;14;9;4;2;15;0;1;11;11;182;159;0;5.7;10083;318;0.167;43;10;14;8;8;1.36;0.32;0.25;0.44;0.16;8046;5379;603;2064;254;0.11;0.35;0.786;0;0;0;0;0;-102;13;729;1;0;2522;2522;14238;0;47253;1148;22;715;27073;28;9;24;0;0
Faker;MID;T1;BLG;Knight;02.11.2024;FINALS;16;v14.18;Worlds_MainEvent_24;4;5;5;4;Blue;00:31:42;Varus;Kalista;Sylas;Smolder;Sylas;Smolder;Win;14;9;4;2;17;6;2;2;4;250;9;0;7.9;13616;430;0.225;25;1;9;1;1;0.79;0.03;0.03;0.28;0.093;18786;886;17756;144;593;0.257;0.25;0.571;1;0;0;0;0;-271;-29;-151;-1;0;9295;9295;9584;0;21824;0;25;403;31436;45;3;20;200;450
Gumayusi;ADCARRY;T1;BLG;Elk;02.11.2024;FINALS;16;v14.18;Worlds_MainEvent_24;4;5;5;4;Blue;00:31:42;Blitzcrank;Vi;Rumble;Sejuani;Ashe;Ziggs;Win;14;9;4;2;15;4;2;6;5;296;8;0;9.3;14424;455;0.239;40;11;19;6;5;1.26;0.35;0.19;0.6;0.149;23399;22212;892;295;738;0.32;0.32;0.714;0;0;0;0;0;348;9;207;0;0;5030;5030;4714;0;7513;0;38;853;14022;32;7;29;50;300
Keria;SUPPORT;T1;BLG;ON;02.11.2024;FINALS;16;v14.18;Worlds_MainEvent_24;4;5;5;4;Blue;00:31:42;Xin_Zhao;Nocturne;Poppy;Rakan;Renata_Glasc;Rakan;Win;14;9;4;2;13;2;1;10;12;35;0;0;1.1;9119;288;0.151;126;82;11;19;19;3.97;2.59;0.6;0.35;0.47;6869;1533;3955;1381;217;0.094;0.38;0.857;0;0;0;0;0;503;-9;-104;0;0;4366;4366;7552;3184;15660;4664;15;305;15921;20;22;35;50;0
Bin;TOP;BLG;T1;Zeus;02.11.2024;FINALS;16;v14.18;Worlds_MainEvent_24;4;5;5;4;Red;00:31:42;Aurora;Jax;Gnar;Ashe;Gnar;Rumble;Loss;10;2;0;0;16;1;2;4;2.5;246;23;0;7.8;10522;332;0.2;29;13;8;2;2;0.91;0.41;0.06;0.25;0.096;9049;6901;2092;56;285;0.141;0.16;0.5;0;0;0;0;0;-927;-30;-1210;-1;0;0;0;2015;0;16021;0;15;470;18541;42;3;22;0;0
XUN;JUNGLE;BLG;T1;Oner;02.11.2024;FINALS;16;v14.18;Worlds_MainEvent_24;4;5;5;4;Red;00:31:42;Skarner;Yone;Ziggs;Renata_Glasc;Sejuani;Poppy;Loss;10;2;0;0;13;3;4;6;2.3;146;131;0;4.6;9581;302;0.182;40;12;4;12;11;1.26;0.38;0.38;0.13;0.132;9686;5216;3520;950;306;0.151;0.28;0.9;0;0;0;0;0;102;-13;-729;-1;0;199;199;9827;232;37460;1541;26;399;26218;149;13;31;150;0
Knight;MID;BLG;T1;Faker;02.11.2024;FINALS;16;v14.18;Worlds_MainEvent_24;4;5;5;4;Red;00:31:42;Kalista;Varus;Smolder;Sylas;Smolder;Sylas;Loss;10;2;0;0;17;3;2;2;2.5;328;25;0;10.3;13285;419;0.253;37;12;12;3;3;1.17;0.38;0.09;0.38;0.122;20278;14644;3484;2150;640;0.317;0.16;0.5;0;0;0;0;0;271;29;151;1;0;2129;2129;4661;0;12437;0;10;439;19278;41;4;25;300;250
Elk;ADCARRY;BLG;T1;Gumayusi;02.11.2024;FINALS;16;v14.18;Worlds_MainEvent_24;4;5;5;4;Red;00:31:42;Vi;Blitzcrank;Sejuani;Rumble;Ziggs;Ashe;Loss;10;2;0;0;15;2;4;3;1.3;250;0;0;7.9;11255;355;0.214;29;12;7;5;4;0.91;0.38;0.16;0.22;0.096;20827;994;19833;0;657;0.326;0.16;0.5;0;0;0;0;0;-348;-9;-207;0;0;4046;4046;1287;0;6725;0;16;367;15171;87;7;25;100;50
ON;SUPPORT;BLG;T1;Keria;02.11.2024;FINALS;16;v14.18;Worlds_MainEvent_24;4;5;5;4;Red;00:31:42;Nocturne;Xin_Zhao;Rakan;Poppy;Rakan;Renata_Glasc;Loss;10;2;0;0;12;1;2;5;3;57;0;0;1.8;7909;249;0.15;168;89;32;15;12;5.3;2.81;0.47;1.01;0.554;4127;904;3155;68;130;0.065;0.19;0.6;1;0;0;0;0;-503;9;104;0;0;213;213;7836;2849;17476;2630;27;85;16241;69;17;31;300;0
Bin;TOP;BLG;T1;Zeus;02.11.2024;FINALS;16;v14.18;Worlds_MainEvent_24;5;5;5;5;Blue;00:32:13;Varus;Aurora;Jax;Gragas;Jax;Gragas;Loss;6;3;1;0;17;0;2;5;2.5;281;24;0;8.7;11637;361;0.21;39;17;6;6;5;1.21;0.53;0.19;0.19;0.129;10771;5878;4659;234;334;0.218;0.16;0.833;0;0;0;0;0;-1202;-27;-1077;-1;0;2382;2382;3422;0;19548;0;11;212;21000;53;7;24;0;50
XUN;JUNGLE;BLG;T1;Oner;02.11.2024;FINALS;16;v14.18;Worlds_MainEvent_24;5;5;5;5;Blue;00:32:13;Ashe;Yone;Kaisa;Galio;Jarvan_IV;Xin_Zhao;Loss;6;3;1;0;14;2;2;4;3;184;166;0;5.7;10043;312;0.182;46;9;11;9;7;1.43;0.28;0.28;0.34;0.152;8248;6465;1143;640;256;0.167;0.19;1;0;0;0;0;0;-373;-20;-664;-1;0;0;0;13243;0;38976;0;14;583;24497;95;10;31;100;0
Knight;MID;BLG;T1;Faker;02.11.2024;FINALS;16;v14.18;Worlds_MainEvent_24;5;5;5;5;Blue;00:32:13;Skarner;Kalista;Ahri;Xayah;Ahri;Galio;Loss;6;3;1;0;16;3;1;1;4;310;8;0;9.6;13240;411;0.239;63;25;16;1;1;1.96;0.78;0.03;0.5;0.208;11757;2027;6279;3451;365;0.238;0.12;0.667;0;1;0;0;0;479;-2;-816;-1;0;3475;3475;2374;0;6237;0;11;95;9778;53;4;20;0;300
Elk;ADCARRY;BLG;T1;Gumayusi;02.11.2024;FINALS;16;v14.18;Worlds_MainEvent_24;5;5;5;5;Blue;00:32:13;Rakan;Wukong;Jarvan_IV;Poppy;Kaisa;Xayah;Loss;6;3;1;0;16;1;2;2;1.5;321;12;0;10;13407;416;0.242;43;10;18;2;2;1.33;0.31;0.06;0.56;0.142;16087;7010;8589;488;499;0.326;0.09;0.5;0;0;0;0;0;-1373;-38;-486;0;0;189;189;3503;0;7219;0;3;124;11703;104;3;20;400;100
ON;SUPPORT;BLG;T1;Keria;02.11.2024;FINALS;16;v14.18;Worlds_MainEvent_24;5;5;5;5;Blue;00:32:13;Renata_Glasc;Kindred;Rell;Xin_Zhao;Rell;Poppy;Loss;6;3;1;0;11;0;5;5;1;42;0;0;1.3;6981;217;0.126;112;61;12;20;16;3.48;1.89;0.62;0.37;0.37;2502;406;1406;690;78;0.051;0.16;0.833;0;0;0;0;0;-492;12;243;0;0;0;0;106;0;18908;516;13;67;13317;132;22;36;0;0
Zeus;TOP;T1;BLG;Bin;02.11.2024;FINALS;16;v14.18;Worlds_MainEvent_24;5;5;5;5;Red;00:32:13;Aurora;Varus;Gragas;Jax;Gragas;Jax;Win;12;7;3;1;18;0;1;8;8;282;6;0;8.8;12891;400;0.206;40;15;6;10;10;1.24;0.47;0.31;0.19;0.151;14559;768;13291;500;452;0.267;0.25;0.667;0;0;0;0;0;1202;27;1077;1;0;2489;2489;9455;0;26194;0;31;533;17720;0;16;39;0;100
Oner;JUNGLE;T1;BLG;XUN;02.11.2024;FINALS;16;v14.18;Worlds_MainEvent_24;5;5;5;5;Red;00:32:13;Yone;Ashe;Galio;Kaisa;Xin_Zhao;Jarvan_IV;Win;12;7;3;1;16;5;1;4;9;214;183;0;6.6;12306;382;0.197;48;8;19;6;6;1.49;0.25;0.19;0.59;0.181;9636;9040;498;98;299;0.177;0.28;0.75;0;0;1;0;0;373;20;664;1;0;3598;3598;25265;0;20384;0;12;600;31708;20;7;19;150;0
Faker;MID;T1;BLG;Knight;02.11.2024;FINALS;16;v14.18;Worlds_MainEvent_24;5;5;5;5;Red;00:32:13;Kalista;Skarner;Xayah;Ahri;Galio;Ahri;Win;12;7;3;1;18;4;1;6;10;311;3;0;9.7;14409;447;0.231;24;4;10;5;4;0.74;0.12;0.16;0.31;0.091;12537;71;12010;456;389;0.23;0.31;0.833;0;1;0;0;0;-479;2;816;1;0;2636;2636;1331;0;27554;750;16;83;18550;12;6;23;300;0
Gumayusi;ADCARRY;T1;BLG;Elk;02.11.2024;FINALS;16;v14.18;Worlds_MainEvent_24;5;5;5;5;Red;00:32:13;Wukong;Rakan;Poppy;Jarvan_IV;Xayah;Kaisa;Win;12;7;3;1;16;3;1;3;6;374;37;0;11.6;15301;475;0.245;30;11;14;6;4;0.93;0.34;0.19;0.43;0.113;14359;14261;0;98;446;0.264;0.19;0.5;0;0;0;0;0;1373;38;486;0;0;8701;8701;3843;0;5337;0;12;87;10453;50;7;26;0;400
Keria;SUPPORT;T1;BLG;ON;02.11.2024;FINALS;16;v14.18;Worlds_MainEvent_24;5;5;5;5;Red;00:32:13;Kindred;Renata_Glasc;Xin_Zhao;Rell;Poppy;Rell;Win;12;7;3;1;11;0;2;3;1.5;35;4;0;1.1;7573;235;0.121;123;74;12;23;22;3.82;2.3;0.71;0.37;0.464;3399;2500;330;569;106;0.062;0.09;0.25;0;0;0;0;0;492;-12;-243;0;0;4263;4263;467;0;12051;522;10;148;11753;50;26;38;0;0
